course_id,institution_id,course_name,department,duration_years,intake_capacity,fee_per_year,course_status,last_updated
CRS_1,INST_0001,B.Tech Chemical Engineering,CHEM,4,84,32322.00,active,2021-11-01 12:00:00
CRS_10,INST_0006,B.Tech Robotics and Automation,ROB,4,111,240391.00,active,2026-05-21 12:00:00
CRS_100,INST_0036,M.Tech Artificial Intelligence,PG-AI,2,144,129830.00,active,2026-05-30 12:00:00
CRS_1000,INST_0364,B.Tech Chemical Engineering,CHEM,4,174,58297.00,active,2026-05-08 12:00:00
CRS_1001,INST_0364,M.Tech Power Systems,PG-EEE,2,31,81459.00,active,2023-08-18 12:00:00
CRS_1002,INST_0365,M.Tech Computer Science,PG-CSE,2,175,86609.00,active,2026-05-17 12:00:00
CRS_1003,INST_0365,B.Tech Electronics and Communication Engineering,ECE,4,160,198093.00,active,2026-07-28 12:00:00
CRS_1004,INST_0365,MBA Business Analytics,MBA-BA,2,54,130860.00,active,2025-07-12 12:00:00
CRS_1005,INST_0366,Diploma in Computer Engineering,DIP-CSE,3,124,56553.00,active,2025-05-06 12:00:00
CRS_1006,INST_0366,B.Tech Robotics and Automation,ROB,4,71,237447.00,active,2026-04-22 12:00:00
CRS_1007,INST_0366,B.Tech Civil Engineering,CIVIL,4,63,245083.00,active,2026-06-26 12:00:00
CRS_1008,INST_0366,MBA Business Analytics,MBA-BA,2,165,192605.00,closed,2022-05-27 12:00:00
CRS_1009,INST_0368,MBA Business Analytics,MBA-BA,2,170,156751.00,active,2026-07-18 12:00:00
CRS_101,INST_0036,M.Tech Data Science,PG-DS,2,160,82101.00,active,2026-07-30 12:00:00
CRS_1010,INST_0368,B.Tech Aerospace Engineering,AE,4,79,143941.00,active,2026-07-05 12:00:00
CRS_1011,INST_0368,B.Tech Chemical Engineering,CHEM,4,99,143105.00,active,2024-01-11 12:00:00
CRS_1012,INST_0368,MBA,MBA,2,150,225365.00,active,2023-12-02 12:00:00
CRS_1013,INST_0369,B.Tech Biotechnology,BT,4,77,126144.00,active,2026-08-10 12:00:00
CRS_1014,INST_0369,MBA Business Analytics,MBA-BA,2,177,45084.00,active,2022-05-28 12:00:00
CRS_1015,INST_0369,B.Tech Electronics and Communication Engineering,ECE,4,82,209032.00,active,2026-05-23 12:00:00
CRS_1016,INST_0370,B.Pharm,PHARM,4,176,67388.00,active,2026-04-19 12:00:00
CRS_1017,INST_0370,M.Tech Computer Science,PG-CSE,2,93,101954.00,active,2022-12-17 12:00:00
CRS_1018,INST_0370,Diploma in Computer Engineering,DIP-CSE,3,87,188908.00,active,2026-05-17 12:00:00
CRS_1019,INST_0371,MBA,MBA,2,111,44971.00,active,2026-04-19 12:00:00
CRS_102,INST_0036,M.Tech VLSI Design,PG-ECE,2,33,176616.00,active,2026-05-25 12:00:00
CRS_1020,INST_0371,B.Tech Electronics and Communication Engineering,ECE,4,72,41504.00,active,2021-11-03 12:00:00
CRS_1021,INST_0371,B.Tech Information Technology,IT,4,79,140218.00,active,2026-06-01 12:00:00
CRS_1022,INST_0011,B.Tech Cybersecurity and Digital Forensics,CYS,4,149,50359.00,active,2026-07-07 12:00:00
CRS_1023,INST_0255,B.Tech Electronics and Communication Engineering,ECE,4,64,241942.00,active,2021-10-12 12:00:00
CRS_1024,INST_0373,B.Tech Information Technology,IT,4,34,180143.00,active,2024-05-14 12:00:00
CRS_1025,INST_0373,B.Tech Artificial Intelligence and Data Science,AIDS,4,168,132019.00,active,2026-06-18 12:00:00
CRS_1026,INST_0373,B.Tech Computer Science and Engineering,CSE,4,70,185732.00,active,2021-12-13 12:00:00
CRS_1027,INST_0374,B.Arch,ARCH,5,162,47981.00,active,2024-12-28 12:00:00
CRS_1028,INST_0374,B.Tech Chemical Engineering,CHEM,4,122,29518.00,active,2026-06-20 12:00:00
CRS_1029,INST_0375,B.Tech Computer Science and Engineering,CSE,4,39,43725.00,active,2026-04-26 12:00:00
CRS_103,INST_0037,B.Tech Data Science,DS,4,68,233876.00,active,2026-08-07 12:00:00
CRS_1030,INST_0375,B.Tech Artificial Intelligence and Machine Learning,AIML,4,53,158349.00,active,2026-04-27 12:00:00
CRS_1031,INST_0375,B.Tech Automobile Engineering,AUTO,4,70,101107.00,closed,2026-06-07 12:00:00
CRS_1032,INST_0376,Diploma in Artificial Intelligence,DIP-AI,3,70,188061.00,active,2022-07-28 12:00:00
CRS_1033,INST_0376,B.Tech Automobile Engineering,AUTO,4,101,108745.00,active,2026-04-28 12:00:00
CRS_1034,INST_0377,B.Tech Civil Engineering,CIVIL,4,63,193715.00,active,2022-10-23 12:00:00
CRS_1035,INST_0377,B.Tech Electronics and Communication Engineering,ECE,4,40,135466.00,active,2024-01-01 12:00:00
CRS_1036,INST_0377,B.Tech Automobile Engineering,AUTO,4,171,198894.00,active,2023-10-07 12:00:00
CRS_1037,INST_0378,Diploma in Electrical Engineering,DIP-EEE,3,100,29145.00,active,2026-04-18 12:00:00
CRS_1038,INST_0378,M.Tech Computer Science,PG-CSE,2,161,95437.00,closed,2026-07-27 12:00:00
CRS_1039,INST_0378,B.Tech Computer Science and Business Systems,CSBS,4,35,244177.00,active,2026-05-03 12:00:00
CRS_104,INST_0037,Diploma in Mechanical Engineering,DIP-MECH,3,101,176900.00,active,2025-02-26 12:00:00
CRS_1040,INST_0379,B.Tech Mechanical Engineering,MECH,4,78,244933.00,active,2022-03-01 12:00:00
CRS_1041,INST_0379,B.Tech Computer Science and Engineering,CSE,4,144,208861.00,active,2023-11-20 12:00:00
CRS_1042,INST_0379,Diploma in Electrical Engineering,DIP-EEE,3,104,132111.00,active,2026-08-15 12:00:00
CRS_1043,INST_0380,Diploma in Civil Engineering,DIP-CIVIL,3,53,55251.00,active,2026-06-27 12:00:00
CRS_1044,INST_0380,B.Tech Computer Science and Engineering,CSE,4,152,222670.00,active,2023-12-03 12:00:00
CRS_1045,INST_0380,M.Tech Power Systems,PG-EEE,2,61,154691.00,closed,2024-01-03 12:00:00
CRS_1046,INST_0380,B.Tech Internet of Things,IOT,4,47,109762.00,closed,2023-02-27 12:00:00
CRS_1047,INST_0381,B.Tech Internet of Things,IOT,4,44,85793.00,active,2022-12-10 12:00:00
CRS_1048,INST_0381,Diploma in Computer Engineering,DIP-CSE,3,160,245653.00,active,2026-08-03 12:00:00
CRS_1049,INST_0381,Diploma in Mechanical Engineering,DIP-MECH,3,173,52486.00,active,2026-07-23 12:00:00
CRS_105,INST_0038,B.Tech Mechanical Engineering,MECH,4,116,104980.00,active,2025-05-22 12:00:00
CRS_1050,INST_0382,B.Tech Data Science,DS,4,86,218981.00,active,2026-08-13 12:00:00
CRS_1051,INST_0382,B.Tech Electronics and Communication Engineering,ECE,4,88,136101.00,active,2026-05-12 12:00:00
CRS_1052,INST_0382,B.Arch,ARCH,5,126,166233.00,active,2026-04-30 12:00:00
CRS_1053,INST_0382,Diploma in Computer Engineering,DIP-CSE,3,97,113580.00,active,2026-08-12 12:00:00
CRS_1054,INST_0383,B.Tech Computer Science and Business Systems,CSBS,4,101,74976.00,active,2026-05-07 12:00:00
CRS_1055,INST_0383,B.Tech Automobile Engineering,AUTO,4,169,210712.00,closed,2024-06-27 12:00:00
CRS_1056,INST_0383,B.Tech Aerospace Engineering,AE,4,43,102549.00,active,2026-07-05 12:00:00
CRS_1057,INST_0384,B.Tech Automobile Engineering,AUTO,4,93,159347.00,active,2026-07-17 12:00:00
CRS_1058,INST_0384,M.Tech Artificial Intelligence,PG-AI,2,115,137842.00,active,2026-06-17 12:00:00
CRS_1059,INST_0384,B.Tech Data Science,DS,4,139,179961.00,active,2024-10-10 12:00:00
CRS_106,INST_0038,B.Tech Data Science,DS,4,96,70196.00,active,2025-05-05 12:00:00
CRS_1060,INST_0384,MBA Business Analytics,MBA-BA,2,174,103569.00,active,2023-06-29 12:00:00
CRS_1061,INST_0385,M.Tech Computer Science,PG-CSE,2,119,159833.00,active,2021-08-29 12:00:00
CRS_1062,INST_0385,B.Tech Computer Science and Engineering,CSE,4,115,129032.00,active,2024-10-25 12:00:00
CRS_1063,INST_0382,B.Tech Mechanical Engineering,MECH,4,95,44775.00,active,2026-04-18 12:00:00
CRS_1064,INST_0382,B.Pharm,PHARM,4,143,137254.00,active,2026-07-07 12:00:00
CRS_1065,INST_0382,Diploma in Artificial Intelligence,DIP-AI,3,145,171566.00,active,2024-07-10 12:00:00
CRS_1066,INST_0387,MBA,MBA,2,152,147822.00,active,2026-05-09 12:00:00
CRS_1067,INST_0387,B.Arch,ARCH,5,71,234069.00,active,2023-09-27 12:00:00
CRS_1068,INST_0387,B.Tech Civil Engineering,CIVIL,4,54,79188.00,active,2021-10-17 12:00:00
CRS_1069,INST_0388,B.Arch,ARCH,5,180,198954.00,active,2021-07-25 12:00:00
CRS_107,INST_0039,B.Tech Chemical Engineering,CHEM,4,98,202625.00,active,2026-08-04 12:00:00
CRS_1070,INST_0388,B.Tech Aerospace Engineering,AE,4,87,102822.00,active,2021-06-25 12:00:00
CRS_1071,INST_0388,B.Tech Information Technology,IT,4,139,61978.00,active,2026-04-28 12:00:00
CRS_1072,INST_0255,M.Tech Data Science,PG-DS,2,69,111480.00,active,2026-08-13 12:00:00
CRS_1073,INST_0255,MCA,MCA,3,85,216795.00,active,2021-09-23 12:00:00
CRS_1074,INST_0255,B.Tech Cybersecurity and Digital Forensics,CYS,4,46,79261.00,active,2026-06-26 12:00:00
CRS_1075,INST_0255,B.Tech Computer Science and Business Systems,CSBS,4,43,26794.00,active,2021-11-23 12:00:00
CRS_1076,INST_0390,Diploma in Mechanical Engineering,DIP-MECH,3,165,167738.00,active,2026-04-22 12:00:00
CRS_1077,INST_0390,Diploma in Electrical Engineering,DIP-EEE,3,155,82192.00,active,2022-06-01 12:00:00
CRS_1078,INST_0382,B.Tech Internet of Things,IOT,4,144,232247.00,active,2026-06-18 12:00:00
CRS_1079,INST_0382,B.Tech Computer Science and Engineering,CSE,4,122,64515.00,closed,2026-06-07 12:00:00
CRS_108,INST_0039,Diploma in Civil Engineering,DIP-CIVIL,3,65,35505.00,active,2025-06-20 12:00:00
CRS_1080,INST_0382,B.Tech Electronics and Communication Engineering,ECE,4,139,185103.00,active,2024-04-04 12:00:00
CRS_1081,INST_0392,Diploma in Civil Engineering,DIP-CIVIL,3,175,140132.00,active,2026-08-15 12:00:00
CRS_1082,INST_0392,B.Tech Automobile Engineering,AUTO,4,137,172179.00,active,2024-02-26 12:00:00
CRS_1083,INST_0392,B.Tech Internet of Things,IOT,4,179,191216.00,active,2021-08-11 12:00:00
CRS_1084,INST_0392,B.Tech Electronics and Communication Engineering,ECE,4,44,46143.00,active,2024-07-15 12:00:00
CRS_1085,INST_0394,B.Tech Chemical Engineering,CHEM,4,176,104102.00,active,2026-06-10 12:00:00
CRS_1086,INST_0394,M.Tech Artificial Intelligence,PG-AI,2,109,181498.00,active,2023-06-25 12:00:00
CRS_1087,INST_0395,B.Tech Aerospace Engineering,AE,4,106,106011.00,active,2026-08-15 12:00:00
CRS_1088,INST_0395,B.Tech Robotics and Automation,ROB,4,150,247480.00,active,2026-07-14 12:00:00
CRS_1089,INST_0396,B.Tech Computer Science and Engineering,CSE,4,86,189450.00,active,2022-09-17 12:00:00
CRS_109,INST_0039,M.Tech Computer Science,PG-CSE,2,146,64091.00,active,2026-04-24 12:00:00
CRS_1090,INST_0396,B.Tech Internet of Things,IOT,4,79,33836.00,active,2022-03-05 12:00:00
CRS_1091,INST_0397,B.Tech Cybersecurity and Digital Forensics,CYS,4,42,244868.00,active,2022-08-17 12:00:00
CRS_1092,INST_0397,B.Tech Aerospace Engineering,AE,4,92,171878.00,active,2026-05-18 12:00:00
CRS_1093,INST_0399,B.Tech Computer Science and Business Systems,CSBS,4,163,121158.00,active,2021-07-08 12:00:00
CRS_1094,INST_0399,B.Tech Computer Science and Engineering,CSE,4,118,76147.00,active,2023-07-08 12:00:00
CRS_1095,INST_0399,M.Tech Computer Science,PG-CSE,2,57,115471.00,active,2026-05-29 12:00:00
CRS_1096,INST_0399,B.Tech Aerospace Engineering,AE,4,60,158804.00,active,2023-03-14 12:00:00
CRS_1097,INST_0400,B.Tech Civil Engineering,CIVIL,4,137,82830.00,active,2023-10-04 12:00:00
CRS_1098,INST_0400,B.Tech Robotics and Automation,ROB,4,169,104644.00,active,2026-07-27 12:00:00
CRS_1099,INST_0255,M.Tech Power Systems,PG-EEE,2,57,217296.00,active,2021-12-15 12:00:00
CRS_11,INST_0006,B.Tech Internet of Things,IOT,4,132,208081.00,active,2026-07-31 12:00:00
CRS_110,INST_0039,B.Tech Data Science,DS,4,125,46398.00,active,2025-06-25 12:00:00
CRS_1100,INST_0255,B.Tech Electronics and Communication Engineering,ECE,4,159,109048.00,closed,2023-06-25 12:00:00
CRS_1101,INST_0255,B.Arch,ARCH,5,99,228155.00,active,2026-04-20 12:00:00
CRS_1102,INST_0403,Diploma in Electrical Engineering,DIP-EEE,3,122,29366.00,active,2025-04-25 12:00:00
CRS_1103,INST_0403,B.Tech Chemical Engineering,CHEM,4,105,132247.00,active,2023-09-26 12:00:00
CRS_1104,INST_0403,MBA Business Analytics,MBA-BA,2,32,79208.00,active,2026-08-11 12:00:00
CRS_1105,INST_0404,B.Tech Artificial Intelligence and Data Science,AIDS,4,71,151752.00,active,2021-10-04 12:00:00
CRS_1106,INST_0404,B.Tech Electronics and Communication Engineering,ECE,4,54,106977.00,active,2022-12-01 12:00:00
CRS_1107,INST_0404,M.Tech VLSI Design,PG-ECE,2,167,157297.00,active,2026-05-02 12:00:00
CRS_1108,INST_0404,B.Tech Computer Science and Business Systems,CSBS,4,33,233220.00,closed,2023-05-19 12:00:00
CRS_1109,INST_0255,Diploma in Artificial Intelligence,DIP-AI,3,118,244924.00,active,2026-07-06 12:00:00
CRS_111,INST_0040,B.Tech Civil Engineering,CIVIL,4,69,234649.00,active,2026-05-10 12:00:00
CRS_1110,INST_0255,B.Tech Civil Engineering,CIVIL,4,119,105454.00,active,2021-09-14 12:00:00
CRS_1111,INST_0255,B.Tech Artificial Intelligence and Data Science,AIDS,4,105,80405.00,active,2021-09-03 12:00:00
CRS_1112,INST_0255,B.Tech Chemical Engineering,CHEM,4,63,64398.00,active,2026-07-27 12:00:00
CRS_1113,INST_0406,B.Tech Electronics and Communication Engineering,ECE,4,37,48122.00,active,2023-06-09 12:00:00
CRS_1114,INST_0406,Diploma in Computer Engineering,DIP-CSE,3,167,113461.00,active,2026-08-04 12:00:00
CRS_1115,INST_0382,B.Tech Cybersecurity and Digital Forensics,CYS,4,66,132414.00,active,2026-08-02 12:00:00
CRS_1116,INST_0382,B.Tech Artificial Intelligence and Machine Learning,AIML,4,177,65381.00,active,2026-08-03 12:00:00
CRS_1117,INST_0382,B.Tech Mechanical Engineering,MECH,4,160,210139.00,active,2026-08-07 12:00:00
CRS_1118,INST_0011,B.Tech Biotechnology,BT,4,98,77653.00,active,2026-05-18 12:00:00
CRS_1119,INST_0255,B.Pharm,PHARM,4,98,243021.00,active,2023-04-07 12:00:00
CRS_112,INST_0040,B.Tech Internet of Things,IOT,4,89,53426.00,active,2026-05-01 12:00:00
CRS_1120,INST_0409,Diploma in Computer Engineering,DIP-CSE,3,171,151533.00,active,2026-05-01 12:00:00
CRS_1121,INST_0409,MBA Business Analytics,MBA-BA,2,108,71964.00,active,2024-03-25 12:00:00
CRS_1122,INST_0410,B.Arch,ARCH,5,88,178588.00,active,2026-07-17 12:00:00
CRS_1123,INST_0410,B.Tech Electrical and Electronics Engineering,EEE,4,42,33368.00,active,2026-06-06 12:00:00
CRS_1124,INST_0411,B.Tech Biotechnology,BT,4,157,60928.00,active,2026-07-09 12:00:00
CRS_1125,INST_0411,B.Tech Cybersecurity and Digital Forensics,CYS,4,30,225391.00,active,2025-03-06 12:00:00
CRS_1126,INST_0412,B.Tech Chemical Engineering,CHEM,4,103,179260.00,active,2022-09-24 12:00:00
CRS_1127,INST_0412,M.Tech Power Systems,PG-EEE,2,84,216179.00,active,2023-09-15 12:00:00
CRS_1128,INST_0412,Diploma in Artificial Intelligence,DIP-AI,3,87,35231.00,active,2026-06-19 12:00:00
CRS_1129,INST_0412,MBA,MBA,2,76,70304.00,closed,2026-07-19 12:00:00
CRS_113,INST_0040,Diploma in Computer Engineering,DIP-CSE,3,144,237850.00,closed,2026-05-28 12:00:00
CRS_1130,INST_0255,B.Tech Information Technology,IT,4,99,217771.00,active,2023-05-11 12:00:00
CRS_1131,INST_0255,Diploma in Civil Engineering,DIP-CIVIL,3,121,33220.00,active,2022-04-22 12:00:00
CRS_1132,INST_0255,B.Tech Aerospace Engineering,AE,4,40,241871.00,active,2023-08-25 12:00:00
CRS_1133,INST_0255,Diploma in Artificial Intelligence,DIP-AI,3,78,232603.00,active,2021-11-01 12:00:00
CRS_1134,INST_0415,B.Tech Biotechnology,BT,4,58,43785.00,active,2024-07-16 12:00:00
CRS_1135,INST_0415,B.Tech Automobile Engineering,AUTO,4,157,214205.00,closed,2026-07-20 12:00:00
CRS_1136,INST_0415,B.Tech Computer Science and Engineering,CSE,4,108,71179.00,active,2026-08-05 12:00:00
CRS_1137,INST_0416,B.Tech Artificial Intelligence and Machine Learning,AIML,4,134,35246.00,closed,2023-01-10 12:00:00
CRS_1138,INST_0416,M.Tech Power Systems,PG-EEE,2,37,33086.00,active,2026-08-03 12:00:00
CRS_1139,INST_0255,B.Tech Aerospace Engineering,AE,4,40,29798.00,active,2022-01-05 12:00:00
CRS_114,INST_0040,B.Tech Cybersecurity and Digital Forensics,CYS,4,36,224313.00,active,2026-08-05 12:00:00
CRS_1140,INST_0255,M.Tech Data Science,PG-DS,2,94,74235.00,active,2026-05-10 12:00:00
CRS_1141,INST_0340,B.Tech Artificial Intelligence and Data Science,AIDS,4,64,96590.00,active,2026-06-06 12:00:00
CRS_1142,INST_0418,B.Pharm,PHARM,4,109,83367.00,active,2023-08-16 12:00:00
CRS_1143,INST_0418,B.Tech Data Science,DS,4,173,225085.00,active,2021-08-19 12:00:00
CRS_1144,INST_0418,Diploma in Computer Engineering,DIP-CSE,3,106,157673.00,active,2025-06-20 12:00:00
CRS_1145,INST_0382,B.Tech Mechanical Engineering,MECH,4,65,85766.00,active,2023-03-31 12:00:00
CRS_1146,INST_0382,B.Tech Information Technology,IT,4,159,143720.00,active,2023-01-29 12:00:00
CRS_1147,INST_0382,B.Tech Electronics and Communication Engineering,ECE,4,103,171557.00,active,2022-07-21 12:00:00
CRS_1148,INST_0420,B.Tech Computer Science and Engineering,CSE,4,147,161845.00,active,2026-06-29 12:00:00
CRS_1149,INST_0420,B.Tech Artificial Intelligence and Machine Learning,AIML,4,144,27883.00,active,2026-06-16 12:00:00
CRS_115,INST_0041,B.Tech Computer Science and Business Systems,CSBS,4,34,92057.00,active,2024-07-21 12:00:00
CRS_1150,INST_0420,B.Tech Civil Engineering,CIVIL,4,156,102716.00,active,2026-04-30 12:00:00
CRS_1151,INST_0421,Diploma in Computer Engineering,DIP-CSE,3,154,42916.00,active,2022-08-01 12:00:00
CRS_1152,INST_0421,B.Arch,ARCH,5,177,115557.00,active,2024-01-08 12:00:00
CRS_1153,INST_0421,M.Tech Power Systems,PG-EEE,2,176,43847.00,active,2023-07-10 12:00:00
CRS_1154,INST_0422,MCA,MCA,3,63,36696.00,active,2023-03-10 12:00:00
CRS_1155,INST_0422,B.Tech Automobile Engineering,AUTO,4,106,137007.00,active,2025-01-12 12:00:00
CRS_1156,INST_0422,B.Tech Artificial Intelligence and Data Science,AIDS,4,96,106624.00,active,2026-04-30 12:00:00
CRS_1157,INST_0422,B.Tech Internet of Things,IOT,4,75,135319.00,active,2024-04-25 12:00:00
CRS_1158,INST_0423,MBA,MBA,2,163,77519.00,active,2024-11-12 12:00:00
CRS_1159,INST_0423,B.Tech Civil Engineering,CIVIL,4,62,203937.00,active,2023-01-05 12:00:00
CRS_116,INST_0041,B.Tech Electrical and Electronics Engineering,EEE,4,85,57872.00,active,2026-07-28 12:00:00
CRS_1160,INST_0423,B.Tech Cybersecurity and Digital Forensics,CYS,4,147,229226.00,active,2026-06-20 12:00:00
CRS_1161,INST_0255,B.Tech Electronics and Communication Engineering,ECE,4,72,27157.00,active,2026-05-19 12:00:00
CRS_1162,INST_0255,M.Tech VLSI Design,PG-ECE,2,118,243094.00,active,2026-05-19 12:00:00
CRS_1163,INST_0255,B.Arch,ARCH,5,47,118580.00,active,2026-05-01 12:00:00
CRS_1164,INST_0255,Diploma in Civil Engineering,DIP-CIVIL,3,102,63083.00,active,2026-08-10 12:00:00
CRS_1165,INST_0425,B.Tech Civil Engineering,CIVIL,4,47,31544.00,active,2026-06-06 12:00:00
CRS_1166,INST_0425,Diploma in Electrical Engineering,DIP-EEE,3,172,200633.00,active,2024-08-31 12:00:00
CRS_1167,INST_0425,B.Pharm,PHARM,4,110,160151.00,active,2021-12-01 12:00:00
CRS_1168,INST_0426,MBA,MBA,2,113,177932.00,active,2026-07-07 12:00:00
CRS_1169,INST_0426,B.Tech Civil Engineering,CIVIL,4,113,42604.00,active,2026-06-01 12:00:00
CRS_117,INST_0042,Diploma in Computer Engineering,DIP-CSE,3,166,208459.00,active,2026-08-16 12:00:00
CRS_1170,INST_0426,B.Tech Mechanical Engineering,MECH,4,67,34186.00,active,2026-07-28 12:00:00
CRS_1171,INST_0426,B.Arch,ARCH,5,106,244630.00,active,2025-01-08 12:00:00
CRS_1172,INST_0427,B.Tech Internet of Things,IOT,4,96,77965.00,active,2026-06-25 12:00:00
CRS_1173,INST_0427,B.Tech Biotechnology,BT,4,119,85130.00,active,2026-05-30 12:00:00
CRS_1174,INST_0428,B.Tech Robotics and Automation,ROB,4,45,56782.00,active,2023-06-20 12:00:00
CRS_1175,INST_0428,B.Tech Internet of Things,IOT,4,147,149366.00,active,2026-07-04 12:00:00
CRS_1176,INST_0225,MBA,MBA,2,117,121221.00,active,2026-05-08 12:00:00
CRS_1177,INST_0429,B.Tech Civil Engineering,CIVIL,4,64,159241.00,active,2026-04-22 12:00:00
CRS_1178,INST_0429,M.Tech Data Science,PG-DS,2,120,84354.00,active,2026-05-04 12:00:00
CRS_1179,INST_0429,Diploma in Artificial Intelligence,DIP-AI,3,73,26420.00,active,2026-06-11 12:00:00
CRS_118,INST_0042,B.Tech Artificial Intelligence and Machine Learning,AIML,4,62,115653.00,active,2026-06-17 12:00:00
CRS_1180,INST_0430,B.Tech Civil Engineering,CIVIL,4,133,132386.00,active,2022-12-07 12:00:00
CRS_1181,INST_0430,B.Tech Electrical and Electronics Engineering,EEE,4,134,196151.00,active,2026-08-06 12:00:00
CRS_1182,INST_0430,B.Tech Aerospace Engineering,AE,4,99,157273.00,active,2026-06-04 12:00:00
CRS_1183,INST_0431,MBA Business Analytics,MBA-BA,2,67,147065.00,active,2026-06-25 12:00:00
CRS_1184,INST_0431,B.Pharm,PHARM,4,98,196141.00,active,2026-05-30 12:00:00
CRS_1185,INST_0432,M.Tech VLSI Design,PG-ECE,2,53,228539.00,active,2026-05-15 12:00:00
CRS_1186,INST_0432,B.Tech Automobile Engineering,AUTO,4,77,145951.00,active,2022-01-25 12:00:00
CRS_1187,INST_0432,MBA Business Analytics,MBA-BA,2,130,191083.00,active,2024-09-21 12:00:00
CRS_1188,INST_0382,Diploma in Artificial Intelligence,DIP-AI,3,92,89707.00,active,2026-07-16 12:00:00
CRS_1189,INST_0382,MBA,MBA,2,117,56401.00,active,2022-12-11 12:00:00
CRS_119,INST_0042,B.Tech Data Science,DS,4,62,38142.00,active,2026-07-25 12:00:00
CRS_1190,INST_0435,B.Tech Cybersecurity and Digital Forensics,CYS,4,52,209348.00,active,2022-07-06 12:00:00
CRS_1191,INST_0435,B.Tech Automobile Engineering,AUTO,4,156,79917.00,active,2026-05-07 12:00:00
CRS_1192,INST_0382,B.Tech Computer Science and Business Systems,CSBS,4,36,70406.00,active,2022-03-13 12:00:00
CRS_1193,INST_0382,Diploma in Electrical Engineering,DIP-EEE,3,157,163218.00,active,2026-06-27 12:00:00
CRS_1194,INST_0382,B.Tech Data Science,DS,4,42,200886.00,active,2026-04-26 12:00:00
CRS_1195,INST_0437,M.Tech VLSI Design,PG-ECE,2,162,58513.00,active,2021-12-10 12:00:00
CRS_1196,INST_0437,B.Tech Robotics and Automation,ROB,4,161,45479.00,active,2026-05-23 12:00:00
CRS_1197,INST_0438,Diploma in Electrical Engineering,DIP-EEE,3,162,45094.00,active,2024-12-28 12:00:00
CRS_1198,INST_0438,B.Tech Computer Science and Engineering,CSE,4,177,207143.00,active,2026-07-12 12:00:00
CRS_1199,INST_0382,B.Tech Artificial Intelligence and Data Science,AIDS,4,62,113626.00,active,2026-04-18 12:00:00
CRS_12,INST_0006,B.Tech Computer Science and Business Systems,CSBS,4,128,210017.00,active,2025-06-09 12:00:00
CRS_120,INST_0042,B.Tech Aerospace Engineering,AE,4,132,72544.00,closed,2026-07-31 12:00:00
CRS_1200,INST_0382,M.Tech Data Science,PG-DS,2,103,237359.00,active,2026-05-06 12:00:00
CRS_1201,INST_0382,M.Tech Power Systems,PG-EEE,2,102,145683.00,active,2026-07-08 12:00:00
CRS_1202,INST_0382,MBA,MBA,2,92,158646.00,closed,2026-06-18 12:00:00
CRS_1203,INST_0255,B.Tech Information Technology,IT,4,87,101926.00,active,2026-07-31 12:00:00
CRS_1204,INST_0255,B.Tech Chemical Engineering,CHEM,4,124,153385.00,closed,2026-06-13 12:00:00
CRS_1205,INST_0441,B.Tech Civil Engineering,CIVIL,4,127,213892.00,active,2026-06-22 12:00:00
CRS_1206,INST_0441,MCA,MCA,3,52,77407.00,active,2022-09-05 12:00:00
CRS_1207,INST_0441,M.Tech Computer Science,PG-CSE,2,170,47573.00,active,2024-08-18 12:00:00
CRS_1208,INST_0442,B.Tech Electronics and Communication Engineering,ECE,4,34,48608.00,active,2026-06-27 12:00:00
CRS_1209,INST_0442,M.Tech Artificial Intelligence,PG-AI,2,149,75088.00,active,2022-07-12 12:00:00
CRS_121,INST_0043,M.Tech Computer Science,PG-CSE,2,144,186453.00,active,2026-06-12 12:00:00
CRS_1210,INST_0442,B.Tech Information Technology,IT,4,96,181829.00,active,2026-06-21 12:00:00
CRS_1211,INST_0443,B.Tech Aerospace Engineering,AE,4,145,114827.00,active,2022-01-06 12:00:00
CRS_1212,INST_0443,Diploma in Mechanical Engineering,DIP-MECH,3,152,200068.00,active,2026-05-09 12:00:00
CRS_1213,INST_0443,M.Tech Computer Science,PG-CSE,2,179,227760.00,active,2022-01-03 12:00:00
CRS_1214,INST_0444,M.Tech Power Systems,PG-EEE,2,69,103375.00,active,2026-05-23 12:00:00
CRS_1215,INST_0444,B.Tech Automobile Engineering,AUTO,4,33,106292.00,active,2025-02-15 12:00:00
CRS_1216,INST_0445,Diploma in Computer Engineering,DIP-CSE,3,168,236612.00,active,2025-05-15 12:00:00
CRS_1217,INST_0445,MCA,MCA,3,152,47812.00,active,2026-07-07 12:00:00
CRS_1218,INST_0445,B.Tech Mechanical Engineering,MECH,4,61,44372.00,active,2026-04-28 12:00:00
CRS_1219,INST_0445,Diploma in Artificial Intelligence,DIP-AI,3,31,56217.00,active,2024-04-01 12:00:00
CRS_122,INST_0043,M.Tech Artificial Intelligence,PG-AI,2,87,90617.00,active,2026-07-29 12:00:00
CRS_1220,INST_0011,B.Tech Electronics and Communication Engineering,ECE,4,139,227646.00,active,2026-07-02 12:00:00
CRS_1221,INST_0255,B.Tech Data Science,DS,4,91,164399.00,active,2026-05-13 12:00:00
CRS_1222,INST_0255,Diploma in Civil Engineering,DIP-CIVIL,3,40,134430.00,active,2022-12-11 12:00:00
CRS_1223,INST_0255,Diploma in Computer Engineering,DIP-CSE,3,84,142289.00,active,2026-04-24 12:00:00
CRS_1224,INST_0447,B.Tech Automobile Engineering,AUTO,4,152,102846.00,active,2022-06-20 12:00:00
CRS_1225,INST_0447,M.Tech Artificial Intelligence,PG-AI,2,100,226231.00,active,2023-03-06 12:00:00
CRS_1226,INST_0447,B.Tech Cybersecurity and Digital Forensics,CYS,4,30,83548.00,active,2026-07-02 12:00:00
CRS_1227,INST_0448,Diploma in Civil Engineering,DIP-CIVIL,3,49,170798.00,active,2023-11-28 12:00:00
CRS_1228,INST_0448,B.Tech Robotics and Automation,ROB,4,76,104503.00,active,2023-08-30 12:00:00
CRS_1229,INST_0448,B.Tech Biotechnology,BT,4,135,216794.00,active,2026-07-01 12:00:00
CRS_123,INST_0044,B.Tech Artificial Intelligence and Machine Learning,AIML,4,174,48073.00,active,2023-11-23 12:00:00
CRS_1230,INST_0448,B.Tech Computer Science and Business Systems,CSBS,4,137,46165.00,active,2024-03-17 12:00:00
CRS_1231,INST_0449,M.Tech Power Systems,PG-EEE,2,119,53745.00,active,2023-12-10 12:00:00
CRS_1232,INST_0449,B.Tech Civil Engineering,CIVIL,4,164,214700.00,active,2026-06-29 12:00:00
CRS_1233,INST_0449,M.Tech VLSI Design,PG-ECE,2,149,39115.00,active,2021-06-22 12:00:00
CRS_1234,INST_0255,M.Tech Computer Science,PG-CSE,2,127,90464.00,active,2026-06-19 12:00:00
CRS_1235,INST_0255,B.Tech Aerospace Engineering,AE,4,159,132760.00,closed,2026-06-22 12:00:00
CRS_1236,INST_0255,B.Tech Computer Science and Business Systems,CSBS,4,130,44657.00,active,2026-06-24 12:00:00
CRS_1237,INST_0451,B.Tech Artificial Intelligence and Machine Learning,AIML,4,156,54026.00,active,2026-06-18 12:00:00
CRS_1238,INST_0451,B.Tech Computer Science and Engineering,CSE,4,125,248364.00,active,2026-06-21 12:00:00
CRS_1239,INST_0452,B.Tech Automobile Engineering,AUTO,4,137,143691.00,active,2026-04-23 12:00:00
CRS_124,INST_0044,B.Arch,ARCH,5,48,233800.00,active,2026-07-24 12:00:00
CRS_1240,INST_0452,B.Tech Mechanical Engineering,MECH,4,164,174768.00,active,2026-08-13 12:00:00
CRS_1241,INST_0452,B.Tech Computer Science and Engineering,CSE,4,112,138150.00,active,2026-04-27 12:00:00
CRS_1242,INST_0452,M.Tech Power Systems,PG-EEE,2,45,229947.00,closed,2025-04-16 12:00:00
CRS_1243,INST_0453,B.Tech Computer Science and Engineering,CSE,4,130,141391.00,active,2026-06-30 12:00:00
CRS_1244,INST_0453,B.Tech Computer Science and Business Systems,CSBS,4,180,42139.00,active,2026-06-22 12:00:00
CRS_1245,INST_0453,B.Tech Aerospace Engineering,AE,4,144,202766.00,active,2026-05-04 12:00:00
CRS_1246,INST_0453,M.Tech Data Science,PG-DS,2,40,127227.00,active,2026-08-05 12:00:00
CRS_1247,INST_0454,Diploma in Computer Engineering,DIP-CSE,3,53,112100.00,active,2023-02-15 12:00:00
CRS_1248,INST_0454,B.Tech Artificial Intelligence and Data Science,AIDS,4,67,188770.00,active,2023-06-12 12:00:00
CRS_1249,INST_0455,B.Tech Artificial Intelligence and Data Science,AIDS,4,106,196269.00,active,2026-04-18 12:00:00
CRS_125,INST_0044,M.Tech Data Science,PG-DS,2,97,247881.00,active,2022-02-18 12:00:00
CRS_1250,INST_0455,B.Tech Biotechnology,BT,4,151,163620.00,active,2026-04-20 12:00:00
CRS_1251,INST_0455,B.Tech Civil Engineering,CIVIL,4,156,118638.00,active,2026-05-14 12:00:00
CRS_1252,INST_0455,B.Arch,ARCH,5,155,149879.00,active,2021-09-22 12:00:00
CRS_1253,INST_0456,B.Arch,ARCH,5,153,58738.00,active,2026-05-02 12:00:00
CRS_1254,INST_0456,B.Tech Computer Science and Engineering,CSE,4,38,47101.00,active,2022-01-21 12:00:00
CRS_1255,INST_0457,Diploma in Electrical Engineering,DIP-EEE,3,113,209836.00,active,2023-01-18 12:00:00
CRS_1256,INST_0457,Diploma in Computer Engineering,DIP-CSE,3,163,244783.00,active,2026-07-17 12:00:00
CRS_1257,INST_0457,MCA,MCA,3,141,83660.00,active,2022-08-17 12:00:00
CRS_1258,INST_0382,B.Tech Artificial Intelligence and Machine Learning,AIML,4,176,210420.00,active,2025-01-22 12:00:00
CRS_1259,INST_0382,B.Arch,ARCH,5,111,121267.00,active,2026-04-24 12:00:00
CRS_126,INST_0044,B.Pharm,PHARM,4,46,49780.00,active,2021-11-08 12:00:00
CRS_1260,INST_0382,M.Tech Data Science,PG-DS,2,60,216167.00,closed,2026-07-23 12:00:00
CRS_1261,INST_0367,B.Tech Computer Science and Engineering,CSE,4,155,184290.00,active,2026-06-29 12:00:00
CRS_1262,INST_0367,Diploma in Computer Engineering,DIP-CSE,3,179,142177.00,active,2026-08-02 12:00:00
CRS_1263,INST_0367,B.Tech Chemical Engineering,CHEM,4,168,84126.00,active,2023-09-03 12:00:00
CRS_1264,INST_0367,M.Tech Artificial Intelligence,PG-AI,2,69,126382.00,active,2026-08-03 12:00:00
CRS_1265,INST_0460,M.Tech Data Science,PG-DS,2,120,212853.00,active,2026-08-07 12:00:00
CRS_1266,INST_0460,MBA,MBA,2,152,26556.00,active,2026-06-06 12:00:00
CRS_1267,INST_0460,B.Tech Automobile Engineering,AUTO,4,61,83552.00,active,2025-05-10 12:00:00
CRS_1268,INST_0255,MBA Business Analytics,MBA-BA,2,107,203329.00,active,2026-04-21 12:00:00
CRS_1269,INST_0255,B.Tech Data Science,DS,4,45,109916.00,active,2026-06-25 12:00:00
CRS_127,INST_0045,B.Tech Aerospace Engineering,AE,4,50,133072.00,active,2023-06-16 12:00:00
CRS_1270,INST_0255,M.Tech Data Science,PG-DS,2,59,249520.00,active,2026-06-29 12:00:00
CRS_1271,INST_0255,M.Tech Computer Science,PG-CSE,2,154,126532.00,active,2026-06-22 12:00:00
CRS_1272,INST_0382,MBA,MBA,2,63,132476.00,active,2026-06-07 12:00:00
CRS_1273,INST_0382,Diploma in Artificial Intelligence,DIP-AI,3,60,104490.00,active,2023-07-07 12:00:00
CRS_1274,INST_0382,Diploma in Civil Engineering,DIP-CIVIL,3,149,239594.00,active,2026-05-20 12:00:00
CRS_1275,INST_0465,B.Tech Data Science,DS,4,100,98839.00,active,2026-06-08 12:00:00
CRS_1276,INST_0465,B.Tech Computer Science and Business Systems,CSBS,4,141,140673.00,active,2026-05-27 12:00:00
CRS_1277,INST_0255,B.Tech Biotechnology,BT,4,134,154392.00,active,2022-03-25 12:00:00
CRS_1278,INST_0382,Diploma in Civil Engineering,DIP-CIVIL,3,52,35858.00,active,2026-08-07 12:00:00
CRS_1279,INST_0382,B.Tech Aerospace Engineering,AE,4,179,248467.00,active,2026-06-16 12:00:00
CRS_128,INST_0045,MBA Business Analytics,MBA-BA,2,133,132641.00,active,2026-08-06 12:00:00
CRS_1280,INST_0467,Diploma in Civil Engineering,DIP-CIVIL,3,146,154505.00,active,2026-04-21 12:00:00
CRS_1281,INST_0467,B.Tech Biotechnology,BT,4,85,181441.00,closed,2026-05-22 12:00:00
CRS_1282,INST_0467,Diploma in Artificial Intelligence,DIP-AI,3,132,120776.00,active,2021-08-31 12:00:00
CRS_1283,INST_0468,B.Tech Aerospace Engineering,AE,4,113,97295.00,active,2026-05-23 12:00:00
CRS_1284,INST_0468,M.Tech VLSI Design,PG-ECE,2,80,126459.00,active,2026-05-24 12:00:00
CRS_1285,INST_0469,MBA Business Analytics,MBA-BA,2,31,63510.00,active,2026-07-16 12:00:00
CRS_1286,INST_0469,B.Tech Automobile Engineering,AUTO,4,61,129976.00,active,2025-04-23 12:00:00
CRS_1287,INST_0469,B.Tech Information Technology,IT,4,141,92372.00,active,2022-11-13 12:00:00
CRS_1288,INST_0469,M.Tech Power Systems,PG-EEE,2,166,157425.00,active,2022-01-17 12:00:00
CRS_1289,INST_0470,B.Pharm,PHARM,4,168,239464.00,active,2021-08-04 12:00:00
CRS_129,INST_0045,B.Tech Data Science,DS,4,55,158850.00,active,2026-05-06 12:00:00
CRS_1290,INST_0470,B.Tech Chemical Engineering,CHEM,4,142,223500.00,active,2026-06-14 12:00:00
CRS_1291,INST_0470,M.Tech Computer Science,PG-CSE,2,58,122903.00,active,2022-02-24 12:00:00
CRS_1292,INST_0470,B.Tech Information Technology,IT,4,81,83787.00,active,2024-01-20 12:00:00
CRS_1293,INST_0471,Diploma in Civil Engineering,DIP-CIVIL,3,175,38767.00,active,2024-12-24 12:00:00
CRS_1294,INST_0471,Diploma in Artificial Intelligence,DIP-AI,3,118,211147.00,active,2026-07-18 12:00:00
CRS_1295,INST_0471,B.Tech Computer Science and Business Systems,CSBS,4,104,180550.00,active,2026-04-27 12:00:00
CRS_1296,INST_0472,B.Tech Artificial Intelligence and Data Science,AIDS,4,160,150833.00,active,2025-05-24 12:00:00
CRS_1297,INST_0472,Diploma in Mechanical Engineering,DIP-MECH,3,116,95158.00,active,2023-12-14 12:00:00
CRS_1298,INST_0472,B.Tech Biotechnology,BT,4,95,162390.00,active,2026-07-07 12:00:00
CRS_1299,INST_0382,Diploma in Electrical Engineering,DIP-EEE,3,173,235978.00,active,2026-07-06 12:00:00
CRS_13,INST_0007,M.Tech Data Science,PG-DS,2,127,200195.00,active,2023-10-15 12:00:00
CRS_130,INST_0045,B.Tech Computer Science and Business Systems,CSBS,4,68,149625.00,closed,2026-08-01 12:00:00
CRS_1300,INST_0382,B.Arch,ARCH,5,163,70114.00,active,2026-06-24 12:00:00
CRS_1301,INST_0382,MBA Business Analytics,MBA-BA,2,150,150893.00,active,2026-06-05 12:00:00
CRS_1302,INST_0382,B.Tech Aerospace Engineering,AE,4,84,138175.00,closed,2024-12-31 12:00:00
CRS_1303,INST_0474,Diploma in Mechanical Engineering,DIP-MECH,3,61,64608.00,active,2026-07-18 12:00:00
CRS_1304,INST_0474,Diploma in Electrical Engineering,DIP-EEE,3,84,64971.00,active,2026-05-04 12:00:00
CRS_1305,INST_0474,B.Tech Robotics and Automation,ROB,4,176,130520.00,active,2026-07-22 12:00:00
CRS_1306,INST_0255,Diploma in Civil Engineering,DIP-CIVIL,3,67,176640.00,active,2026-05-06 12:00:00
CRS_1307,INST_0255,Diploma in Computer Engineering,DIP-CSE,3,81,240215.00,active,2026-06-15 12:00:00
CRS_1308,INST_0255,B.Tech Civil Engineering,CIVIL,4,65,104278.00,active,2026-04-20 12:00:00
CRS_1309,INST_0476,M.Tech Computer Science,PG-CSE,2,153,100045.00,active,2026-06-02 12:00:00
CRS_131,INST_0046,M.Tech Computer Science,PG-CSE,2,165,234496.00,active,2026-04-24 12:00:00
CRS_1310,INST_0476,Diploma in Electrical Engineering,DIP-EEE,3,72,209934.00,active,2026-06-29 12:00:00
CRS_1311,INST_0382,MBA,MBA,2,180,242041.00,closed,2026-07-24 12:00:00
CRS_1312,INST_0382,B.Tech Automobile Engineering,AUTO,4,30,55423.00,active,2023-06-30 12:00:00
CRS_1313,INST_0478,MBA,MBA,2,156,173029.00,active,2023-10-25 12:00:00
CRS_1314,INST_0478,B.Tech Internet of Things,IOT,4,67,198325.00,active,2022-03-24 12:00:00
CRS_1315,INST_0479,Diploma in Mechanical Engineering,DIP-MECH,3,81,100828.00,active,2026-06-28 12:00:00
CRS_1316,INST_0479,M.Tech VLSI Design,PG-ECE,2,169,211556.00,active,2026-07-21 12:00:00
CRS_1317,INST_0479,B.Tech Biotechnology,BT,4,163,196001.00,active,2026-08-08 12:00:00
CRS_1318,INST_0382,B.Tech Civil Engineering,CIVIL,4,138,166890.00,active,2026-08-07 12:00:00
CRS_1319,INST_0382,B.Tech Electronics and Communication Engineering,ECE,4,85,174494.00,active,2026-05-13 12:00:00
CRS_132,INST_0046,B.Tech Cybersecurity and Digital Forensics,CYS,4,131,160117.00,active,2024-04-29 12:00:00
CRS_1320,INST_0481,B.Tech Biotechnology,BT,4,128,178011.00,active,2022-02-23 12:00:00
CRS_1321,INST_0481,B.Tech Automobile Engineering,AUTO,4,54,120599.00,active,2026-05-05 12:00:00
CRS_1322,INST_0481,M.Tech Artificial Intelligence,PG-AI,2,173,169289.00,active,2026-05-30 12:00:00
CRS_1323,INST_0483,B.Tech Robotics and Automation,ROB,4,86,128100.00,active,2026-07-09 12:00:00
CRS_1324,INST_0483,B.Tech Data Science,DS,4,159,173851.00,active,2026-05-28 12:00:00
CRS_1325,INST_0484,B.Tech Electrical and Electronics Engineering,EEE,4,80,204926.00,active,2022-09-06 12:00:00
CRS_1326,INST_0484,B.Tech Automobile Engineering,AUTO,4,78,189652.00,closed,2026-07-09 12:00:00
CRS_1327,INST_0484,B.Pharm,PHARM,4,123,56450.00,closed,2024-02-18 12:00:00
CRS_1328,INST_0255,B.Tech Information Technology,IT,4,152,174108.00,active,2022-07-23 12:00:00
CRS_1329,INST_0255,Diploma in Civil Engineering,DIP-CIVIL,3,69,202620.00,active,2026-05-19 12:00:00
CRS_133,INST_0046,MCA,MCA,3,126,84874.00,closed,2025-04-11 12:00:00
CRS_1330,INST_0255,M.Tech Computer Science,PG-CSE,2,108,145500.00,closed,2022-11-28 12:00:00
CRS_1331,INST_0255,B.Tech Mechanical Engineering,MECH,4,70,149730.00,active,2022-05-24 12:00:00
CRS_1332,INST_0486,B.Tech Biotechnology,BT,4,116,96969.00,active,2026-07-20 12:00:00
CRS_1333,INST_0486,B.Tech Electrical and Electronics Engineering,EEE,4,61,75114.00,active,2026-06-23 12:00:00
CRS_1334,INST_0486,B.Arch,ARCH,5,73,113195.00,active,2026-04-18 12:00:00
CRS_1335,INST_0487,B.Pharm,PHARM,4,174,135583.00,active,2026-07-13 12:00:00
CRS_1336,INST_0487,B.Tech Mechanical Engineering,MECH,4,78,218605.00,active,2026-06-07 12:00:00
CRS_1337,INST_0487,B.Tech Civil Engineering,CIVIL,4,77,142991.00,active,2026-05-01 12:00:00
CRS_1338,INST_0487,B.Tech Electronics and Communication Engineering,ECE,4,156,85367.00,active,2026-05-10 12:00:00
CRS_1339,INST_0488,B.Pharm,PHARM,4,106,127330.00,active,2026-04-23 12:00:00
CRS_134,INST_0047,B.Pharm,PHARM,4,109,201695.00,active,2026-07-31 12:00:00
CRS_1340,INST_0488,B.Tech Robotics and Automation,ROB,4,166,58521.00,active,2026-04-27 12:00:00
CRS_1341,INST_0489,B.Tech Chemical Engineering,CHEM,4,123,218372.00,active,2026-08-14 12:00:00
CRS_1342,INST_0489,MBA,MBA,2,110,65078.00,closed,2026-06-21 12:00:00
CRS_1343,INST_0490,B.Pharm,PHARM,4,88,123533.00,active,2021-08-09 12:00:00
CRS_1344,INST_0490,B.Tech Biotechnology,BT,4,42,105893.00,active,2022-06-23 12:00:00
CRS_1345,INST_0382,MBA Business Analytics,MBA-BA,2,176,203038.00,active,2025-04-28 12:00:00
CRS_1346,INST_0382,B.Tech Computer Science and Engineering,CSE,4,33,173789.00,active,2026-06-08 12:00:00
CRS_1347,INST_0382,B.Tech Mechanical Engineering,MECH,4,138,102105.00,active,2025-02-23 12:00:00
CRS_1348,INST_0492,B.Tech Civil Engineering,CIVIL,4,180,112689.00,closed,2026-05-07 12:00:00
CRS_1349,INST_0492,Diploma in Computer Engineering,DIP-CSE,3,32,36817.00,active,2026-06-08 12:00:00
CRS_135,INST_0047,Diploma in Mechanical Engineering,DIP-MECH,3,116,93612.00,closed,2022-12-04 12:00:00
CRS_1350,INST_0492,M.Tech Data Science,PG-DS,2,166,91759.00,active,2026-06-22 12:00:00
CRS_1351,INST_0492,Diploma in Civil Engineering,DIP-CIVIL,3,52,83739.00,active,2026-05-23 12:00:00
CRS_1352,INST_0494,Diploma in Artificial Intelligence,DIP-AI,3,158,205155.00,active,2026-05-11 12:00:00
CRS_1353,INST_0494,Diploma in Computer Engineering,DIP-CSE,3,78,139307.00,active,2026-05-28 12:00:00
CRS_1354,INST_0495,B.Tech Artificial Intelligence and Data Science,AIDS,4,156,89744.00,active,2026-08-04 12:00:00
CRS_1355,INST_0495,Diploma in Electrical Engineering,DIP-EEE,3,150,163237.00,active,2026-05-07 12:00:00
CRS_1356,INST_0495,Diploma in Civil Engineering,DIP-CIVIL,3,112,243027.00,active,2021-10-07 12:00:00
CRS_1357,INST_0255,MBA,MBA,2,120,196175.00,active,2026-05-20 12:00:00
CRS_1358,INST_0255,B.Tech Mechanical Engineering,MECH,4,140,192593.00,active,2026-07-19 12:00:00
CRS_1359,INST_0497,B.Tech Artificial Intelligence and Machine Learning,AIML,4,30,46451.00,active,2026-04-25 12:00:00
CRS_136,INST_0047,B.Tech Chemical Engineering,CHEM,4,45,118111.00,active,2023-12-31 12:00:00
CRS_1360,INST_0497,B.Arch,ARCH,5,85,77169.00,active,2022-11-16 12:00:00
CRS_1361,INST_0497,M.Tech Data Science,PG-DS,2,139,110942.00,active,2026-07-23 12:00:00
CRS_1362,INST_0497,B.Tech Civil Engineering,CIVIL,4,104,209996.00,closed,2026-05-17 12:00:00
CRS_1363,INST_0498,B.Tech Internet of Things,IOT,4,36,162306.00,active,2026-06-24 12:00:00
CRS_1364,INST_0498,B.Tech Robotics and Automation,ROB,4,34,229886.00,active,2022-05-20 12:00:00
CRS_1365,INST_0498,B.Tech Biotechnology,BT,4,124,228408.00,active,2026-05-05 12:00:00
CRS_1366,INST_0499,B.Tech Biotechnology,BT,4,134,177777.00,active,2026-08-05 12:00:00
CRS_1367,INST_0499,Diploma in Artificial Intelligence,DIP-AI,3,121,161662.00,active,2023-12-08 12:00:00
CRS_1368,INST_0500,B.Tech Data Science,DS,4,133,166040.00,active,2026-06-12 12:00:00
CRS_1369,INST_0500,B.Tech Civil Engineering,CIVIL,4,125,187875.00,active,2022-09-05 12:00:00
CRS_137,INST_0047,M.Tech Computer Science,PG-CSE,2,173,156889.00,active,2021-11-02 12:00:00
CRS_1370,INST_0280,B.Arch,ARCH,5,104,235695.00,active,2024-06-30 12:00:00
CRS_1371,INST_0090,B.Tech Electrical and Electronics Engineering,EEE,4,156,235379.00,active,2026-08-12 12:00:00
CRS_1372,INST_0316,B.Tech Internet of Things,IOT,4,175,153716.00,active,2024-07-01 12:00:00
CRS_1373,INST_0171,B.Tech Electronics and Communication Engineering,ECE,4,52,172461.00,active,2023-11-26 12:00:00
CRS_1374,INST_0213,B.Tech Artificial Intelligence and Data Science,AIDS,4,169,165939.00,active,2025-05-25 12:00:00
CRS_1375,INST_0379,B.Tech Mechanical Engineering,MECH,4,78,298562.00,active,2022-03-05 12:00:00
CRS_1376,INST_0469,MBA Business Analytics,MBA-BA,2,31,63510.00,active,2026-07-16 12:00:00
CRS_1377,INST_0445,Diploma in Artificial Intelligence,DIP-AI,3,31,60829.00,active,2024-04-06 12:00:00
CRS_1378,INST_0279,B.Arch,ARCH,5,158,146735.00,active,2026-05-02 12:00:00
CRS_1379,INST_0036,M.Tech Artificial Intelligence,PG-AI,2,144,151873.00,active,2026-06-04 12:00:00
CRS_138,INST_0048,B.Tech Information Technology,IT,4,151,116191.00,active,2026-06-17 12:00:00
CRS_1380,INST_0013,B.Tech Computer Science and Business Systems,CSBS,4,65,56549.00,active,2024-03-02 12:00:00
CRS_1381,INST_0324,B.Tech Aerospace Engineering,AE,4,87,111061.00,active,2026-06-01 12:00:00
CRS_1382,INST_0494,Diploma in Artificial Intelligence,DIP-AI,3,158,205155.00,active,2026-05-11 12:00:00
CRS_1383,INST_0012,B.Tech Chemical Engineering,CHEM,4,151,136101.00,active,2026-05-10 12:00:00
CRS_1384,INST_0168,M.Tech Artificial Intelligence,PG-AI,2,82,176975.00,active,2026-05-11 12:00:00
CRS_1385,INST_0470,B.Tech Chemical Engineering,CHEM,4,142,222597.00,active,2026-06-16 12:00:00
CRS_1386,INST_0499,Diploma in Artificial Intelligence,DIP-AI,3,121,161662.00,active,2023-12-08 12:00:00
CRS_1387,INST_0001,B.Tech Chemical Engineering,CHEM,4,84,32047.00,active,2021-11-04 12:00:00
CRS_1388,INST_0235,B.Tech Chemical Engineering,CHEM,4,127,63370.00,active,2026-07-31 12:00:00
CRS_1389,INST_0040,B.Tech Civil Engineering,CIVIL,4,69,214461.00,active,2026-05-14 12:00:00
CRS_139,INST_0048,Diploma in Electrical Engineering,DIP-EEE,3,140,104597.00,active,2026-07-04 12:00:00
CRS_1390,INST_0326,B.Tech Aerospace Engineering,AE,4,75,74933.00,active,2025-02-03 12:00:00
CRS_1391,INST_0073,B.Tech Internet of Things,IOT,4,139,159845.00,active,2026-07-02 12:00:00
CRS_1392,INST_0162,MBA Business Analytics,MBA-BA,2,125,101304.00,active,2024-11-12 12:00:00
CRS_1393,INST_0075,M.Tech Computer Science,PG-CSE,2,78,211342.00,active,2026-07-24 12:00:00
CRS_1394,INST_0501,B.Tech Cybersecurity and Digital Forensics,CYS,4,39,38305.00,active,2023-02-04 12:00:00
CRS_1395,INST_0502,B.Tech Information Technology,IT,4,33,47718.00,active,2023-08-18 12:00:00
CRS_1396,INST_0503,B.Tech Civil Engineering,CIVIL,4,49,64000.00,active,2025-04-29 12:00:00
CRS_1397,INST_0504,B.Tech Electrical and Electronics Engineering,EEE,4,93,75892.00,active,2025-03-11 12:00:00
CRS_1398,INST_0505,M.Tech Artificial Intelligence,PG-AI,2,97,50720.00,active,2022-03-24 12:00:00
CRS_1399,INST_0506,B.Tech Civil Engineering,CIVIL,4,118,31783.00,active,2023-07-02 12:00:00
CRS_14,INST_0007,B.Tech Electronics and Communication Engineering,ECE,4,73,88379.00,closed,2026-06-10 12:00:00
CRS_140,INST_0048,B.Tech Cybersecurity and Digital Forensics,CYS,4,84,74424.00,active,2026-05-19 12:00:00
CRS_1400,INST_0014,Diploma in Computer Engineering,DIP-CSE,3,111,211806.00,active,2026-06-30 12:00:00
CRS_1401,INST_0113,MBA,MBA,2,129,173270.00,active,2026-05-26 12:00:00
CRS_1402,INST_0234,B.Tech Internet of Things,IOT,4,127,160786.00,active,2026-07-20 12:00:00
CRS_1403,INST_0302,B.Tech Biotechnology,BT,4,85,199460.00,active,2026-05-13 12:00:00
CRS_141,INST_0049,B.Arch,ARCH,5,34,123713.00,active,2023-10-15 12:00:00
CRS_142,INST_0049,Diploma in Civil Engineering,DIP-CIVIL,3,177,242320.00,active,2026-08-01 12:00:00
CRS_143,INST_0049,B.Tech Computer Science and Business Systems,CSBS,4,98,184815.00,active,2026-07-06 12:00:00
CRS_144,INST_0049,B.Pharm,PHARM,4,180,144541.00,active,2026-07-10 12:00:00
CRS_145,INST_0050,B.Tech Electrical and Electronics Engineering,EEE,4,67,131738.00,active,2023-03-18 12:00:00
CRS_146,INST_0050,B.Tech Civil Engineering,CIVIL,4,130,187075.00,active,2026-04-28 12:00:00
CRS_147,INST_0050,M.Tech Artificial Intelligence,PG-AI,2,43,70520.00,active,2024-03-03 12:00:00
CRS_148,INST_0051,B.Tech Cybersecurity and Digital Forensics,CYS,4,107,84348.00,active,2024-01-14 12:00:00
CRS_149,INST_0051,Diploma in Civil Engineering,DIP-CIVIL,3,176,199740.00,active,2026-07-30 12:00:00
CRS_15,INST_0007,Diploma in Mechanical Engineering,DIP-MECH,3,144,55402.00,closed,2026-05-13 12:00:00
CRS_150,INST_0053,B.Tech Chemical Engineering,CHEM,4,120,103681.00,active,2021-06-11 12:00:00
CRS_151,INST_0001,M.Tech VLSI Design,PG-ECE,2,175,212005.00,active,2021-12-28 12:00:00
CRS_152,INST_0056,Diploma in Artificial Intelligence,DIP-AI,3,179,71028.00,active,2024-09-25 12:00:00
CRS_153,INST_0056,B.Tech Information Technology,IT,4,61,132540.00,active,2026-06-14 12:00:00
CRS_154,INST_0056,B.Tech Chemical Engineering,CHEM,4,117,54521.00,active,2022-01-29 12:00:00
CRS_155,INST_0058,B.Tech Computer Science and Business Systems,CSBS,4,81,125395.00,active,2026-06-07 12:00:00
CRS_156,INST_0058,B.Tech Robotics and Automation,ROB,4,59,189271.00,active,2026-06-01 12:00:00
CRS_157,INST_0058,B.Tech Internet of Things,IOT,4,141,131052.00,active,2026-07-01 12:00:00
CRS_158,INST_0059,Diploma in Computer Engineering,DIP-CSE,3,127,237056.00,closed,2022-02-02 12:00:00
CRS_159,INST_0059,M.Tech Data Science,PG-DS,2,64,86785.00,active,2026-08-11 12:00:00
CRS_16,INST_0008,B.Tech Computer Science and Business Systems,CSBS,4,157,206131.00,active,2022-01-11 12:00:00
CRS_160,INST_0059,M.Tech Artificial Intelligence,PG-AI,2,115,191642.00,active,2026-06-18 12:00:00
CRS_161,INST_0059,Diploma in Artificial Intelligence,DIP-AI,3,138,107129.00,active,2026-04-23 12:00:00
CRS_162,INST_0060,Diploma in Civil Engineering,DIP-CIVIL,3,107,165283.00,active,2026-06-05 12:00:00
CRS_163,INST_0060,B.Tech Internet of Things,IOT,4,69,80357.00,active,2026-05-29 12:00:00
CRS_164,INST_0060,B.Tech Artificial Intelligence and Machine Learning,AIML,4,50,155157.00,active,2022-08-22 12:00:00
CRS_165,INST_0061,Diploma in Civil Engineering,DIP-CIVIL,3,85,28950.00,active,2026-08-03 12:00:00
CRS_166,INST_0061,B.Tech Artificial Intelligence and Data Science,AIDS,4,42,69280.00,active,2024-03-05 12:00:00
CRS_167,INST_0062,B.Tech Aerospace Engineering,AE,4,93,115026.00,active,2026-06-28 12:00:00
CRS_168,INST_0062,B.Tech Artificial Intelligence and Machine Learning,AIML,4,116,173231.00,active,2026-05-06 12:00:00
CRS_169,INST_0062,Diploma in Electrical Engineering,DIP-EEE,3,57,188988.00,active,2022-03-19 12:00:00
CRS_17,INST_0008,Diploma in Computer Engineering,DIP-CSE,3,177,76415.00,active,2024-02-23 12:00:00
CRS_170,INST_0063,B.Tech Artificial Intelligence and Data Science,AIDS,4,47,100644.00,active,2026-06-26 12:00:00
CRS_171,INST_0063,B.Tech Robotics and Automation,ROB,4,66,82817.00,active,2026-05-13 12:00:00
CRS_172,INST_0064,B.Tech Artificial Intelligence and Data Science,AIDS,4,35,233615.00,active,2026-08-11 12:00:00
CRS_173,INST_0064,B.Tech Mechanical Engineering,MECH,4,61,57082.00,active,2022-07-09 12:00:00
CRS_174,INST_0065,Diploma in Artificial Intelligence,DIP-AI,3,103,203364.00,active,2026-08-04 12:00:00
CRS_175,INST_0065,M.Tech Artificial Intelligence,PG-AI,2,60,61445.00,closed,2023-03-18 12:00:00
CRS_176,INST_0066,B.Tech Civil Engineering,CIVIL,4,157,34251.00,active,2026-07-31 12:00:00
CRS_177,INST_0066,B.Tech Artificial Intelligence and Machine Learning,AIML,4,40,150325.00,active,2026-05-06 12:00:00
CRS_178,INST_0067,M.Tech VLSI Design,PG-ECE,2,92,73582.00,active,2026-05-16 12:00:00
CRS_179,INST_0067,MCA,MCA,3,169,159884.00,active,2026-05-28 12:00:00
CRS_18,INST_0008,B.Tech Electronics and Communication Engineering,ECE,4,137,92485.00,closed,2026-07-17 12:00:00
CRS_180,INST_0067,B.Tech Civil Engineering,CIVIL,4,160,174810.00,active,2026-07-07 12:00:00
CRS_181,INST_0067,MBA Business Analytics,MBA-BA,2,95,125580.00,active,2026-04-20 12:00:00
CRS_182,INST_0068,Diploma in Computer Engineering,DIP-CSE,3,79,170665.00,active,2026-05-01 12:00:00
CRS_183,INST_0068,B.Tech Electronics and Communication Engineering,ECE,4,128,170630.00,active,2026-06-16 12:00:00
CRS_184,INST_0068,B.Tech Electrical and Electronics Engineering,EEE,4,35,230669.00,active,2026-07-05 12:00:00
CRS_185,INST_0068,M.Tech Computer Science,PG-CSE,2,46,131989.00,active,2026-05-31 12:00:00
CRS_186,INST_0069,B.Tech Chemical Engineering,CHEM,4,147,105190.00,active,2026-08-14 12:00:00
CRS_187,INST_0069,B.Tech Computer Science and Business Systems,CSBS,4,116,168227.00,active,2026-05-04 12:00:00
CRS_188,INST_0069,B.Tech Civil Engineering,CIVIL,4,82,206888.00,active,2026-07-20 12:00:00
CRS_189,INST_0070,B.Tech Artificial Intelligence and Machine Learning,AIML,4,31,236493.00,active,2024-06-17 12:00:00
CRS_19,INST_0009,MBA,MBA,2,46,115973.00,active,2026-06-29 12:00:00
CRS_190,INST_0070,M.Tech VLSI Design,PG-ECE,2,147,84568.00,active,2023-06-17 12:00:00
CRS_191,INST_0070,B.Tech Cybersecurity and Digital Forensics,CYS,4,32,113954.00,active,2026-06-14 12:00:00
CRS_192,INST_0071,B.Tech Computer Science and Business Systems,CSBS,4,94,213201.00,active,2026-08-01 12:00:00
CRS_193,INST_0071,M.Tech VLSI Design,PG-ECE,2,156,33061.00,closed,2023-12-22 12:00:00
CRS_194,INST_0071,B.Tech Cybersecurity and Digital Forensics,CYS,4,121,141681.00,active,2024-04-26 12:00:00
CRS_195,INST_0071,Diploma in Computer Engineering,DIP-CSE,3,134,246277.00,closed,2026-06-02 12:00:00
CRS_196,INST_0072,B.Tech Information Technology,IT,4,160,63312.00,active,2026-07-16 12:00:00
CRS_197,INST_0072,Diploma in Computer Engineering,DIP-CSE,3,33,118357.00,active,2026-07-18 12:00:00
CRS_198,INST_0072,M.Tech VLSI Design,PG-ECE,2,148,179424.00,active,2026-07-28 12:00:00
CRS_199,INST_0072,B.Tech Artificial Intelligence and Machine Learning,AIML,4,48,191182.00,active,2026-05-30 12:00:00
CRS_2,INST_0001,MCA,MCA,3,88,146168.00,active,2023-09-06 12:00:00
CRS_20,INST_0009,B.Tech Internet of Things,IOT,4,84,43925.00,active,2022-09-07 12:00:00
CRS_200,INST_0073,B.Tech Automobile Engineering,AUTO,4,35,44945.00,active,2026-04-18 12:00:00
CRS_201,INST_0073,M.Tech Artificial Intelligence,PG-AI,2,93,88413.00,active,2026-05-12 12:00:00
CRS_202,INST_0073,B.Tech Internet of Things,IOT,4,139,149167.00,active,2026-07-01 12:00:00
CRS_203,INST_0074,B.Tech Artificial Intelligence and Machine Learning,AIML,4,61,53461.00,active,2026-04-19 12:00:00
CRS_204,INST_0074,B.Tech Internet of Things,IOT,4,107,102727.00,closed,2026-05-23 12:00:00
CRS_205,INST_0074,Diploma in Computer Engineering,DIP-CSE,3,176,63125.00,active,2026-07-16 12:00:00
CRS_206,INST_0075,M.Tech Computer Science,PG-CSE,2,78,174641.00,active,2026-07-22 12:00:00
CRS_207,INST_0075,B.Tech Internet of Things,IOT,4,73,114931.00,active,2023-05-21 12:00:00
CRS_208,INST_0075,B.Tech Robotics and Automation,ROB,4,74,30554.00,active,2021-12-13 12:00:00
CRS_209,INST_0076,M.Tech Computer Science,PG-CSE,2,128,108215.00,active,2023-04-05 12:00:00
CRS_21,INST_0010,MBA,MBA,2,171,99083.00,closed,2024-04-14 12:00:00
CRS_210,INST_0076,M.Tech Power Systems,PG-EEE,2,102,145796.00,active,2022-10-16 12:00:00
CRS_211,INST_0077,M.Tech VLSI Design,PG-ECE,2,133,68260.00,active,2025-02-21 12:00:00
CRS_212,INST_0077,B.Tech Computer Science and Business Systems,CSBS,4,121,31738.00,active,2026-06-10 12:00:00
CRS_213,INST_0078,B.Tech Biotechnology,BT,4,137,160271.00,active,2026-05-25 12:00:00
CRS_214,INST_0078,B.Pharm,PHARM,4,51,96641.00,active,2026-08-12 12:00:00
CRS_215,INST_0079,Diploma in Computer Engineering,DIP-CSE,3,91,92553.00,active,2022-10-12 12:00:00
CRS_216,INST_0079,B.Tech Cybersecurity and Digital Forensics,CYS,4,104,82043.00,active,2021-06-19 12:00:00
CRS_217,INST_0079,M.Tech Computer Science,PG-CSE,2,180,150464.00,active,2021-09-09 12:00:00
CRS_218,INST_0080,MBA,MBA,2,99,172527.00,closed,2026-06-30 12:00:00
CRS_219,INST_0080,MCA,MCA,3,159,112827.00,active,2026-07-28 12:00:00
CRS_22,INST_0010,B.Tech Computer Science and Business Systems,CSBS,4,43,230755.00,active,2026-06-13 12:00:00
CRS_220,INST_0081,Diploma in Mechanical Engineering,DIP-MECH,3,157,87104.00,active,2026-04-30 12:00:00
CRS_221,INST_0081,Diploma in Civil Engineering,DIP-CIVIL,3,60,42649.00,active,2026-07-09 12:00:00
CRS_222,INST_0081,B.Tech Civil Engineering,CIVIL,4,134,150362.00,active,2026-06-07 12:00:00
CRS_223,INST_0081,B.Tech Electronics and Communication Engineering,ECE,4,110,114046.00,closed,2022-03-16 12:00:00
CRS_224,INST_0082,B.Tech Robotics and Automation,ROB,4,95,80097.00,active,2023-03-15 12:00:00
CRS_225,INST_0082,B.Tech Aerospace Engineering,AE,4,45,231932.00,active,2025-05-03 12:00:00
CRS_226,INST_0083,B.Tech Chemical Engineering,CHEM,4,127,36511.00,active,2025-01-02 12:00:00
CRS_227,INST_0083,Diploma in Computer Engineering,DIP-CSE,3,74,240828.00,active,2026-04-18 12:00:00
CRS_228,INST_0084,M.Tech Computer Science,PG-CSE,2,31,102310.00,active,2023-01-06 12:00:00
CRS_229,INST_0084,B.Tech Data Science,DS,4,55,180422.00,active,2026-08-08 12:00:00
CRS_23,INST_0010,M.Tech VLSI Design,PG-ECE,2,99,168662.00,active,2026-07-31 12:00:00
CRS_230,INST_0085,B.Tech Biotechnology,BT,4,100,172824.00,active,2026-06-20 12:00:00
CRS_231,INST_0085,M.Tech Power Systems,PG-EEE,2,109,199547.00,active,2026-04-23 12:00:00
CRS_232,INST_0085,B.Tech Cybersecurity and Digital Forensics,CYS,4,72,57284.00,active,2026-06-04 12:00:00
CRS_233,INST_0087,B.Tech Chemical Engineering,CHEM,4,159,109195.00,active,2022-04-01 12:00:00
CRS_234,INST_0087,B.Tech Artificial Intelligence and Machine Learning,AIML,4,141,58048.00,active,2026-08-09 12:00:00
CRS_235,INST_0087,Diploma in Mechanical Engineering,DIP-MECH,3,112,134806.00,active,2025-01-21 12:00:00
CRS_236,INST_0087,B.Tech Electronics and Communication Engineering,ECE,4,72,35046.00,active,2022-09-08 12:00:00
CRS_237,INST_0088,M.Tech VLSI Design,PG-ECE,2,140,113865.00,active,2026-07-26 12:00:00
CRS_238,INST_0088,B.Tech Mechanical Engineering,MECH,4,34,199710.00,active,2026-04-22 12:00:00
CRS_239,INST_0089,MCA,MCA,3,46,224721.00,active,2022-11-22 12:00:00
CRS_24,INST_0011,B.Tech Electrical and Electronics Engineering,EEE,4,72,126516.00,active,2026-05-29 12:00:00
CRS_240,INST_0089,Diploma in Computer Engineering,DIP-CSE,3,125,211703.00,active,2022-08-13 12:00:00
CRS_241,INST_0089,Diploma in Mechanical Engineering,DIP-MECH,3,163,219592.00,active,2025-04-16 12:00:00
CRS_242,INST_0090,B.Tech Civil Engineering,CIVIL,4,91,40737.00,closed,2022-07-31 12:00:00
CRS_243,INST_0090,B.Tech Automobile Engineering,AUTO,4,58,183933.00,active,2026-06-08 12:00:00
CRS_244,INST_0090,Diploma in Civil Engineering,DIP-CIVIL,3,93,186914.00,active,2026-07-22 12:00:00
CRS_245,INST_0090,B.Tech Electrical and Electronics Engineering,EEE,4,156,247147.00,active,2026-08-10 12:00:00
CRS_246,INST_0091,M.Tech VLSI Design,PG-ECE,2,91,113132.00,active,2026-06-25 12:00:00
CRS_247,INST_0091,B.Pharm,PHARM,4,128,202025.00,active,2022-01-09 12:00:00
CRS_248,INST_0091,M.Tech Power Systems,PG-EEE,2,59,189259.00,active,2026-05-02 12:00:00
CRS_249,INST_0092,MBA Business Analytics,MBA-BA,2,60,191391.00,active,2024-05-14 12:00:00
CRS_25,INST_0011,B.Tech Artificial Intelligence and Machine Learning,AIML,4,36,72937.00,active,2022-12-14 12:00:00
CRS_250,INST_0092,B.Tech Aerospace Engineering,AE,4,121,132543.00,active,2023-02-18 12:00:00
CRS_251,INST_0092,M.Tech Computer Science,PG-CSE,2,145,248685.00,active,2026-06-06 12:00:00
CRS_252,INST_0092,B.Tech Automobile Engineering,AUTO,4,46,238863.00,closed,2024-03-05 12:00:00
CRS_253,INST_0093,B.Tech Artificial Intelligence and Machine Learning,AIML,4,127,160479.00,active,2026-07-22 12:00:00
CRS_254,INST_0093,M.Tech Power Systems,PG-EEE,2,60,31378.00,active,2023-10-21 12:00:00
CRS_255,INST_0093,MBA Business Analytics,MBA-BA,2,134,33008.00,active,2026-06-24 12:00:00
CRS_256,INST_0094,MCA,MCA,3,166,248990.00,active,2026-08-02 12:00:00
CRS_257,INST_0094,M.Tech Data Science,PG-DS,2,70,63959.00,active,2026-05-04 12:00:00
CRS_258,INST_0094,B.Tech Computer Science and Engineering,CSE,4,91,35921.00,active,2022-11-20 12:00:00
CRS_259,INST_0095,B.Tech Civil Engineering,CIVIL,4,175,77126.00,active,2026-05-27 12:00:00
CRS_26,INST_0012,B.Tech Electronics and Communication Engineering,ECE,4,33,143875.00,active,2023-11-11 12:00:00
CRS_260,INST_0095,B.Pharm,PHARM,4,142,110866.00,active,2026-08-02 12:00:00
CRS_261,INST_0096,MBA Business Analytics,MBA-BA,2,155,77348.00,active,2022-10-03 12:00:00
CRS_262,INST_0096,B.Tech Biotechnology,BT,4,73,114689.00,active,2026-07-13 12:00:00
CRS_263,INST_0096,M.Tech Computer Science,PG-CSE,2,79,56714.00,closed,2026-07-16 12:00:00
CRS_264,INST_0097,B.Tech Automobile Engineering,AUTO,4,47,44029.00,active,2026-05-28 12:00:00
CRS_265,INST_0097,B.Tech Aerospace Engineering,AE,4,147,161250.00,active,2025-03-07 12:00:00
CRS_266,INST_0098,B.Tech Biotechnology,BT,4,91,236491.00,active,2026-08-06 12:00:00
CRS_267,INST_0098,B.Arch,ARCH,5,168,183572.00,active,2026-06-06 12:00:00
CRS_268,INST_0099,MBA,MBA,2,113,115317.00,active,2024-08-22 12:00:00
CRS_269,INST_0099,MCA,MCA,3,67,189032.00,active,2024-05-07 12:00:00
CRS_27,INST_0012,Diploma in Mechanical Engineering,DIP-MECH,3,131,62836.00,active,2026-07-15 12:00:00
CRS_270,INST_0100,MCA,MCA,3,81,128100.00,active,2026-05-18 12:00:00
CRS_271,INST_0100,B.Tech Electrical and Electronics Engineering,EEE,4,80,196242.00,closed,2022-04-01 12:00:00
CRS_272,INST_0101,B.Tech Computer Science and Engineering,CSE,4,142,84154.00,active,2025-03-19 12:00:00
CRS_273,INST_0101,B.Tech Computer Science and Business Systems,CSBS,4,105,79227.00,active,2026-08-07 12:00:00
CRS_274,INST_0101,MBA Business Analytics,MBA-BA,2,70,120153.00,active,2023-05-08 12:00:00
CRS_275,INST_0101,B.Tech Aerospace Engineering,AE,4,109,226564.00,active,2026-06-05 12:00:00
CRS_276,INST_0102,Diploma in Artificial Intelligence,DIP-AI,3,54,204666.00,active,2024-04-03 12:00:00
CRS_277,INST_0102,B.Tech Chemical Engineering,CHEM,4,131,110786.00,active,2026-06-28 12:00:00
CRS_278,INST_0103,B.Pharm,PHARM,4,76,154036.00,active,2026-06-23 12:00:00
CRS_279,INST_0103,B.Tech Chemical Engineering,CHEM,4,33,134187.00,active,2023-09-24 12:00:00
CRS_28,INST_0013,M.Tech VLSI Design,PG-ECE,2,97,170663.00,active,2022-01-07 12:00:00
CRS_280,INST_0103,B.Tech Artificial Intelligence and Data Science,AIDS,4,104,236861.00,active,2026-04-18 12:00:00
CRS_281,INST_0103,B.Arch,ARCH,5,30,123352.00,active,2026-06-06 12:00:00
CRS_282,INST_0104,B.Tech Aerospace Engineering,AE,4,103,226405.00,active,2026-08-04 12:00:00
CRS_283,INST_0104,M.Tech Data Science,PG-DS,2,76,56038.00,active,2021-10-28 12:00:00
CRS_284,INST_0104,B.Tech Biotechnology,BT,4,156,191449.00,active,2026-05-17 12:00:00
CRS_285,INST_0105,Diploma in Computer Engineering,DIP-CSE,3,33,179666.00,active,2026-04-27 12:00:00
CRS_286,INST_0105,B.Tech Electronics and Communication Engineering,ECE,4,143,71441.00,active,2026-06-26 12:00:00
CRS_287,INST_0106,B.Tech Robotics and Automation,ROB,4,54,25978.00,active,2026-07-20 12:00:00
CRS_288,INST_0106,MCA,MCA,3,101,214214.00,active,2026-06-05 12:00:00
CRS_289,INST_0106,B.Pharm,PHARM,4,155,216880.00,active,2026-06-21 12:00:00
CRS_29,INST_0013,B.Tech Computer Science and Business Systems,CSBS,4,65,56549.00,active,2024-03-02 12:00:00
CRS_290,INST_0107,B.Tech Chemical Engineering,CHEM,4,62,158674.00,active,2026-06-12 12:00:00
CRS_291,INST_0107,B.Tech Electrical and Electronics Engineering,EEE,4,118,136693.00,active,2026-04-27 12:00:00
CRS_292,INST_0107,M.Tech Data Science,PG-DS,2,70,131351.00,active,2026-05-05 12:00:00
CRS_293,INST_0108,B.Tech Aerospace Engineering,AE,4,150,67958.00,active,2024-02-07 12:00:00
CRS_294,INST_0108,M.Tech VLSI Design,PG-ECE,2,143,164343.00,closed,2026-06-01 12:00:00
CRS_295,INST_0108,B.Pharm,PHARM,4,157,154937.00,active,2026-07-30 12:00:00
CRS_296,INST_0108,B.Tech Robotics and Automation,ROB,4,113,215990.00,active,2026-07-09 12:00:00
CRS_297,INST_0109,B.Tech Computer Science and Engineering,CSE,4,76,214155.00,active,2026-06-09 12:00:00
CRS_298,INST_0109,Diploma in Civil Engineering,DIP-CIVIL,3,79,244215.00,active,2022-09-18 12:00:00
CRS_299,INST_0109,M.Tech Artificial Intelligence,PG-AI,2,152,92764.00,active,2023-04-13 12:00:00
CRS_3,INST_0001,M.Tech Power Systems,PG-EEE,2,54,201960.00,active,2022-03-30 12:00:00
CRS_30,INST_0013,B.Tech Robotics and Automation,ROB,4,123,113563.00,active,2026-05-17 12:00:00
CRS_300,INST_0110,MBA,MBA,2,109,25485.00,active,2026-07-04 12:00:00
CRS_301,INST_0110,Diploma in Electrical Engineering,DIP-EEE,3,178,39697.00,active,2026-05-09 12:00:00
CRS_302,INST_0110,B.Tech Automobile Engineering,AUTO,4,81,60720.00,closed,2026-04-29 12:00:00
CRS_303,INST_0110,M.Tech Power Systems,PG-EEE,2,60,240629.00,active,2026-08-07 12:00:00
CRS_304,INST_0112,B.Tech Artificial Intelligence and Machine Learning,AIML,4,125,147772.00,active,2026-07-14 12:00:00
CRS_305,INST_0112,B.Pharm,PHARM,4,132,140300.00,active,2026-08-06 12:00:00
CRS_306,INST_0112,MCA,MCA,3,101,89930.00,active,2025-01-26 12:00:00
CRS_307,INST_0112,B.Tech Electrical and Electronics Engineering,EEE,4,77,171124.00,active,2022-06-06 12:00:00
CRS_308,INST_0113,MCA,MCA,3,135,161337.00,active,2022-08-04 12:00:00
CRS_309,INST_0113,B.Tech Biotechnology,BT,4,144,240485.00,active,2025-06-09 12:00:00
CRS_31,INST_0013,M.Tech Artificial Intelligence,PG-AI,2,134,192208.00,active,2024-08-16 12:00:00
CRS_310,INST_0113,M.Tech Data Science,PG-DS,2,113,109518.00,active,2026-06-01 12:00:00
CRS_311,INST_0113,B.Tech Artificial Intelligence and Data Science,AIDS,4,109,182422.00,active,2023-04-15 12:00:00
CRS_312,INST_0114,M.Tech Power Systems,PG-EEE,2,175,222158.00,active,2026-04-23 12:00:00
CRS_313,INST_0114,B.Tech Chemical Engineering,CHEM,4,67,211214.00,active,2021-09-02 12:00:00
CRS_314,INST_0114,B.Tech Artificial Intelligence and Machine Learning,AIML,4,179,182985.00,active,2026-07-30 12:00:00
CRS_315,INST_0115,Diploma in Mechanical Engineering,DIP-MECH,3,40,137221.00,active,2026-05-27 12:00:00
CRS_316,INST_0115,MBA Business Analytics,MBA-BA,2,83,152508.00,active,2026-06-25 12:00:00
CRS_317,INST_0115,Diploma in Computer Engineering,DIP-CSE,3,77,161062.00,active,2023-12-05 12:00:00
CRS_318,INST_0116,B.Tech Biotechnology,BT,4,131,211871.00,active,2024-01-07 12:00:00
CRS_319,INST_0116,B.Tech Mechanical Engineering,MECH,4,132,191917.00,active,2026-06-27 12:00:00
CRS_32,INST_0014,M.Tech Computer Science,PG-CSE,2,55,33694.00,active,2026-07-24 12:00:00
CRS_320,INST_0116,B.Tech Aerospace Engineering,AE,4,85,86485.00,active,2026-06-03 12:00:00
CRS_321,INST_0116,B.Tech Automobile Engineering,AUTO,4,153,67795.00,active,2026-08-02 12:00:00
CRS_322,INST_0118,MCA,MCA,3,96,137202.00,active,2026-07-07 12:00:00
CRS_323,INST_0118,B.Tech Electronics and Communication Engineering,ECE,4,76,45118.00,active,2025-07-09 12:00:00
CRS_324,INST_0119,M.Tech VLSI Design,PG-ECE,2,159,219985.00,active,2026-06-14 12:00:00
CRS_325,INST_0119,Diploma in Civil Engineering,DIP-CIVIL,3,30,93848.00,active,2022-12-02 12:00:00
CRS_326,INST_0119,B.Tech Biotechnology,BT,4,58,215939.00,active,2024-02-13 12:00:00
CRS_327,INST_0121,B.Tech Cybersecurity and Digital Forensics,CYS,4,90,162360.00,active,2026-08-04 12:00:00
CRS_328,INST_0121,B.Tech Information Technology,IT,4,100,140601.00,active,2026-06-14 12:00:00
CRS_329,INST_0122,B.Tech Chemical Engineering,CHEM,4,96,162976.00,active,2023-03-09 12:00:00
CRS_33,INST_0014,B.Tech Automobile Engineering,AUTO,4,114,235530.00,active,2026-08-05 12:00:00
CRS_330,INST_0122,B.Tech Electronics and Communication Engineering,ECE,4,55,139219.00,active,2026-04-29 12:00:00
CRS_331,INST_0123,M.Tech Computer Science,PG-CSE,2,136,182144.00,active,2026-05-09 12:00:00
CRS_332,INST_0123,MCA,MCA,3,130,28225.00,active,2026-07-18 12:00:00
CRS_333,INST_0123,B.Tech Civil Engineering,CIVIL,4,107,148446.00,active,2021-06-07 12:00:00
CRS_334,INST_0123,MBA Business Analytics,MBA-BA,2,64,37557.00,active,2026-05-13 12:00:00
CRS_335,INST_0124,B.Tech Mechanical Engineering,MECH,4,74,202632.00,active,2026-06-11 12:00:00
CRS_336,INST_0124,B.Pharm,PHARM,4,112,227342.00,active,2026-06-03 12:00:00
CRS_337,INST_0124,M.Tech Power Systems,PG-EEE,2,64,97109.00,active,2026-04-27 12:00:00
CRS_338,INST_0124,Diploma in Computer Engineering,DIP-CSE,3,150,145099.00,active,2026-06-02 12:00:00
CRS_339,INST_0125,B.Tech Chemical Engineering,CHEM,4,99,56683.00,active,2025-04-15 12:00:00
CRS_34,INST_0015,B.Tech Electrical and Electronics Engineering,EEE,4,127,172951.00,active,2022-07-06 12:00:00
CRS_340,INST_0125,MCA,MCA,3,137,219844.00,active,2026-04-22 12:00:00
CRS_341,INST_0125,B.Tech Artificial Intelligence and Machine Learning,AIML,4,131,100741.00,active,2022-10-27 12:00:00
CRS_342,INST_0125,M.Tech Artificial Intelligence,PG-AI,2,176,69126.00,active,2023-01-18 12:00:00
CRS_343,INST_0126,MBA Business Analytics,MBA-BA,2,61,170952.00,active,2026-07-06 12:00:00
CRS_344,INST_0126,B.Tech Computer Science and Business Systems,CSBS,4,130,184642.00,active,2025-01-17 12:00:00
CRS_345,INST_0127,B.Tech Electrical and Electronics Engineering,EEE,4,168,171534.00,active,2026-05-27 12:00:00
CRS_346,INST_0127,B.Tech Artificial Intelligence and Machine Learning,AIML,4,51,100468.00,active,2023-12-04 12:00:00
CRS_347,INST_0127,B.Arch,ARCH,5,97,87955.00,active,2026-05-26 12:00:00
CRS_348,INST_0127,M.Tech Power Systems,PG-EEE,2,106,46246.00,active,2023-03-21 12:00:00
CRS_349,INST_0129,M.Tech Artificial Intelligence,PG-AI,2,135,150809.00,active,2026-07-07 12:00:00
CRS_35,INST_0015,B.Tech Internet of Things,IOT,4,137,129525.00,active,2026-05-16 12:00:00
CRS_350,INST_0129,MCA,MCA,3,69,140871.00,active,2022-03-31 12:00:00
CRS_351,INST_0129,B.Tech Information Technology,IT,4,57,180933.00,active,2024-03-12 12:00:00
CRS_352,INST_0129,Diploma in Civil Engineering,DIP-CIVIL,3,180,31662.00,active,2026-05-08 12:00:00
CRS_353,INST_0130,B.Tech Computer Science and Engineering,CSE,4,114,149190.00,active,2026-08-08 12:00:00
CRS_354,INST_0130,B.Tech Electrical and Electronics Engineering,EEE,4,166,185533.00,active,2026-06-11 12:00:00
CRS_355,INST_0130,Diploma in Artificial Intelligence,DIP-AI,3,115,238371.00,active,2026-05-03 12:00:00
CRS_356,INST_0130,MBA Business Analytics,MBA-BA,2,137,213329.00,active,2025-06-06 12:00:00
CRS_357,INST_0131,B.Tech Civil Engineering,CIVIL,4,166,74615.00,active,2025-03-23 12:00:00
CRS_358,INST_0131,B.Tech Robotics and Automation,ROB,4,145,46407.00,active,2021-06-21 12:00:00
CRS_359,INST_0132,B.Tech Artificial Intelligence and Machine Learning,AIML,4,74,69973.00,active,2026-05-29 12:00:00
CRS_36,INST_0016,Diploma in Computer Engineering,DIP-CSE,3,57,247171.00,active,2026-06-02 12:00:00
CRS_360,INST_0132,M.Tech Artificial Intelligence,PG-AI,2,44,126143.00,active,2026-05-31 12:00:00
CRS_361,INST_0133,M.Tech Data Science,PG-DS,2,117,37748.00,active,2024-03-12 12:00:00
CRS_362,INST_0133,B.Tech Aerospace Engineering,AE,4,112,205968.00,active,2026-05-01 12:00:00
CRS_363,INST_0134,M.Tech Artificial Intelligence,PG-AI,2,122,146005.00,active,2024-01-20 12:00:00
CRS_364,INST_0134,Diploma in Artificial Intelligence,DIP-AI,3,43,152134.00,active,2022-04-12 12:00:00
CRS_365,INST_0134,Diploma in Computer Engineering,DIP-CSE,3,60,182954.00,active,2026-07-28 12:00:00
CRS_366,INST_0135,B.Tech Artificial Intelligence and Data Science,AIDS,4,178,134769.00,active,2026-05-19 12:00:00
CRS_367,INST_0135,M.Tech VLSI Design,PG-ECE,2,175,78478.00,active,2025-07-04 12:00:00
CRS_368,INST_0135,M.Tech Computer Science,PG-CSE,2,113,136527.00,active,2026-05-30 12:00:00
CRS_369,INST_0135,B.Tech Biotechnology,BT,4,180,50104.00,active,2025-01-24 12:00:00
CRS_37,INST_0016,MBA Business Analytics,MBA-BA,2,52,105510.00,active,2024-04-26 12:00:00
CRS_370,INST_0136,M.Tech VLSI Design,PG-ECE,2,150,225878.00,active,2026-08-15 12:00:00
CRS_371,INST_0136,B.Tech Electronics and Communication Engineering,ECE,4,54,116896.00,closed,2021-10-10 12:00:00
CRS_372,INST_0138,B.Tech Civil Engineering,CIVIL,4,75,144905.00,active,2022-06-20 12:00:00
CRS_373,INST_0138,B.Tech Cybersecurity and Digital Forensics,CYS,4,151,180691.00,active,2026-06-22 12:00:00
CRS_374,INST_0139,Diploma in Computer Engineering,DIP-CSE,3,90,98546.00,active,2026-05-20 12:00:00
CRS_375,INST_0139,B.Tech Robotics and Automation,ROB,4,44,154769.00,active,2026-06-24 12:00:00
CRS_376,INST_0139,Diploma in Artificial Intelligence,DIP-AI,3,89,175802.00,active,2026-07-14 12:00:00
CRS_377,INST_0139,MBA Business Analytics,MBA-BA,2,35,191155.00,active,2023-12-10 12:00:00
CRS_378,INST_0140,B.Tech Biotechnology,BT,4,92,108216.00,active,2026-04-23 12:00:00
CRS_379,INST_0140,B.Tech Chemical Engineering,CHEM,4,106,171761.00,active,2026-05-19 12:00:00
CRS_38,INST_0016,B.Tech Automobile Engineering,AUTO,4,32,155413.00,active,2026-07-12 12:00:00
CRS_380,INST_0140,M.Tech Artificial Intelligence,PG-AI,2,53,208363.00,active,2026-06-19 12:00:00
CRS_381,INST_0141,B.Tech Artificial Intelligence and Data Science,AIDS,4,161,62474.00,active,2024-11-20 12:00:00
CRS_382,INST_0141,Diploma in Mechanical Engineering,DIP-MECH,3,121,26090.00,active,2024-09-16 12:00:00
CRS_383,INST_0141,B.Tech Automobile Engineering,AUTO,4,30,79733.00,active,2026-08-07 12:00:00
CRS_384,INST_0143,B.Tech Chemical Engineering,CHEM,4,44,58216.00,active,2023-05-24 12:00:00
CRS_385,INST_0143,B.Arch,ARCH,5,109,126771.00,active,2026-07-19 12:00:00
CRS_386,INST_0143,Diploma in Civil Engineering,DIP-CIVIL,3,71,166674.00,active,2026-05-05 12:00:00
CRS_387,INST_0143,M.Tech Computer Science,PG-CSE,2,84,77544.00,active,2026-08-06 12:00:00
CRS_388,INST_0144,M.Tech Artificial Intelligence,PG-AI,2,109,86263.00,active,2026-06-14 12:00:00
CRS_389,INST_0144,M.Tech Data Science,PG-DS,2,131,148085.00,active,2022-06-18 12:00:00
CRS_39,INST_0017,M.Tech Computer Science,PG-CSE,2,69,248076.00,active,2021-09-29 12:00:00
CRS_390,INST_0144,Diploma in Mechanical Engineering,DIP-MECH,3,78,82153.00,active,2026-08-08 12:00:00
CRS_391,INST_0144,B.Arch,ARCH,5,117,27002.00,active,2022-11-06 12:00:00
CRS_392,INST_0145,Diploma in Electrical Engineering,DIP-EEE,3,127,31193.00,active,2026-07-19 12:00:00
CRS_393,INST_0145,B.Tech Robotics and Automation,ROB,4,139,71171.00,active,2025-03-01 12:00:00
CRS_394,INST_0146,B.Tech Computer Science and Business Systems,CSBS,4,84,210806.00,active,2026-05-14 12:00:00
CRS_395,INST_0146,B.Tech Artificial Intelligence and Data Science,AIDS,4,99,56813.00,closed,2021-12-08 12:00:00
CRS_396,INST_0039,B.Tech Computer Science and Engineering,CSE,4,118,161148.00,active,2026-05-03 12:00:00
CRS_397,INST_0146,B.Pharm,PHARM,4,172,148644.00,active,2026-07-31 12:00:00
CRS_398,INST_0147,B.Tech Information Technology,IT,4,40,90286.00,active,2026-05-30 12:00:00
CRS_399,INST_0012,B.Tech Robotics and Automation,ROB,4,154,169736.00,active,2024-11-15 12:00:00
CRS_4,INST_0002,B.Tech Data Science,DS,4,87,207456.00,active,2026-05-02 12:00:00
CRS_40,INST_0017,B.Tech Computer Science and Business Systems,CSBS,4,110,77303.00,active,2022-06-13 12:00:00
CRS_400,INST_0147,Diploma in Electrical Engineering,DIP-EEE,3,59,149561.00,active,2024-02-29 12:00:00
CRS_401,INST_0148,M.Tech VLSI Design,PG-ECE,2,102,42155.00,active,2026-07-13 12:00:00
CRS_402,INST_0148,B.Tech Automobile Engineering,AUTO,4,160,181161.00,active,2021-09-11 12:00:00
CRS_403,INST_0148,Diploma in Computer Engineering,DIP-CSE,3,86,129618.00,active,2026-08-04 12:00:00
CRS_404,INST_0148,M.Tech Computer Science,PG-CSE,2,123,227804.00,active,2026-08-14 12:00:00
CRS_405,INST_0149,B.Tech Cybersecurity and Digital Forensics,CYS,4,80,189787.00,active,2023-08-21 12:00:00
CRS_406,INST_0149,Diploma in Computer Engineering,DIP-CSE,3,53,162505.00,active,2026-06-29 12:00:00
CRS_407,INST_0149,B.Tech Computer Science and Engineering,CSE,4,153,45967.00,active,2026-07-02 12:00:00
CRS_408,INST_0149,M.Tech Power Systems,PG-EEE,2,54,231941.00,active,2026-06-30 12:00:00
CRS_409,INST_0150,B.Tech Internet of Things,IOT,4,120,158466.00,active,2022-12-22 12:00:00
CRS_41,INST_0017,B.Arch,ARCH,5,161,234912.00,active,2026-05-20 12:00:00
CRS_410,INST_0150,B.Arch,ARCH,5,127,40485.00,active,2021-11-28 12:00:00
CRS_411,INST_0151,MBA,MBA,2,159,136170.00,active,2021-06-11 12:00:00
CRS_412,INST_0151,M.Tech Power Systems,PG-EEE,2,118,66630.00,active,2026-05-27 12:00:00
CRS_413,INST_0152,B.Pharm,PHARM,4,55,203436.00,active,2023-02-17 12:00:00
CRS_414,INST_0152,B.Tech Aerospace Engineering,AE,4,96,25748.00,active,2022-10-29 12:00:00
CRS_415,INST_0152,B.Tech Biotechnology,BT,4,155,87009.00,active,2026-06-09 12:00:00
CRS_416,INST_0152,B.Tech Information Technology,IT,4,104,27111.00,active,2024-02-09 12:00:00
CRS_417,INST_0153,B.Tech Civil Engineering,CIVIL,4,42,224880.00,active,2026-05-14 12:00:00
CRS_418,INST_0153,Diploma in Computer Engineering,DIP-CSE,3,104,35202.00,active,2024-11-25 12:00:00
CRS_419,INST_0154,B.Tech Internet of Things,IOT,4,97,239575.00,closed,2026-05-28 12:00:00
CRS_42,INST_0017,B.Tech Mechanical Engineering,MECH,4,66,59079.00,active,2026-07-28 12:00:00
CRS_420,INST_0154,B.Tech Mechanical Engineering,MECH,4,127,84529.00,active,2021-08-29 12:00:00
CRS_421,INST_0154,MCA,MCA,3,90,183484.00,active,2026-04-19 12:00:00
CRS_422,INST_0155,B.Tech Computer Science and Business Systems,CSBS,4,153,210612.00,active,2026-06-03 12:00:00
CRS_423,INST_0155,MBA Business Analytics,MBA-BA,2,161,91485.00,active,2021-09-10 12:00:00
CRS_424,INST_0155,MBA,MBA,2,89,101010.00,closed,2022-06-26 12:00:00
CRS_425,INST_0156,B.Tech Computer Science and Engineering,CSE,4,85,146324.00,active,2026-06-16 12:00:00
CRS_426,INST_0156,Diploma in Civil Engineering,DIP-CIVIL,3,59,180746.00,active,2021-08-04 12:00:00
CRS_427,INST_0156,B.Tech Automobile Engineering,AUTO,4,57,57548.00,closed,2026-06-28 12:00:00
CRS_428,INST_0158,MCA,MCA,3,170,188919.00,active,2022-05-11 12:00:00
CRS_429,INST_0158,Diploma in Mechanical Engineering,DIP-MECH,3,169,198896.00,active,2023-03-06 12:00:00
CRS_43,INST_0018,MBA Business Analytics,MBA-BA,2,126,73183.00,active,2026-06-25 12:00:00
CRS_430,INST_0159,Diploma in Artificial Intelligence,DIP-AI,3,34,61673.00,active,2023-01-11 12:00:00
CRS_431,INST_0159,B.Tech Mechanical Engineering,MECH,4,114,145557.00,active,2022-07-20 12:00:00
CRS_432,INST_0159,B.Tech Electronics and Communication Engineering,ECE,4,43,115650.00,active,2022-05-24 12:00:00
CRS_433,INST_0159,B.Tech Civil Engineering,CIVIL,4,42,111830.00,active,2026-06-10 12:00:00
CRS_434,INST_0160,B.Tech Aerospace Engineering,AE,4,35,222720.00,closed,2026-05-10 12:00:00
CRS_435,INST_0160,M.Tech Data Science,PG-DS,2,125,199345.00,active,2026-06-21 12:00:00
CRS_436,INST_0160,B.Tech Civil Engineering,CIVIL,4,140,248982.00,active,2024-08-19 12:00:00
CRS_437,INST_0161,B.Tech Electronics and Communication Engineering,ECE,4,118,240379.00,active,2026-05-22 12:00:00
CRS_438,INST_0161,Diploma in Mechanical Engineering,DIP-MECH,3,57,198256.00,active,2026-04-20 12:00:00
CRS_439,INST_0162,B.Tech Biotechnology,BT,4,172,75955.00,closed,2021-09-23 12:00:00
CRS_44,INST_0018,MBA,MBA,2,42,229270.00,active,2023-10-17 12:00:00
CRS_440,INST_0162,MBA Business Analytics,MBA-BA,2,125,101304.00,active,2024-11-12 12:00:00
CRS_441,INST_0162,MCA,MCA,3,174,26254.00,active,2026-05-23 12:00:00
CRS_442,INST_0163,B.Tech Data Science,DS,4,152,167815.00,active,2026-04-30 12:00:00
CRS_443,INST_0163,B.Tech Mechanical Engineering,MECH,4,165,119152.00,active,2024-03-24 12:00:00
CRS_444,INST_0164,B.Tech Cybersecurity and Digital Forensics,CYS,4,63,32948.00,active,2024-04-12 12:00:00
CRS_445,INST_0164,B.Tech Artificial Intelligence and Machine Learning,AIML,4,107,40314.00,active,2021-09-22 12:00:00
CRS_446,INST_0164,Diploma in Artificial Intelligence,DIP-AI,3,30,26894.00,active,2023-02-21 12:00:00
CRS_447,INST_0164,B.Tech Automobile Engineering,AUTO,4,90,99580.00,active,2022-03-04 12:00:00
CRS_448,INST_0165,B.Tech Data Science,DS,4,175,132183.00,active,2024-05-12 12:00:00
CRS_449,INST_0165,Diploma in Mechanical Engineering,DIP-MECH,3,64,195755.00,active,2026-04-29 12:00:00
CRS_45,INST_0018,MCA,MCA,3,43,55118.00,active,2026-08-05 12:00:00
CRS_450,INST_0166,B.Tech Automobile Engineering,AUTO,4,141,186559.00,active,2026-05-02 12:00:00
CRS_451,INST_0166,Diploma in Electrical Engineering,DIP-EEE,3,119,43968.00,active,2025-05-25 12:00:00
CRS_452,INST_0166,B.Tech Electronics and Communication Engineering,ECE,4,78,128749.00,active,2026-08-08 12:00:00
CRS_453,INST_0167,B.Tech Civil Engineering,CIVIL,4,117,115310.00,active,2024-02-29 12:00:00
CRS_454,INST_0167,B.Tech Electrical and Electronics Engineering,EEE,4,59,248437.00,active,2026-04-25 12:00:00
CRS_455,INST_0168,B.Tech Computer Science and Engineering,CSE,4,78,41520.00,active,2026-07-16 12:00:00
CRS_456,INST_0168,M.Tech Artificial Intelligence,PG-AI,2,82,176975.00,active,2026-05-11 12:00:00
CRS_457,INST_0169,Diploma in Civil Engineering,DIP-CIVIL,3,89,39982.00,active,2026-05-12 12:00:00
CRS_458,INST_0169,B.Tech Electrical and Electronics Engineering,EEE,4,66,245792.00,active,2021-11-14 12:00:00
CRS_459,INST_0170,B.Tech Chemical Engineering,CHEM,4,87,134714.00,active,2026-08-05 12:00:00
CRS_46,INST_0018,Diploma in Civil Engineering,DIP-CIVIL,3,50,37138.00,closed,2022-12-13 12:00:00
CRS_460,INST_0170,B.Pharm,PHARM,4,131,205530.00,active,2026-05-01 12:00:00
CRS_461,INST_0171,B.Tech Electronics and Communication Engineering,ECE,4,52,178271.00,active,2023-11-25 12:00:00
CRS_462,INST_0171,B.Tech Data Science,DS,4,154,248331.00,active,2026-04-19 12:00:00
CRS_463,INST_0173,M.Tech VLSI Design,PG-ECE,2,140,223870.00,active,2026-05-20 12:00:00
CRS_464,INST_0173,B.Tech Cybersecurity and Digital Forensics,CYS,4,37,109711.00,active,2022-07-16 12:00:00
CRS_465,INST_0174,B.Tech Computer Science and Business Systems,CSBS,4,149,183521.00,closed,2023-08-15 12:00:00
CRS_466,INST_0174,M.Tech Artificial Intelligence,PG-AI,2,91,156550.00,active,2022-05-28 12:00:00
CRS_467,INST_0174,Diploma in Electrical Engineering,DIP-EEE,3,125,247312.00,active,2026-06-25 12:00:00
CRS_468,INST_0175,M.Tech Power Systems,PG-EEE,2,121,132087.00,active,2026-07-15 12:00:00
CRS_469,INST_0175,MBA Business Analytics,MBA-BA,2,121,188167.00,active,2026-08-15 12:00:00
CRS_47,INST_0019,M.Tech Artificial Intelligence,PG-AI,2,149,202221.00,active,2026-04-27 12:00:00
CRS_470,INST_0176,MCA,MCA,3,72,242885.00,active,2026-07-18 12:00:00
CRS_471,INST_0176,Diploma in Computer Engineering,DIP-CSE,3,86,166868.00,active,2026-06-13 12:00:00
CRS_472,INST_0177,MBA,MBA,2,39,189656.00,active,2026-07-06 12:00:00
CRS_473,INST_0177,MBA Business Analytics,MBA-BA,2,179,75069.00,active,2026-05-16 12:00:00
CRS_474,INST_0177,B.Tech Electronics and Communication Engineering,ECE,4,47,55992.00,active,2026-04-19 12:00:00
CRS_475,INST_0179,Diploma in Civil Engineering,DIP-CIVIL,3,136,78361.00,active,2024-02-12 12:00:00
CRS_476,INST_0179,Diploma in Artificial Intelligence,DIP-AI,3,34,115891.00,active,2026-07-04 12:00:00
CRS_477,INST_0179,B.Tech Aerospace Engineering,AE,4,132,40642.00,active,2026-05-14 12:00:00
CRS_478,INST_0179,B.Tech Cybersecurity and Digital Forensics,CYS,4,180,234159.00,active,2025-04-07 12:00:00
CRS_479,INST_0180,B.Tech Cybersecurity and Digital Forensics,CYS,4,91,128785.00,active,2026-06-13 12:00:00
CRS_48,INST_0019,MBA,MBA,2,132,200714.00,active,2022-10-27 12:00:00
CRS_480,INST_0180,MBA,MBA,2,56,110398.00,active,2025-05-25 12:00:00
CRS_481,INST_0181,B.Tech Civil Engineering,CIVIL,4,117,186938.00,active,2026-05-21 12:00:00
CRS_482,INST_0181,B.Pharm,PHARM,4,155,236613.00,active,2026-05-03 12:00:00
CRS_483,INST_0181,B.Tech Internet of Things,IOT,4,155,123659.00,active,2026-05-28 12:00:00
CRS_484,INST_0182,M.Tech Data Science,PG-DS,2,156,175200.00,active,2026-06-27 12:00:00
CRS_485,INST_0182,B.Pharm,PHARM,4,106,207079.00,active,2026-07-11 12:00:00
CRS_486,INST_0182,MBA,MBA,2,154,116064.00,active,2022-07-17 12:00:00
CRS_487,INST_0182,B.Tech Robotics and Automation,ROB,4,57,123239.00,active,2026-05-18 12:00:00
CRS_488,INST_0183,M.Tech Artificial Intelligence,PG-AI,2,112,128636.00,active,2026-06-04 12:00:00
CRS_489,INST_0183,Diploma in Artificial Intelligence,DIP-AI,3,74,142832.00,active,2026-04-18 12:00:00
CRS_49,INST_0019,M.Tech VLSI Design,PG-ECE,2,113,140575.00,active,2026-05-14 12:00:00
CRS_490,INST_0183,B.Tech Artificial Intelligence and Machine Learning,AIML,4,168,212040.00,active,2026-05-05 12:00:00
CRS_491,INST_0184,B.Pharm,PHARM,4,120,138756.00,active,2026-05-11 12:00:00
CRS_492,INST_0184,Diploma in Computer Engineering,DIP-CSE,3,39,137835.00,active,2026-05-07 12:00:00
CRS_493,INST_0185,B.Tech Computer Science and Business Systems,CSBS,4,78,40620.00,active,2021-12-23 12:00:00
CRS_494,INST_0185,B.Tech Chemical Engineering,CHEM,4,180,97982.00,active,2026-07-23 12:00:00
CRS_495,INST_0185,Diploma in Computer Engineering,DIP-CSE,3,41,82146.00,active,2026-08-15 12:00:00
CRS_496,INST_0185,M.Tech Artificial Intelligence,PG-AI,2,49,151208.00,active,2026-07-26 12:00:00
CRS_497,INST_0186,B.Tech Automobile Engineering,AUTO,4,68,87263.00,active,2026-06-15 12:00:00
CRS_498,INST_0186,B.Tech Robotics and Automation,ROB,4,97,107458.00,active,2026-08-07 12:00:00
CRS_499,INST_0186,MCA,MCA,3,42,240999.00,active,2026-07-07 12:00:00
CRS_5,INST_0002,B.Pharm,PHARM,4,34,120173.00,active,2025-05-04 12:00:00
CRS_50,INST_0020,M.Tech VLSI Design,PG-ECE,2,129,248715.00,active,2026-07-24 12:00:00
CRS_500,INST_0187,B.Tech Computer Science and Business Systems,CSBS,4,146,68376.00,active,2026-05-29 12:00:00
CRS_501,INST_0187,M.Tech Data Science,PG-DS,2,117,120922.00,active,2025-04-23 12:00:00
CRS_502,INST_0241,B.Tech Information Technology,IT,4,122,124504.00,active,2023-02-01 12:00:00
CRS_503,INST_0187,M.Tech Artificial Intelligence,PG-AI,2,150,138618.00,closed,2026-06-05 12:00:00
CRS_504,INST_0188,B.Tech Mechanical Engineering,MECH,4,71,103327.00,closed,2026-06-14 12:00:00
CRS_505,INST_0188,B.Pharm,PHARM,4,76,126484.00,active,2025-01-23 12:00:00
CRS_506,INST_0189,Diploma in Electrical Engineering,DIP-EEE,3,136,240095.00,active,2022-02-21 12:00:00
CRS_507,INST_0189,B.Pharm,PHARM,4,119,248905.00,active,2026-08-03 12:00:00
CRS_508,INST_0189,B.Tech Data Science,DS,4,75,117044.00,active,2026-06-23 12:00:00
CRS_509,INST_0190,MBA,MBA,2,149,120822.00,active,2023-12-23 12:00:00
CRS_51,INST_0020,B.Tech Computer Science and Business Systems,CSBS,4,68,172355.00,active,2026-04-24 12:00:00
CRS_510,INST_0190,Diploma in Artificial Intelligence,DIP-AI,3,163,25044.00,active,2025-06-12 12:00:00
CRS_511,INST_0190,B.Tech Automobile Engineering,AUTO,4,49,201642.00,active,2022-05-01 12:00:00
CRS_512,INST_0190,Diploma in Electrical Engineering,DIP-EEE,3,98,74812.00,active,2026-07-28 12:00:00
CRS_513,INST_0191,B.Pharm,PHARM,4,175,178382.00,active,2026-05-29 12:00:00
CRS_514,INST_0191,M.Tech Artificial Intelligence,PG-AI,2,161,138544.00,active,2022-06-08 12:00:00
CRS_515,INST_0191,B.Tech Cybersecurity and Digital Forensics,CYS,4,79,55178.00,closed,2026-08-09 12:00:00
CRS_516,INST_0191,B.Tech Chemical Engineering,CHEM,4,153,96635.00,closed,2026-08-02 12:00:00
CRS_517,INST_0192,B.Tech Biotechnology,BT,4,92,64923.00,active,2026-07-27 12:00:00
CRS_518,INST_0192,Diploma in Artificial Intelligence,DIP-AI,3,48,236639.00,closed,2026-06-02 12:00:00
CRS_519,INST_0192,B.Tech Cybersecurity and Digital Forensics,CYS,4,72,105119.00,active,2026-07-24 12:00:00
CRS_52,INST_0021,B.Arch,ARCH,5,58,62099.00,active,2026-08-07 12:00:00
CRS_520,INST_0193,B.Tech Cybersecurity and Digital Forensics,CYS,4,177,176323.00,active,2026-07-17 12:00:00
CRS_521,INST_0193,B.Tech Computer Science and Engineering,CSE,4,151,68088.00,active,2024-11-29 12:00:00
CRS_522,INST_0194,B.Tech Artificial Intelligence and Data Science,AIDS,4,172,198557.00,active,2022-11-12 12:00:00
CRS_523,INST_0194,B.Pharm,PHARM,4,83,114077.00,active,2025-05-11 12:00:00
CRS_524,INST_0194,Diploma in Artificial Intelligence,DIP-AI,3,98,96230.00,active,2026-04-26 12:00:00
CRS_525,INST_0194,MCA,MCA,3,124,134098.00,active,2026-06-19 12:00:00
CRS_526,INST_0195,B.Tech Electrical and Electronics Engineering,EEE,4,127,229164.00,active,2026-04-21 12:00:00
CRS_527,INST_0195,B.Tech Cybersecurity and Digital Forensics,CYS,4,147,198679.00,active,2026-05-03 12:00:00
CRS_528,INST_0196,Diploma in Civil Engineering,DIP-CIVIL,3,80,137455.00,active,2022-10-16 12:00:00
CRS_529,INST_0196,Diploma in Electrical Engineering,DIP-EEE,3,65,56936.00,active,2026-08-16 12:00:00
CRS_53,INST_0021,M.Tech Power Systems,PG-EEE,2,179,186671.00,active,2026-07-28 12:00:00
CRS_530,INST_0197,Diploma in Computer Engineering,DIP-CSE,3,34,49384.00,active,2022-08-02 12:00:00
CRS_531,INST_0197,B.Tech Computer Science and Business Systems,CSBS,4,150,89844.00,active,2026-06-15 12:00:00
CRS_532,INST_0197,B.Tech Robotics and Automation,ROB,4,52,187489.00,active,2026-06-07 12:00:00
CRS_533,INST_0198,B.Tech Chemical Engineering,CHEM,4,84,136933.00,active,2024-02-23 12:00:00
CRS_534,INST_0198,Diploma in Civil Engineering,DIP-CIVIL,3,30,132176.00,active,2026-07-21 12:00:00
CRS_535,INST_0198,Diploma in Electrical Engineering,DIP-EEE,3,36,216489.00,active,2026-07-04 12:00:00
CRS_536,INST_0198,B.Tech Electronics and Communication Engineering,ECE,4,118,247757.00,active,2026-06-17 12:00:00
CRS_537,INST_0199,Diploma in Civil Engineering,DIP-CIVIL,3,149,45611.00,active,2026-06-20 12:00:00
CRS_538,INST_0199,B.Tech Mechanical Engineering,MECH,4,168,51193.00,active,2026-06-27 12:00:00
CRS_539,INST_0199,B.Tech Artificial Intelligence and Data Science,AIDS,4,118,35598.00,active,2026-08-08 12:00:00
CRS_54,INST_0021,B.Pharm,PHARM,4,154,173134.00,active,2022-06-06 12:00:00
CRS_540,INST_0200,M.Tech Data Science,PG-DS,2,60,157833.00,active,2026-07-09 12:00:00
CRS_541,INST_0200,B.Tech Information Technology,IT,4,76,246751.00,active,2026-07-01 12:00:00
CRS_542,INST_0200,M.Tech Power Systems,PG-EEE,2,33,115595.00,active,2026-07-22 12:00:00
CRS_543,INST_0200,B.Tech Artificial Intelligence and Machine Learning,AIML,4,139,198243.00,active,2026-06-25 12:00:00
CRS_544,INST_0201,B.Tech Cybersecurity and Digital Forensics,CYS,4,148,158014.00,active,2022-09-08 12:00:00
CRS_545,INST_0201,B.Tech Internet of Things,IOT,4,125,128168.00,active,2026-06-23 12:00:00
CRS_546,INST_0202,MBA,MBA,2,147,119420.00,active,2026-05-08 12:00:00
CRS_547,INST_0202,M.Tech Data Science,PG-DS,2,34,46698.00,active,2026-08-11 12:00:00
CRS_548,INST_0202,M.Tech VLSI Design,PG-ECE,2,93,67814.00,active,2024-04-11 12:00:00
CRS_549,INST_0203,B.Arch,ARCH,5,100,188959.00,active,2023-06-20 12:00:00
CRS_55,INST_0021,B.Tech Cybersecurity and Digital Forensics,CYS,4,72,225676.00,active,2026-05-14 12:00:00
CRS_550,INST_0203,B.Tech Computer Science and Business Systems,CSBS,4,35,223148.00,closed,2026-08-08 12:00:00
CRS_551,INST_0203,B.Tech Biotechnology,BT,4,64,226276.00,active,2023-04-10 12:00:00
CRS_552,INST_0203,MBA Business Analytics,MBA-BA,2,103,137125.00,active,2021-11-12 12:00:00
CRS_553,INST_0204,M.Tech Computer Science,PG-CSE,2,147,30696.00,active,2026-06-28 12:00:00
CRS_554,INST_0204,MBA Business Analytics,MBA-BA,2,153,146031.00,active,2026-06-03 12:00:00
CRS_555,INST_0204,Diploma in Computer Engineering,DIP-CSE,3,121,104636.00,active,2023-09-18 12:00:00
CRS_556,INST_0204,B.Tech Aerospace Engineering,AE,4,132,242649.00,active,2024-10-30 12:00:00
CRS_557,INST_0205,Diploma in Computer Engineering,DIP-CSE,3,37,167528.00,active,2022-06-14 12:00:00
CRS_558,INST_0205,B.Tech Artificial Intelligence and Data Science,AIDS,4,59,68974.00,active,2026-08-13 12:00:00
CRS_559,INST_0205,B.Tech Automobile Engineering,AUTO,4,117,45732.00,closed,2021-06-25 12:00:00
CRS_56,INST_0022,B.Tech Computer Science and Business Systems,CSBS,4,134,138127.00,active,2025-03-22 12:00:00
CRS_560,INST_0205,B.Tech Civil Engineering,CIVIL,4,84,67781.00,active,2021-09-21 12:00:00
CRS_561,INST_0206,B.Tech Internet of Things,IOT,4,40,59026.00,active,2023-04-22 12:00:00
CRS_562,INST_0206,Diploma in Artificial Intelligence,DIP-AI,3,66,207457.00,active,2024-03-17 12:00:00
CRS_563,INST_0206,Diploma in Computer Engineering,DIP-CSE,3,104,216455.00,active,2024-08-13 12:00:00
CRS_564,INST_0207,B.Tech Aerospace Engineering,AE,4,153,34423.00,active,2026-06-19 12:00:00
CRS_565,INST_0207,Diploma in Artificial Intelligence,DIP-AI,3,33,52864.00,active,2026-07-03 12:00:00
CRS_566,INST_0207,B.Tech Internet of Things,IOT,4,69,140555.00,active,2026-07-03 12:00:00
CRS_567,INST_0208,B.Tech Electrical and Electronics Engineering,EEE,4,123,238665.00,closed,2022-10-03 12:00:00
CRS_568,INST_0208,B.Tech Artificial Intelligence and Machine Learning,AIML,4,66,131921.00,active,2026-05-19 12:00:00
CRS_569,INST_0209,B.Tech Internet of Things,IOT,4,135,86040.00,active,2026-06-04 12:00:00
CRS_57,INST_0022,B.Tech Electronics and Communication Engineering,ECE,4,178,43637.00,active,2026-05-23 12:00:00
CRS_570,INST_0209,B.Tech Electronics and Communication Engineering,ECE,4,63,138795.00,closed,2026-07-14 12:00:00
CRS_571,INST_0209,B.Tech Aerospace Engineering,AE,4,87,52462.00,closed,2026-04-22 12:00:00
CRS_572,INST_0209,B.Tech Electrical and Electronics Engineering,EEE,4,124,179882.00,active,2026-08-12 12:00:00
CRS_573,INST_0210,B.Tech Internet of Things,IOT,4,109,123173.00,active,2026-05-12 12:00:00
CRS_574,INST_0210,B.Tech Computer Science and Business Systems,CSBS,4,81,152180.00,active,2022-01-19 12:00:00
CRS_575,INST_0210,MBA Business Analytics,MBA-BA,2,102,78124.00,active,2026-04-30 12:00:00
CRS_576,INST_0211,M.Tech Data Science,PG-DS,2,44,151436.00,active,2025-03-18 12:00:00
CRS_577,INST_0211,B.Tech Biotechnology,BT,4,160,28680.00,active,2026-08-10 12:00:00
CRS_578,INST_0212,B.Pharm,PHARM,4,129,186677.00,active,2022-06-12 12:00:00
CRS_579,INST_0212,B.Tech Data Science,DS,4,143,126421.00,active,2026-05-05 12:00:00
CRS_58,INST_0022,B.Tech Computer Science and Engineering,CSE,4,60,216369.00,active,2026-05-12 12:00:00
CRS_580,INST_0213,B.Tech Artificial Intelligence and Data Science,AIDS,4,169,165939.00,active,2025-05-25 12:00:00
CRS_581,INST_0213,M.Tech VLSI Design,PG-ECE,2,85,128751.00,active,2026-07-23 12:00:00
CRS_582,INST_0214,B.Pharm,PHARM,4,152,88941.00,active,2022-04-18 12:00:00
CRS_583,INST_0214,B.Arch,ARCH,5,164,84565.00,active,2026-08-03 12:00:00
CRS_584,INST_0214,B.Tech Data Science,DS,4,78,117708.00,active,2025-05-02 12:00:00
CRS_585,INST_0215,B.Tech Computer Science and Engineering,CSE,4,100,77137.00,active,2026-06-23 12:00:00
CRS_586,INST_0215,B.Tech Chemical Engineering,CHEM,4,128,248669.00,active,2026-05-20 12:00:00
CRS_587,INST_0216,B.Tech Data Science,DS,4,86,120595.00,active,2021-07-30 12:00:00
CRS_588,INST_0216,B.Tech Civil Engineering,CIVIL,4,148,138281.00,active,2023-10-02 12:00:00
CRS_589,INST_0216,Diploma in Computer Engineering,DIP-CSE,3,33,166373.00,active,2024-12-01 12:00:00
CRS_59,INST_0022,M.Tech Power Systems,PG-EEE,2,83,217312.00,active,2026-07-26 12:00:00
CRS_590,INST_0216,B.Tech Biotechnology,BT,4,120,113089.00,active,2026-08-06 12:00:00
CRS_591,INST_0217,B.Pharm,PHARM,4,56,110826.00,active,2026-06-29 12:00:00
CRS_592,INST_0217,Diploma in Mechanical Engineering,DIP-MECH,3,171,164704.00,active,2022-11-06 12:00:00
CRS_593,INST_0217,B.Tech Computer Science and Business Systems,CSBS,4,47,207040.00,active,2026-05-12 12:00:00
CRS_594,INST_0218,Diploma in Civil Engineering,DIP-CIVIL,3,90,35182.00,active,2025-06-20 12:00:00
CRS_595,INST_0218,B.Tech Electronics and Communication Engineering,ECE,4,138,154868.00,active,2024-09-06 12:00:00
CRS_596,INST_0218,MCA,MCA,3,65,208109.00,active,2026-06-21 12:00:00
CRS_597,INST_0219,M.Tech Computer Science,PG-CSE,2,42,242765.00,closed,2021-06-09 12:00:00
CRS_598,INST_0219,B.Tech Cybersecurity and Digital Forensics,CYS,4,164,65195.00,active,2025-06-04 12:00:00
CRS_599,INST_0219,MCA,MCA,3,141,245844.00,active,2026-05-11 12:00:00
CRS_6,INST_0003,B.Tech Automobile Engineering,AUTO,4,131,218077.00,active,2026-05-13 12:00:00
CRS_60,INST_0023,Diploma in Civil Engineering,DIP-CIVIL,3,136,29464.00,active,2026-08-07 12:00:00
CRS_600,INST_0219,Diploma in Civil Engineering,DIP-CIVIL,3,171,174999.00,active,2026-06-04 12:00:00
CRS_601,INST_0220,M.Tech Data Science,PG-DS,2,131,41702.00,active,2023-04-08 12:00:00
CRS_602,INST_0220,B.Tech Information Technology,IT,4,99,242826.00,active,2026-05-15 12:00:00
CRS_603,INST_0220,B.Tech Computer Science and Engineering,CSE,4,166,176769.00,closed,2025-07-09 12:00:00
CRS_604,INST_0221,Diploma in Electrical Engineering,DIP-EEE,3,80,75706.00,closed,2022-07-08 12:00:00
CRS_605,INST_0221,B.Tech Information Technology,IT,4,155,226185.00,active,2023-07-22 12:00:00
CRS_606,INST_0221,B.Tech Chemical Engineering,CHEM,4,63,230061.00,active,2026-06-19 12:00:00
CRS_607,INST_0222,Diploma in Computer Engineering,DIP-CSE,3,103,224524.00,closed,2021-08-08 12:00:00
CRS_608,INST_0222,B.Tech Cybersecurity and Digital Forensics,CYS,4,180,194153.00,active,2026-05-20 12:00:00
CRS_609,INST_0222,B.Arch,ARCH,5,176,86633.00,active,2022-06-27 12:00:00
CRS_61,INST_0023,B.Tech Data Science,DS,4,125,41533.00,active,2026-04-21 12:00:00
CRS_610,INST_0222,B.Tech Data Science,DS,4,163,97176.00,closed,2026-07-02 12:00:00
CRS_611,INST_0223,M.Tech Computer Science,PG-CSE,2,163,50034.00,active,2026-07-16 12:00:00
CRS_612,INST_0223,B.Tech Civil Engineering,CIVIL,4,85,61534.00,active,2026-04-28 12:00:00
CRS_613,INST_0224,Diploma in Electrical Engineering,DIP-EEE,3,116,168842.00,active,2026-06-13 12:00:00
CRS_614,INST_0224,Diploma in Artificial Intelligence,DIP-AI,3,159,137171.00,active,2026-04-22 12:00:00
CRS_615,INST_0225,B.Arch,ARCH,5,64,44278.00,closed,2026-08-04 12:00:00
CRS_616,INST_0225,M.Tech Data Science,PG-DS,2,50,237971.00,active,2024-05-08 12:00:00
CRS_617,INST_0225,B.Tech Artificial Intelligence and Machine Learning,AIML,4,106,213805.00,active,2026-04-20 12:00:00
CRS_618,INST_0225,MBA Business Analytics,MBA-BA,2,79,70004.00,active,2026-08-06 12:00:00
CRS_619,INST_0226,M.Tech Computer Science,PG-CSE,2,55,230984.00,active,2021-09-16 12:00:00
CRS_62,INST_0024,B.Tech Chemical Engineering,CHEM,4,94,101770.00,closed,2026-07-11 12:00:00
CRS_620,INST_0226,M.Tech Power Systems,PG-EEE,2,92,171266.00,active,2026-06-09 12:00:00
CRS_621,INST_0226,M.Tech Artificial Intelligence,PG-AI,2,131,217477.00,active,2026-07-25 12:00:00
CRS_622,INST_0227,B.Tech Mechanical Engineering,MECH,4,60,219966.00,active,2026-05-07 12:00:00
CRS_623,INST_0227,MCA,MCA,3,146,231643.00,active,2026-06-29 12:00:00
CRS_624,INST_0229,B.Tech Automobile Engineering,AUTO,4,49,92617.00,closed,2023-07-12 12:00:00
CRS_625,INST_0229,B.Tech Data Science,DS,4,45,47796.00,closed,2026-06-30 12:00:00
CRS_626,INST_0229,B.Pharm,PHARM,4,107,55250.00,active,2025-02-15 12:00:00
CRS_627,INST_0231,B.Tech Civil Engineering,CIVIL,4,30,25503.00,active,2026-07-30 12:00:00
CRS_628,INST_0231,B.Tech Internet of Things,IOT,4,114,29410.00,active,2022-01-03 12:00:00
CRS_629,INST_0232,B.Tech Electrical and Electronics Engineering,EEE,4,51,105787.00,active,2024-12-06 12:00:00
CRS_63,INST_0024,Diploma in Electrical Engineering,DIP-EEE,3,35,210528.00,active,2021-09-29 12:00:00
CRS_630,INST_0012,B.Tech Chemical Engineering,CHEM,4,151,129759.00,active,2026-05-07 12:00:00
CRS_631,INST_0233,B.Tech Automobile Engineering,AUTO,4,50,163996.00,active,2026-08-16 12:00:00
CRS_632,INST_0233,B.Tech Chemical Engineering,CHEM,4,178,184598.00,active,2026-05-09 12:00:00
CRS_633,INST_0234,MCA,MCA,3,140,125470.00,active,2022-03-07 12:00:00
CRS_634,INST_0234,M.Tech Data Science,PG-DS,2,142,138001.00,active,2023-08-03 12:00:00
CRS_635,INST_0234,B.Tech Robotics and Automation,ROB,4,178,36682.00,active,2024-11-30 12:00:00
CRS_636,INST_0235,B.Tech Data Science,DS,4,140,191662.00,active,2022-02-19 12:00:00
CRS_637,INST_0235,B.Tech Chemical Engineering,CHEM,4,127,63370.00,active,2026-07-31 12:00:00
CRS_638,INST_0235,B.Pharm,PHARM,4,143,138509.00,active,2026-05-23 12:00:00
CRS_639,INST_0235,B.Tech Biotechnology,BT,4,71,187625.00,active,2024-05-06 12:00:00
CRS_64,INST_0025,B.Tech Chemical Engineering,CHEM,4,57,177128.00,active,2024-04-01 12:00:00
CRS_640,INST_0236,Diploma in Electrical Engineering,DIP-EEE,3,163,109702.00,active,2026-04-22 12:00:00
CRS_641,INST_0236,B.Tech Data Science,DS,4,179,170252.00,active,2022-09-20 12:00:00
CRS_642,INST_0185,MBA,MBA,2,163,151202.00,active,2026-05-07 12:00:00
CRS_643,INST_0185,Diploma in Civil Engineering,DIP-CIVIL,3,61,100514.00,active,2026-06-28 12:00:00
CRS_644,INST_0185,Diploma in Artificial Intelligence,DIP-AI,3,49,186369.00,active,2026-06-18 12:00:00
CRS_645,INST_0238,MBA,MBA,2,163,181343.00,active,2024-05-18 12:00:00
CRS_646,INST_0238,B.Tech Cybersecurity and Digital Forensics,CYS,4,127,208538.00,active,2026-06-23 12:00:00
CRS_647,INST_0239,Diploma in Civil Engineering,DIP-CIVIL,3,53,54217.00,active,2026-08-12 12:00:00
CRS_648,INST_0239,B.Tech Artificial Intelligence and Machine Learning,AIML,4,36,99328.00,active,2023-05-05 12:00:00
CRS_649,INST_0239,M.Tech Computer Science,PG-CSE,2,174,125019.00,active,2024-09-12 12:00:00
CRS_65,INST_0025,B.Tech Biotechnology,BT,4,44,103120.00,active,2026-05-20 12:00:00
CRS_650,INST_0240,MBA,MBA,2,116,195177.00,active,2026-04-23 12:00:00
CRS_651,INST_0240,B.Tech Cybersecurity and Digital Forensics,CYS,4,123,116193.00,closed,2026-07-30 12:00:00
CRS_652,INST_0240,Diploma in Computer Engineering,DIP-CSE,3,121,199201.00,active,2022-11-12 12:00:00
CRS_653,INST_0240,B.Tech Aerospace Engineering,AE,4,156,153376.00,active,2026-07-01 12:00:00
CRS_654,INST_0241,MCA,MCA,3,92,216168.00,closed,2026-07-19 12:00:00
CRS_655,INST_0241,B.Tech Artificial Intelligence and Machine Learning,AIML,4,164,147944.00,active,2026-06-05 12:00:00
CRS_656,INST_0241,Diploma in Electrical Engineering,DIP-EEE,3,84,240116.00,active,2023-06-27 12:00:00
CRS_657,INST_0242,Diploma in Artificial Intelligence,DIP-AI,3,155,229163.00,active,2022-05-23 12:00:00
CRS_658,INST_0242,B.Tech Chemical Engineering,CHEM,4,70,144327.00,closed,2026-08-15 12:00:00
CRS_659,INST_0242,B.Tech Electrical and Electronics Engineering,EEE,4,30,82467.00,active,2026-06-30 12:00:00
CRS_66,INST_0025,B.Tech Cybersecurity and Digital Forensics,CYS,4,119,194751.00,active,2025-04-15 12:00:00
CRS_660,INST_0242,B.Tech Electronics and Communication Engineering,ECE,4,149,95499.00,active,2026-07-02 12:00:00
CRS_661,INST_0243,B.Tech Artificial Intelligence and Data Science,AIDS,4,33,176216.00,active,2026-05-28 12:00:00
CRS_662,INST_0243,B.Tech Chemical Engineering,CHEM,4,83,170998.00,active,2026-08-16 12:00:00
CRS_663,INST_0243,M.Tech Data Science,PG-DS,2,67,58517.00,active,2026-05-23 12:00:00
CRS_664,INST_0243,B.Tech Computer Science and Business Systems,CSBS,4,134,166478.00,active,2026-07-26 12:00:00
CRS_665,INST_0244,B.Tech Data Science,DS,4,100,148326.00,active,2023-11-06 12:00:00
CRS_666,INST_0244,M.Tech Computer Science,PG-CSE,2,119,201544.00,active,2023-07-20 12:00:00
CRS_667,INST_0245,Diploma in Mechanical Engineering,DIP-MECH,3,68,66663.00,active,2022-07-10 12:00:00
CRS_668,INST_0245,B.Tech Electrical and Electronics Engineering,EEE,4,89,80209.00,closed,2026-08-13 12:00:00
CRS_669,INST_0245,B.Tech Electronics and Communication Engineering,ECE,4,112,148060.00,active,2021-11-03 12:00:00
CRS_67,INST_0025,B.Tech Information Technology,IT,4,61,33083.00,active,2026-07-24 12:00:00
CRS_670,INST_0246,Diploma in Civil Engineering,DIP-CIVIL,3,122,62739.00,closed,2024-11-21 12:00:00
CRS_671,INST_0246,B.Tech Cybersecurity and Digital Forensics,CYS,4,172,70335.00,active,2026-06-22 12:00:00
CRS_672,INST_0246,B.Pharm,PHARM,4,33,161975.00,active,2026-06-13 12:00:00
CRS_673,INST_0246,B.Tech Computer Science and Business Systems,CSBS,4,60,25293.00,active,2024-10-18 12:00:00
CRS_674,INST_0247,M.Tech Data Science,PG-DS,2,150,136181.00,active,2022-02-14 12:00:00
CRS_675,INST_0247,B.Tech Automobile Engineering,AUTO,4,99,188673.00,closed,2026-06-07 12:00:00
CRS_676,INST_0248,B.Tech Biotechnology,BT,4,85,164322.00,active,2026-06-14 12:00:00
CRS_677,INST_0248,B.Tech Internet of Things,IOT,4,167,106382.00,active,2026-05-03 12:00:00
CRS_678,INST_0248,B.Tech Mechanical Engineering,MECH,4,68,158241.00,closed,2022-11-04 12:00:00
CRS_679,INST_0249,M.Tech Power Systems,PG-EEE,2,160,133873.00,active,2022-12-02 12:00:00
CRS_68,INST_0026,M.Tech Data Science,PG-DS,2,147,224420.00,closed,2026-07-22 12:00:00
CRS_680,INST_0249,B.Tech Cybersecurity and Digital Forensics,CYS,4,130,92081.00,active,2023-11-24 12:00:00
CRS_681,INST_0250,B.Tech Chemical Engineering,CHEM,4,71,191031.00,active,2026-06-16 12:00:00
CRS_682,INST_0250,M.Tech Computer Science,PG-CSE,2,35,211873.00,active,2026-06-09 12:00:00
CRS_683,INST_0250,MBA,MBA,2,140,152519.00,active,2026-06-15 12:00:00
CRS_684,INST_0251,MBA,MBA,2,46,97350.00,active,2023-01-04 12:00:00
CRS_685,INST_0251,MBA Business Analytics,MBA-BA,2,104,111546.00,active,2026-06-20 12:00:00
CRS_686,INST_0252,Diploma in Computer Engineering,DIP-CSE,3,92,220596.00,active,2021-10-14 12:00:00
CRS_687,INST_0252,B.Pharm,PHARM,4,64,196869.00,active,2026-07-30 12:00:00
CRS_688,INST_0252,Diploma in Mechanical Engineering,DIP-MECH,3,153,97771.00,closed,2026-06-27 12:00:00
CRS_689,INST_0254,M.Tech VLSI Design,PG-ECE,2,103,221740.00,active,2024-04-28 12:00:00
CRS_69,INST_0026,B.Tech Computer Science and Engineering,CSE,4,99,214876.00,active,2026-04-26 12:00:00
CRS_690,INST_0254,M.Tech Computer Science,PG-CSE,2,44,79663.00,active,2022-10-07 12:00:00
CRS_691,INST_0254,B.Tech Computer Science and Business Systems,CSBS,4,60,194066.00,active,2026-06-19 12:00:00
CRS_692,INST_0254,Diploma in Mechanical Engineering,DIP-MECH,3,91,99579.00,active,2022-03-31 12:00:00
CRS_693,INST_0255,M.Tech Data Science,PG-DS,2,125,224731.00,active,2026-05-09 12:00:00
CRS_694,INST_0255,B.Pharm,PHARM,4,37,171213.00,active,2026-08-04 12:00:00
CRS_695,INST_0255,Diploma in Mechanical Engineering,DIP-MECH,3,180,37710.00,active,2026-07-24 12:00:00
CRS_696,INST_0255,MCA,MCA,3,140,34086.00,active,2026-07-03 12:00:00
CRS_697,INST_0256,B.Tech Civil Engineering,CIVIL,4,110,105922.00,active,2026-08-09 12:00:00
CRS_698,INST_0256,Diploma in Civil Engineering,DIP-CIVIL,3,90,79620.00,active,2026-06-19 12:00:00
CRS_699,INST_0256,B.Tech Mechanical Engineering,MECH,4,98,52193.00,active,2026-05-17 12:00:00
CRS_7,INST_0003,Diploma in Artificial Intelligence,DIP-AI,3,157,187146.00,active,2026-07-02 12:00:00
CRS_70,INST_0026,M.Tech Computer Science,PG-CSE,2,128,55598.00,active,2024-01-12 12:00:00
CRS_700,INST_0036,M.Tech Artificial Intelligence,PG-AI,2,118,229797.00,active,2026-05-31 12:00:00
CRS_701,INST_0257,M.Tech Power Systems,PG-EEE,2,41,237321.00,active,2024-04-27 12:00:00
CRS_702,INST_0257,Diploma in Civil Engineering,DIP-CIVIL,3,137,74903.00,active,2026-08-03 12:00:00
CRS_703,INST_0258,M.Tech Artificial Intelligence,PG-AI,2,82,66952.00,active,2025-05-21 12:00:00
CRS_704,INST_0258,Diploma in Artificial Intelligence,DIP-AI,3,164,63776.00,active,2026-05-12 12:00:00
CRS_705,INST_0258,MCA,MCA,3,79,221485.00,active,2025-05-24 12:00:00
CRS_706,INST_0258,B.Tech Internet of Things,IOT,4,77,69051.00,active,2025-06-09 12:00:00
CRS_707,INST_0255,B.Tech Chemical Engineering,CHEM,4,83,237665.00,active,2026-05-25 12:00:00
CRS_708,INST_0255,B.Tech Mechanical Engineering,MECH,4,39,220247.00,active,2026-05-16 12:00:00
CRS_709,INST_0255,Diploma in Electrical Engineering,DIP-EEE,3,161,125760.00,active,2021-06-27 12:00:00
CRS_71,INST_0026,Diploma in Computer Engineering,DIP-CSE,3,175,173941.00,active,2026-08-07 12:00:00
CRS_710,INST_0261,B.Tech Electrical and Electronics Engineering,EEE,4,76,120901.00,active,2022-04-16 12:00:00
CRS_711,INST_0261,MBA,MBA,2,124,187291.00,active,2026-08-11 12:00:00
CRS_712,INST_0261,M.Tech Computer Science,PG-CSE,2,47,249886.00,active,2026-06-28 12:00:00
CRS_713,INST_0261,B.Tech Artificial Intelligence and Machine Learning,AIML,4,109,124921.00,active,2026-07-06 12:00:00
CRS_714,INST_0262,M.Tech Power Systems,PG-EEE,2,173,108589.00,active,2026-04-19 12:00:00
CRS_715,INST_0262,B.Arch,ARCH,5,136,136084.00,active,2023-03-18 12:00:00
CRS_716,INST_0262,B.Tech Chemical Engineering,CHEM,4,131,122530.00,active,2026-05-26 12:00:00
CRS_717,INST_0263,B.Tech Electronics and Communication Engineering,ECE,4,34,77468.00,closed,2026-07-10 12:00:00
CRS_718,INST_0263,B.Tech Data Science,DS,4,30,115419.00,active,2026-06-04 12:00:00
CRS_719,INST_0263,B.Tech Computer Science and Business Systems,CSBS,4,133,103274.00,active,2026-07-23 12:00:00
CRS_72,INST_0027,MBA Business Analytics,MBA-BA,2,179,224324.00,closed,2026-08-14 12:00:00
CRS_720,INST_0264,Diploma in Mechanical Engineering,DIP-MECH,3,57,185941.00,active,2023-09-06 12:00:00
CRS_721,INST_0264,B.Tech Artificial Intelligence and Data Science,AIDS,4,166,211748.00,active,2026-07-06 12:00:00
CRS_722,INST_0264,Diploma in Computer Engineering,DIP-CSE,3,144,116685.00,active,2026-06-21 12:00:00
CRS_723,INST_0265,M.Tech Power Systems,PG-EEE,2,150,55485.00,active,2026-05-21 12:00:00
CRS_724,INST_0265,B.Tech Electronics and Communication Engineering,ECE,4,172,50176.00,active,2026-07-08 12:00:00
CRS_725,INST_0265,M.Tech Data Science,PG-DS,2,141,181695.00,active,2026-08-01 12:00:00
CRS_726,INST_0266,B.Tech Computer Science and Engineering,CSE,4,136,123535.00,active,2026-06-19 12:00:00
CRS_727,INST_0266,B.Tech Data Science,DS,4,113,165279.00,closed,2023-07-31 12:00:00
CRS_728,INST_0266,M.Tech Computer Science,PG-CSE,2,58,128004.00,active,2022-02-19 12:00:00
CRS_729,INST_0266,B.Tech Aerospace Engineering,AE,4,57,244518.00,active,2025-07-12 12:00:00
CRS_73,INST_0027,M.Tech Data Science,PG-DS,2,148,193521.00,active,2023-05-23 12:00:00
CRS_730,INST_0267,M.Tech Artificial Intelligence,PG-AI,2,168,191532.00,closed,2021-11-22 12:00:00
CRS_731,INST_0267,B.Pharm,PHARM,4,121,236147.00,active,2026-08-15 12:00:00
CRS_732,INST_0268,Diploma in Mechanical Engineering,DIP-MECH,3,77,209750.00,active,2024-03-04 12:00:00
CRS_733,INST_0268,B.Tech Cybersecurity and Digital Forensics,CYS,4,169,93834.00,active,2026-07-04 12:00:00
CRS_734,INST_0268,M.Tech Data Science,PG-DS,2,43,56863.00,active,2026-08-04 12:00:00
CRS_735,INST_0269,B.Tech Automobile Engineering,AUTO,4,132,179340.00,closed,2026-06-29 12:00:00
CRS_736,INST_0269,M.Tech Power Systems,PG-EEE,2,81,239715.00,active,2026-05-12 12:00:00
CRS_737,INST_0270,B.Tech Computer Science and Engineering,CSE,4,41,203983.00,closed,2026-06-08 12:00:00
CRS_738,INST_0270,B.Tech Robotics and Automation,ROB,4,175,174480.00,active,2026-05-13 12:00:00
CRS_739,INST_0270,B.Pharm,PHARM,4,176,239533.00,active,2022-02-23 12:00:00
CRS_74,INST_0028,Diploma in Mechanical Engineering,DIP-MECH,3,59,100775.00,active,2023-09-05 12:00:00
CRS_740,INST_0016,B.Tech Civil Engineering,CIVIL,4,86,89924.00,active,2026-06-28 12:00:00
CRS_741,INST_0271,Diploma in Civil Engineering,DIP-CIVIL,3,44,39648.00,active,2026-05-26 12:00:00
CRS_742,INST_0271,MBA Business Analytics,MBA-BA,2,154,74759.00,active,2026-08-08 12:00:00
CRS_743,INST_0272,B.Tech Aerospace Engineering,AE,4,133,211136.00,active,2026-06-28 12:00:00
CRS_744,INST_0272,B.Tech Robotics and Automation,ROB,4,38,232915.00,active,2025-04-25 12:00:00
CRS_745,INST_0272,B.Tech Cybersecurity and Digital Forensics,CYS,4,180,239672.00,active,2026-07-01 12:00:00
CRS_746,INST_0272,B.Tech Civil Engineering,CIVIL,4,41,155135.00,active,2025-05-10 12:00:00
CRS_747,INST_0273,B.Tech Internet of Things,IOT,4,144,118843.00,active,2026-05-26 12:00:00
CRS_748,INST_0273,Diploma in Artificial Intelligence,DIP-AI,3,167,119675.00,closed,2026-06-21 12:00:00
CRS_749,INST_0255,Diploma in Electrical Engineering,DIP-EEE,3,122,82502.00,closed,2026-05-31 12:00:00
CRS_75,INST_0028,MBA Business Analytics,MBA-BA,2,137,167957.00,closed,2026-05-27 12:00:00
CRS_750,INST_0274,B.Tech Internet of Things,IOT,4,127,26808.00,active,2026-06-01 12:00:00
CRS_751,INST_0274,B.Tech Biotechnology,BT,4,154,173738.00,active,2026-05-15 12:00:00
CRS_752,INST_0274,B.Tech Chemical Engineering,CHEM,4,48,76835.00,active,2026-07-13 12:00:00
CRS_753,INST_0275,B.Tech Electrical and Electronics Engineering,EEE,4,43,186835.00,active,2026-05-23 12:00:00
CRS_754,INST_0275,B.Tech Cybersecurity and Digital Forensics,CYS,4,62,48189.00,active,2026-07-17 12:00:00
CRS_755,INST_0276,B.Tech Internet of Things,IOT,4,64,144808.00,active,2026-07-08 12:00:00
CRS_756,INST_0001,B.Tech Electrical and Electronics Engineering,EEE,4,52,220526.00,active,2026-07-25 12:00:00
CRS_757,INST_0001,MBA,MBA,2,148,224070.00,closed,2023-07-11 12:00:00
CRS_758,INST_0277,MCA,MCA,3,135,193016.00,active,2026-06-08 12:00:00
CRS_759,INST_0277,B.Tech Cybersecurity and Digital Forensics,CYS,4,97,26440.00,active,2025-05-12 12:00:00
CRS_76,INST_0028,Diploma in Civil Engineering,DIP-CIVIL,3,47,133405.00,closed,2021-12-24 12:00:00
CRS_760,INST_0277,B.Tech Chemical Engineering,CHEM,4,98,205353.00,active,2022-08-08 12:00:00
CRS_761,INST_0277,B.Tech Biotechnology,BT,4,127,202695.00,active,2022-08-05 12:00:00
CRS_762,INST_0278,B.Tech Internet of Things,IOT,4,141,30075.00,active,2026-07-14 12:00:00
CRS_763,INST_0278,Diploma in Computer Engineering,DIP-CSE,3,110,177003.00,closed,2026-07-05 12:00:00
CRS_764,INST_0278,B.Tech Cybersecurity and Digital Forensics,CYS,4,113,180356.00,active,2026-08-02 12:00:00
CRS_765,INST_0278,MCA,MCA,3,150,188665.00,active,2022-06-10 12:00:00
CRS_766,INST_0279,MBA,MBA,2,122,84415.00,active,2022-05-31 12:00:00
CRS_767,INST_0279,B.Arch,ARCH,5,158,146735.00,active,2026-05-02 12:00:00
CRS_768,INST_0279,B.Tech Internet of Things,IOT,4,60,122330.00,active,2026-06-17 12:00:00
CRS_769,INST_0279,B.Tech Robotics and Automation,ROB,4,50,179035.00,active,2023-06-10 12:00:00
CRS_77,INST_0029,B.Tech Artificial Intelligence and Machine Learning,AIML,4,81,220330.00,active,2025-07-11 12:00:00
CRS_770,INST_0280,B.Tech Data Science,DS,4,68,42198.00,active,2026-06-14 12:00:00
CRS_771,INST_0280,B.Tech Chemical Engineering,CHEM,4,120,37702.00,closed,2026-05-02 12:00:00
CRS_772,INST_0280,B.Arch,ARCH,5,104,235695.00,active,2024-06-30 12:00:00
CRS_773,INST_0281,B.Tech Artificial Intelligence and Machine Learning,AIML,4,127,190257.00,active,2022-08-26 12:00:00
CRS_774,INST_0281,M.Tech VLSI Design,PG-ECE,2,163,198206.00,active,2026-07-06 12:00:00
CRS_775,INST_0281,B.Tech Biotechnology,BT,4,61,79231.00,active,2021-08-25 12:00:00
CRS_776,INST_0282,MBA Business Analytics,MBA-BA,2,146,165395.00,closed,2026-05-11 12:00:00
CRS_777,INST_0282,B.Tech Automobile Engineering,AUTO,4,60,147502.00,active,2023-01-30 12:00:00
CRS_778,INST_0282,MBA,MBA,2,131,140344.00,active,2026-07-02 12:00:00
CRS_779,INST_0282,B.Tech Robotics and Automation,ROB,4,164,101753.00,active,2026-06-27 12:00:00
CRS_78,INST_0029,B.Tech Mechanical Engineering,MECH,4,63,245813.00,closed,2025-02-12 12:00:00
CRS_780,INST_0283,B.Arch,ARCH,5,72,95562.00,active,2026-06-09 12:00:00
CRS_781,INST_0283,M.Tech Power Systems,PG-EEE,2,114,136550.00,active,2026-06-05 12:00:00
CRS_782,INST_0284,Diploma in Mechanical Engineering,DIP-MECH,3,170,175780.00,active,2026-05-20 12:00:00
CRS_783,INST_0284,B.Tech Automobile Engineering,AUTO,4,179,106983.00,active,2026-07-17 12:00:00
CRS_784,INST_0285,B.Tech Biotechnology,BT,4,95,107128.00,active,2026-05-06 12:00:00
CRS_785,INST_0285,Diploma in Artificial Intelligence,DIP-AI,3,48,25657.00,active,2024-12-12 12:00:00
CRS_786,INST_0286,B.Tech Robotics and Automation,ROB,4,86,172972.00,closed,2026-07-20 12:00:00
CRS_787,INST_0286,B.Tech Internet of Things,IOT,4,73,135010.00,active,2026-07-24 12:00:00
CRS_788,INST_0287,B.Tech Computer Science and Business Systems,CSBS,4,99,116494.00,active,2026-07-04 12:00:00
CRS_789,INST_0287,B.Tech Civil Engineering,CIVIL,4,152,230264.00,active,2024-11-26 12:00:00
CRS_79,INST_0029,Diploma in Electrical Engineering,DIP-EEE,3,79,117439.00,active,2026-05-25 12:00:00
CRS_790,INST_0289,M.Tech VLSI Design,PG-ECE,2,153,53721.00,active,2026-07-17 12:00:00
CRS_791,INST_0289,B.Tech Chemical Engineering,CHEM,4,64,184723.00,active,2026-06-16 12:00:00
CRS_792,INST_0289,B.Tech Aerospace Engineering,AE,4,141,73262.00,active,2024-05-08 12:00:00
CRS_793,INST_0289,B.Tech Artificial Intelligence and Data Science,AIDS,4,52,168274.00,closed,2026-05-17 12:00:00
CRS_794,INST_0290,B.Tech Robotics and Automation,ROB,4,121,169509.00,active,2025-07-04 12:00:00
CRS_795,INST_0290,B.Tech Civil Engineering,CIVIL,4,143,209134.00,active,2026-06-25 12:00:00
CRS_796,INST_0290,B.Tech Computer Science and Business Systems,CSBS,4,160,187834.00,active,2026-05-27 12:00:00
CRS_797,INST_0290,B.Tech Internet of Things,IOT,4,98,27190.00,active,2024-11-02 12:00:00
CRS_798,INST_0291,B.Tech Artificial Intelligence and Machine Learning,AIML,4,127,56215.00,active,2026-05-06 12:00:00
CRS_799,INST_0291,B.Pharm,PHARM,4,175,62295.00,active,2025-03-12 12:00:00
CRS_8,INST_0004,B.Tech Electronics and Communication Engineering,ECE,4,101,86433.00,active,2026-07-29 12:00:00
CRS_80,INST_0030,Diploma in Civil Engineering,DIP-CIVIL,3,155,175431.00,active,2026-07-11 12:00:00
CRS_800,INST_0291,B.Tech Electrical and Electronics Engineering,EEE,4,154,217975.00,active,2026-07-01 12:00:00
CRS_801,INST_0291,Diploma in Computer Engineering,DIP-CSE,3,91,104285.00,closed,2026-07-24 12:00:00
CRS_802,INST_0292,B.Tech Aerospace Engineering,AE,4,51,226537.00,active,2026-05-08 12:00:00
CRS_803,INST_0292,B.Tech Artificial Intelligence and Machine Learning,AIML,4,93,56756.00,active,2026-07-30 12:00:00
CRS_804,INST_0292,B.Tech Data Science,DS,4,148,35002.00,closed,2022-02-03 12:00:00
CRS_805,INST_0293,B.Tech Artificial Intelligence and Machine Learning,AIML,4,137,173811.00,active,2022-11-05 12:00:00
CRS_806,INST_0293,Diploma in Civil Engineering,DIP-CIVIL,3,179,218410.00,active,2026-06-17 12:00:00
CRS_807,INST_0293,B.Tech Internet of Things,IOT,4,42,205867.00,closed,2026-06-17 12:00:00
CRS_808,INST_0293,B.Tech Biotechnology,BT,4,156,233866.00,active,2023-06-22 12:00:00
CRS_809,INST_0294,B.Tech Data Science,DS,4,177,245509.00,active,2026-06-16 12:00:00
CRS_81,INST_0030,M.Tech Data Science,PG-DS,2,133,230875.00,active,2026-07-28 12:00:00
CRS_810,INST_0294,Diploma in Computer Engineering,DIP-CSE,3,31,215645.00,active,2021-12-20 12:00:00
CRS_811,INST_0294,B.Tech Artificial Intelligence and Data Science,AIDS,4,180,223066.00,active,2025-03-19 12:00:00
CRS_812,INST_0295,B.Tech Data Science,DS,4,151,196722.00,active,2024-03-20 12:00:00
CRS_813,INST_0295,Diploma in Civil Engineering,DIP-CIVIL,3,50,116833.00,active,2026-05-06 12:00:00
CRS_814,INST_0295,B.Tech Mechanical Engineering,MECH,4,84,212470.00,closed,2026-05-23 12:00:00
CRS_815,INST_0295,Diploma in Computer Engineering,DIP-CSE,3,116,196020.00,active,2023-03-01 12:00:00
CRS_816,INST_0296,B.Tech Electronics and Communication Engineering,ECE,4,32,240312.00,active,2026-07-03 12:00:00
CRS_817,INST_0296,B.Tech Data Science,DS,4,132,200052.00,active,2026-07-12 12:00:00
CRS_818,INST_0296,B.Tech Electrical and Electronics Engineering,EEE,4,45,65286.00,active,2026-07-18 12:00:00
CRS_819,INST_0296,B.Tech Chemical Engineering,CHEM,4,154,124892.00,active,2026-07-12 12:00:00
CRS_82,INST_0030,MBA,MBA,2,105,213860.00,active,2024-01-02 12:00:00
CRS_820,INST_0255,B.Tech Electrical and Electronics Engineering,EEE,4,67,136375.00,closed,2025-06-01 12:00:00
CRS_821,INST_0255,B.Tech Internet of Things,IOT,4,108,179632.00,active,2026-04-27 12:00:00
CRS_822,INST_0255,Diploma in Civil Engineering,DIP-CIVIL,3,162,38133.00,active,2026-04-29 12:00:00
CRS_823,INST_0298,B.Tech Civil Engineering,CIVIL,4,121,211886.00,active,2023-08-05 12:00:00
CRS_824,INST_0298,B.Tech Chemical Engineering,CHEM,4,69,138245.00,active,2025-05-25 12:00:00
CRS_825,INST_0298,Diploma in Computer Engineering,DIP-CSE,3,39,82190.00,active,2026-07-31 12:00:00
CRS_826,INST_0298,B.Tech Computer Science and Engineering,CSE,4,161,188378.00,closed,2022-09-13 12:00:00
CRS_827,INST_0047,B.Tech Computer Science and Engineering,CSE,4,98,115403.00,active,2026-06-17 12:00:00
CRS_828,INST_0047,B.Tech Artificial Intelligence and Machine Learning,AIML,4,155,127312.00,active,2021-09-30 12:00:00
CRS_829,INST_0300,M.Tech Computer Science,PG-CSE,2,107,110649.00,active,2026-07-02 12:00:00
CRS_83,INST_0031,B.Tech Cybersecurity and Digital Forensics,CYS,4,35,29497.00,active,2024-12-22 12:00:00
CRS_830,INST_0300,Diploma in Artificial Intelligence,DIP-AI,3,63,209145.00,active,2021-07-05 12:00:00
CRS_831,INST_0301,Diploma in Computer Engineering,DIP-CSE,3,146,151361.00,active,2026-06-07 12:00:00
CRS_832,INST_0301,Diploma in Civil Engineering,DIP-CIVIL,3,128,90513.00,active,2024-08-25 12:00:00
CRS_833,INST_0302,B.Tech Chemical Engineering,CHEM,4,95,28089.00,active,2026-07-30 12:00:00
CRS_834,INST_0302,B.Tech Artificial Intelligence and Data Science,AIDS,4,39,141683.00,active,2023-11-25 12:00:00
CRS_835,INST_0302,Diploma in Mechanical Engineering,DIP-MECH,3,96,51362.00,closed,2026-07-24 12:00:00
CRS_836,INST_0303,Diploma in Computer Engineering,DIP-CSE,3,79,126195.00,active,2024-12-31 12:00:00
CRS_837,INST_0303,B.Tech Cybersecurity and Digital Forensics,CYS,4,57,38437.00,active,2023-09-05 12:00:00
CRS_838,INST_0304,B.Tech Aerospace Engineering,AE,4,80,102531.00,active,2026-05-19 12:00:00
CRS_839,INST_0304,B.Tech Computer Science and Engineering,CSE,4,151,238056.00,active,2022-04-11 12:00:00
CRS_84,INST_0031,Diploma in Computer Engineering,DIP-CSE,3,36,245681.00,active,2021-09-08 12:00:00
CRS_840,INST_0304,B.Tech Data Science,DS,4,115,181820.00,active,2026-07-22 12:00:00
CRS_841,INST_0304,B.Tech Chemical Engineering,CHEM,4,68,46305.00,active,2022-09-16 12:00:00
CRS_842,INST_0255,B.Tech Chemical Engineering,CHEM,4,58,204450.00,active,2026-04-30 12:00:00
CRS_843,INST_0255,B.Tech Civil Engineering,CIVIL,4,169,242865.00,active,2022-04-24 12:00:00
CRS_844,INST_0306,B.Tech Chemical Engineering,CHEM,4,34,70647.00,active,2026-07-27 12:00:00
CRS_845,INST_0306,Diploma in Electrical Engineering,DIP-EEE,3,33,85676.00,active,2026-05-22 12:00:00
CRS_846,INST_0306,B.Tech Mechanical Engineering,MECH,4,95,215442.00,active,2026-04-18 12:00:00
CRS_847,INST_0306,B.Pharm,PHARM,4,175,148796.00,active,2024-08-21 12:00:00
CRS_848,INST_0308,M.Tech Computer Science,PG-CSE,2,137,27664.00,active,2026-05-11 12:00:00
CRS_849,INST_0308,B.Tech Computer Science and Business Systems,CSBS,4,97,110215.00,active,2023-01-04 12:00:00
CRS_85,INST_0031,M.Tech Artificial Intelligence,PG-AI,2,52,136283.00,active,2026-07-29 12:00:00
CRS_850,INST_0308,B.Tech Information Technology,IT,4,167,214242.00,active,2023-07-15 12:00:00
CRS_851,INST_0309,Diploma in Civil Engineering,DIP-CIVIL,3,38,120423.00,closed,2025-04-18 12:00:00
CRS_852,INST_0309,B.Tech Civil Engineering,CIVIL,4,134,89467.00,active,2026-05-25 12:00:00
CRS_853,INST_0309,B.Tech Electrical and Electronics Engineering,EEE,4,141,172384.00,active,2026-08-16 12:00:00
CRS_854,INST_0309,M.Tech Artificial Intelligence,PG-AI,2,89,177325.00,active,2026-07-19 12:00:00
CRS_855,INST_0310,B.Tech Data Science,DS,4,43,105075.00,active,2022-08-20 12:00:00
CRS_856,INST_0310,MBA Business Analytics,MBA-BA,2,133,53428.00,active,2026-05-26 12:00:00
CRS_857,INST_0310,M.Tech Artificial Intelligence,PG-AI,2,142,91227.00,active,2026-05-06 12:00:00
CRS_858,INST_0311,Diploma in Electrical Engineering,DIP-EEE,3,61,209001.00,active,2024-12-20 12:00:00
CRS_859,INST_0311,M.Tech Power Systems,PG-EEE,2,141,203531.00,active,2026-05-28 12:00:00
CRS_86,INST_0032,B.Tech Artificial Intelligence and Data Science,AIDS,4,87,72596.00,active,2026-04-24 12:00:00
CRS_860,INST_0311,B.Tech Chemical Engineering,CHEM,4,115,53704.00,closed,2026-05-15 12:00:00
CRS_861,INST_0312,Diploma in Artificial Intelligence,DIP-AI,3,92,25560.00,active,2026-04-26 12:00:00
CRS_862,INST_0312,MBA Business Analytics,MBA-BA,2,72,160463.00,active,2025-05-06 12:00:00
CRS_863,INST_0314,B.Tech Automobile Engineering,AUTO,4,31,247184.00,active,2026-04-26 12:00:00
CRS_864,INST_0314,B.Tech Cybersecurity and Digital Forensics,CYS,4,176,74983.00,active,2026-07-16 12:00:00
CRS_865,INST_0314,MBA Business Analytics,MBA-BA,2,142,178200.00,active,2026-05-20 12:00:00
CRS_866,INST_0314,M.Tech Power Systems,PG-EEE,2,102,88223.00,active,2026-06-06 12:00:00
CRS_867,INST_0316,Diploma in Mechanical Engineering,DIP-MECH,3,162,97595.00,active,2026-05-06 12:00:00
CRS_868,INST_0316,B.Tech Artificial Intelligence and Machine Learning,AIML,4,166,111443.00,active,2026-04-28 12:00:00
CRS_869,INST_0316,B.Tech Internet of Things,IOT,4,175,153716.00,active,2024-07-01 12:00:00
CRS_87,INST_0032,B.Tech Chemical Engineering,CHEM,4,102,248857.00,active,2026-06-02 12:00:00
CRS_870,INST_0317,B.Tech Information Technology,IT,4,171,79637.00,active,2021-12-27 12:00:00
CRS_871,INST_0317,B.Pharm,PHARM,4,85,182342.00,active,2026-06-05 12:00:00
CRS_872,INST_0320,B.Tech Electronics and Communication Engineering,ECE,4,57,101894.00,closed,2026-07-08 12:00:00
CRS_873,INST_0320,M.Tech Computer Science,PG-CSE,2,30,238232.00,active,2026-04-25 12:00:00
CRS_874,INST_0320,B.Tech Electrical and Electronics Engineering,EEE,4,85,93990.00,active,2024-02-29 12:00:00
CRS_875,INST_0320,B.Tech Information Technology,IT,4,51,94577.00,closed,2021-06-10 12:00:00
CRS_876,INST_0321,B.Tech Automobile Engineering,AUTO,4,157,174291.00,active,2022-08-29 12:00:00
CRS_877,INST_0321,M.Tech Computer Science,PG-CSE,2,58,224027.00,active,2026-07-23 12:00:00
CRS_878,INST_0322,B.Tech Internet of Things,IOT,4,35,138301.00,active,2024-10-19 12:00:00
CRS_879,INST_0322,Diploma in Computer Engineering,DIP-CSE,3,166,231542.00,active,2026-05-16 12:00:00
CRS_88,INST_0033,B.Tech Aerospace Engineering,AE,4,82,29991.00,active,2026-06-17 12:00:00
CRS_880,INST_0322,M.Tech Artificial Intelligence,PG-AI,2,72,225383.00,active,2024-11-30 12:00:00
CRS_881,INST_0323,MBA Business Analytics,MBA-BA,2,178,60207.00,active,2026-05-11 12:00:00
CRS_882,INST_0323,M.Tech Power Systems,PG-EEE,2,39,75549.00,active,2026-06-12 12:00:00
CRS_883,INST_0323,Diploma in Artificial Intelligence,DIP-AI,3,124,41294.00,active,2026-05-04 12:00:00
CRS_884,INST_0323,B.Tech Computer Science and Engineering,CSE,4,151,94205.00,active,2026-08-06 12:00:00
CRS_885,INST_0324,B.Arch,ARCH,5,32,207999.00,active,2022-03-20 12:00:00
CRS_886,INST_0324,Diploma in Civil Engineering,DIP-CIVIL,3,65,106158.00,closed,2025-01-29 12:00:00
CRS_887,INST_0324,B.Tech Electronics and Communication Engineering,ECE,4,177,160483.00,active,2024-03-22 12:00:00
CRS_888,INST_0324,B.Tech Aerospace Engineering,AE,4,87,124557.00,active,2026-05-29 12:00:00
CRS_889,INST_0325,B.Tech Computer Science and Business Systems,CSBS,4,153,67087.00,active,2026-04-22 12:00:00
CRS_89,INST_0033,MBA,MBA,2,110,221552.00,active,2025-02-04 12:00:00
CRS_890,INST_0325,B.Tech Electronics and Communication Engineering,ECE,4,37,90321.00,active,2026-07-26 12:00:00
CRS_891,INST_0325,Diploma in Civil Engineering,DIP-CIVIL,3,59,125256.00,active,2026-06-24 12:00:00
CRS_892,INST_0326,Diploma in Civil Engineering,DIP-CIVIL,3,91,219890.00,active,2026-07-27 12:00:00
CRS_893,INST_0326,M.Tech Computer Science,PG-CSE,2,145,67209.00,active,2025-07-06 12:00:00
CRS_894,INST_0326,B.Tech Aerospace Engineering,AE,4,75,74933.00,active,2025-02-03 12:00:00
CRS_895,INST_0326,B.Tech Computer Science and Engineering,CSE,4,52,216918.00,active,2026-08-06 12:00:00
CRS_896,INST_0327,Diploma in Computer Engineering,DIP-CSE,3,62,122046.00,active,2026-04-29 12:00:00
CRS_897,INST_0327,B.Tech Biotechnology,BT,4,97,175219.00,active,2026-05-05 12:00:00
CRS_898,INST_0327,Diploma in Mechanical Engineering,DIP-MECH,3,136,213211.00,active,2021-11-11 12:00:00
CRS_899,INST_0328,M.Tech VLSI Design,PG-ECE,2,100,148765.00,active,2026-06-16 12:00:00
CRS_9,INST_0004,B.Tech Data Science,DS,4,150,155521.00,active,2026-07-21 12:00:00
CRS_90,INST_0033,MCA,MCA,3,36,219745.00,active,2026-05-23 12:00:00
CRS_900,INST_0328,B.Tech Robotics and Automation,ROB,4,117,73171.00,active,2026-05-10 12:00:00
CRS_901,INST_0328,B.Tech Mechanical Engineering,MECH,4,157,55679.00,active,2022-02-14 12:00:00
CRS_902,INST_0328,B.Tech Civil Engineering,CIVIL,4,74,27873.00,active,2026-07-06 12:00:00
CRS_903,INST_0329,B.Tech Artificial Intelligence and Machine Learning,AIML,4,178,245052.00,active,2026-07-13 12:00:00
CRS_904,INST_0329,B.Pharm,PHARM,4,138,155382.00,active,2021-07-31 12:00:00
CRS_905,INST_0330,B.Arch,ARCH,5,165,247842.00,closed,2026-08-03 12:00:00
CRS_906,INST_0330,B.Tech Civil Engineering,CIVIL,4,39,198886.00,active,2026-07-23 12:00:00
CRS_907,INST_0330,B.Tech Artificial Intelligence and Data Science,AIDS,4,90,196593.00,active,2026-06-05 12:00:00
CRS_908,INST_0330,M.Tech Power Systems,PG-EEE,2,52,181215.00,active,2026-07-03 12:00:00
CRS_909,INST_0331,B.Tech Internet of Things,IOT,4,164,221009.00,active,2023-11-07 12:00:00
CRS_91,INST_0033,Diploma in Mechanical Engineering,DIP-MECH,3,92,42361.00,active,2026-05-18 12:00:00
CRS_910,INST_0331,Diploma in Artificial Intelligence,DIP-AI,3,120,194041.00,active,2023-02-27 12:00:00
CRS_911,INST_0331,M.Tech Computer Science,PG-CSE,2,72,166992.00,active,2026-04-24 12:00:00
CRS_912,INST_0331,B.Tech Computer Science and Engineering,CSE,4,112,158030.00,active,2026-07-30 12:00:00
CRS_913,INST_0255,B.Tech Civil Engineering,CIVIL,4,121,213813.00,active,2026-05-15 12:00:00
CRS_914,INST_0255,B.Tech Chemical Engineering,CHEM,4,108,38292.00,active,2024-02-22 12:00:00
CRS_915,INST_0255,M.Tech VLSI Design,PG-ECE,2,107,105344.00,active,2026-04-30 12:00:00
CRS_916,INST_0333,B.Tech Cybersecurity and Digital Forensics,CYS,4,81,34257.00,active,2021-08-22 12:00:00
CRS_917,INST_0333,MBA,MBA,2,112,44020.00,closed,2025-04-18 12:00:00
CRS_918,INST_0333,B.Tech Computer Science and Engineering,CSE,4,46,172190.00,active,2022-01-26 12:00:00
CRS_919,INST_0334,Diploma in Computer Engineering,DIP-CSE,3,47,177121.00,closed,2026-07-09 12:00:00
CRS_92,INST_0034,B.Tech Artificial Intelligence and Machine Learning,AIML,4,47,46382.00,active,2023-07-13 12:00:00
CRS_920,INST_0334,B.Tech Data Science,DS,4,64,72797.00,active,2023-01-01 12:00:00
CRS_921,INST_0334,Diploma in Artificial Intelligence,DIP-AI,3,104,211281.00,active,2026-06-04 12:00:00
CRS_922,INST_0255,B.Tech Computer Science and Business Systems,CSBS,4,150,204117.00,active,2026-07-24 12:00:00
CRS_923,INST_0255,B.Tech Cybersecurity and Digital Forensics,CYS,4,97,27718.00,active,2024-05-02 12:00:00
CRS_924,INST_0255,B.Tech Electronics and Communication Engineering,ECE,4,127,98596.00,active,2023-04-08 12:00:00
CRS_925,INST_0255,B.Tech Artificial Intelligence and Machine Learning,AIML,4,78,83039.00,active,2026-05-27 12:00:00
CRS_926,INST_0336,B.Tech Automobile Engineering,AUTO,4,173,86046.00,active,2026-05-31 12:00:00
CRS_927,INST_0010,M.Tech Power Systems,PG-EEE,2,179,69755.00,active,2026-04-29 12:00:00
CRS_928,INST_0336,M.Tech Data Science,PG-DS,2,50,155994.00,active,2026-06-30 12:00:00
CRS_929,INST_0336,M.Tech VLSI Design,PG-ECE,2,169,64173.00,closed,2024-11-12 12:00:00
CRS_93,INST_0034,B.Tech Automobile Engineering,AUTO,4,110,152387.00,active,2026-06-18 12:00:00
CRS_930,INST_0337,B.Tech Electrical and Electronics Engineering,EEE,4,32,136427.00,active,2023-10-25 12:00:00
CRS_931,INST_0337,B.Tech Robotics and Automation,ROB,4,118,176263.00,active,2023-08-01 12:00:00
CRS_932,INST_0337,B.Tech Computer Science and Engineering,CSE,4,153,145818.00,closed,2023-10-18 12:00:00
CRS_933,INST_0337,B.Tech Electronics and Communication Engineering,ECE,4,96,222706.00,active,2026-07-30 12:00:00
CRS_934,INST_0338,B.Tech Artificial Intelligence and Data Science,AIDS,4,130,105989.00,active,2026-05-05 12:00:00
CRS_935,INST_0338,B.Tech Mechanical Engineering,MECH,4,102,116280.00,active,2026-06-18 12:00:00
CRS_936,INST_0338,B.Pharm,PHARM,4,54,233246.00,active,2022-03-01 12:00:00
CRS_937,INST_0340,B.Tech Biotechnology,BT,4,112,30436.00,active,2026-08-02 12:00:00
CRS_938,INST_0340,B.Tech Electronics and Communication Engineering,ECE,4,69,249638.00,active,2026-06-23 12:00:00
CRS_939,INST_0341,Diploma in Civil Engineering,DIP-CIVIL,3,57,64974.00,active,2026-05-21 12:00:00
CRS_94,INST_0034,B.Tech Artificial Intelligence and Data Science,AIDS,4,105,138285.00,active,2026-05-19 12:00:00
CRS_940,INST_0341,B.Tech Mechanical Engineering,MECH,4,144,26922.00,active,2026-05-10 12:00:00
CRS_941,INST_0343,B.Tech Data Science,DS,4,170,113117.00,active,2023-03-28 12:00:00
CRS_942,INST_0343,B.Tech Aerospace Engineering,AE,4,75,214409.00,active,2024-10-04 12:00:00
CRS_943,INST_0343,Diploma in Mechanical Engineering,DIP-MECH,3,93,163412.00,active,2026-06-08 12:00:00
CRS_944,INST_0344,B.Tech Information Technology,IT,4,48,50679.00,active,2026-08-07 12:00:00
CRS_945,INST_0344,M.Tech Power Systems,PG-EEE,2,169,195186.00,active,2024-02-27 12:00:00
CRS_946,INST_0344,B.Tech Chemical Engineering,CHEM,4,32,189645.00,active,2024-04-24 12:00:00
CRS_947,INST_0345,B.Tech Computer Science and Business Systems,CSBS,4,94,95726.00,active,2026-05-02 12:00:00
CRS_948,INST_0345,B.Pharm,PHARM,4,64,207262.00,active,2025-01-11 12:00:00
CRS_949,INST_0345,M.Tech Computer Science,PG-CSE,2,171,199528.00,active,2026-07-11 12:00:00
CRS_95,INST_0034,MBA Business Analytics,MBA-BA,2,155,245238.00,active,2024-10-31 12:00:00
CRS_950,INST_0345,B.Tech Civil Engineering,CIVIL,4,151,46769.00,active,2026-08-04 12:00:00
CRS_951,INST_0346,B.Tech Automobile Engineering,AUTO,4,119,163494.00,active,2026-08-05 12:00:00
CRS_952,INST_0346,B.Tech Mechanical Engineering,MECH,4,179,135940.00,closed,2026-07-11 12:00:00
CRS_953,INST_0346,B.Tech Internet of Things,IOT,4,173,204899.00,active,2021-07-27 12:00:00
CRS_954,INST_0346,B.Tech Biotechnology,BT,4,66,159864.00,active,2022-04-30 12:00:00
CRS_955,INST_0347,MBA Business Analytics,MBA-BA,2,172,40457.00,active,2026-05-18 12:00:00
CRS_956,INST_0347,B.Tech Robotics and Automation,ROB,4,68,175830.00,closed,2026-06-20 12:00:00
CRS_957,INST_0347,B.Tech Data Science,DS,4,105,90785.00,active,2026-05-18 12:00:00
CRS_958,INST_0347,M.Tech Data Science,PG-DS,2,132,154523.00,active,2022-02-23 12:00:00
CRS_959,INST_0348,B.Tech Computer Science and Business Systems,CSBS,4,32,115943.00,closed,2021-06-03 12:00:00
CRS_96,INST_0035,M.Tech Computer Science,PG-CSE,2,118,193419.00,active,2023-10-22 12:00:00
CRS_960,INST_0348,B.Tech Artificial Intelligence and Data Science,AIDS,4,175,62870.00,active,2026-07-28 12:00:00
CRS_961,INST_0255,B.Tech Artificial Intelligence and Machine Learning,AIML,4,162,193651.00,active,2022-05-15 12:00:00
CRS_962,INST_0255,B.Tech Data Science,DS,4,112,249565.00,closed,2026-07-22 12:00:00
CRS_963,INST_0350,M.Tech VLSI Design,PG-ECE,2,110,42180.00,active,2026-04-18 12:00:00
CRS_964,INST_0350,Diploma in Computer Engineering,DIP-CSE,3,163,218272.00,active,2026-06-01 12:00:00
CRS_965,INST_0350,B.Tech Electrical and Electronics Engineering,EEE,4,60,208337.00,active,2026-05-13 12:00:00
CRS_966,INST_0350,B.Tech Computer Science and Engineering,CSE,4,97,97888.00,active,2026-06-09 12:00:00
CRS_967,INST_0351,M.Tech VLSI Design,PG-ECE,2,43,108032.00,active,2026-06-19 12:00:00
CRS_968,INST_0351,Diploma in Civil Engineering,DIP-CIVIL,3,50,230769.00,active,2025-02-04 12:00:00
CRS_969,INST_0351,B.Tech Internet of Things,IOT,4,152,219940.00,active,2026-04-21 12:00:00
CRS_97,INST_0035,B.Tech Computer Science and Business Systems,CSBS,4,89,42230.00,closed,2026-05-12 12:00:00
CRS_970,INST_0352,MBA,MBA,2,53,165643.00,active,2026-06-29 12:00:00
CRS_971,INST_0352,B.Tech Robotics and Automation,ROB,4,72,72648.00,active,2026-07-21 12:00:00
CRS_972,INST_0352,Diploma in Electrical Engineering,DIP-EEE,3,147,223772.00,active,2026-06-30 12:00:00
CRS_973,INST_0352,B.Tech Internet of Things,IOT,4,115,204309.00,active,2026-06-24 12:00:00
CRS_974,INST_0353,B.Tech Computer Science and Business Systems,CSBS,4,90,133798.00,active,2026-07-07 12:00:00
CRS_975,INST_0353,MCA,MCA,3,149,143197.00,active,2026-07-01 12:00:00
CRS_976,INST_0353,B.Tech Robotics and Automation,ROB,4,78,121504.00,active,2021-11-26 12:00:00
CRS_977,INST_0353,B.Tech Electrical and Electronics Engineering,EEE,4,136,110890.00,active,2026-06-29 12:00:00
CRS_978,INST_0354,B.Pharm,PHARM,4,113,219001.00,active,2026-04-27 12:00:00
CRS_979,INST_0354,B.Tech Civil Engineering,CIVIL,4,57,168587.00,active,2026-05-20 12:00:00
CRS_98,INST_0035,M.Tech Artificial Intelligence,PG-AI,2,96,124388.00,active,2021-09-25 12:00:00
CRS_980,INST_0354,B.Tech Electrical and Electronics Engineering,EEE,4,161,207372.00,active,2026-08-10 12:00:00
CRS_981,INST_0355,M.Tech Artificial Intelligence,PG-AI,2,74,89522.00,active,2026-05-07 12:00:00
CRS_982,INST_0355,B.Pharm,PHARM,4,71,187212.00,active,2026-06-06 12:00:00
CRS_983,INST_0356,B.Tech Computer Science and Business Systems,CSBS,4,155,186199.00,active,2026-05-19 12:00:00
CRS_984,INST_0356,B.Tech Information Technology,IT,4,114,213947.00,active,2026-07-28 12:00:00
CRS_985,INST_0356,B.Tech Computer Science and Engineering,CSE,4,169,111748.00,active,2026-05-28 12:00:00
CRS_986,INST_0356,M.Tech VLSI Design,PG-ECE,2,34,112189.00,active,2026-05-07 12:00:00
CRS_987,INST_0357,MBA,MBA,2,73,211966.00,active,2026-05-19 12:00:00
CRS_988,INST_0357,Diploma in Electrical Engineering,DIP-EEE,3,119,104811.00,active,2026-07-06 12:00:00
CRS_989,INST_0357,M.Tech Data Science,PG-DS,2,52,207537.00,closed,2026-06-19 12:00:00
CRS_99,INST_0036,B.Tech Computer Science and Business Systems,CSBS,4,160,174921.00,active,2026-06-25 12:00:00
CRS_990,INST_0357,B.Tech Cybersecurity and Digital Forensics,CYS,4,78,210267.00,active,2024-02-17 12:00:00
CRS_991,INST_0358,Diploma in Electrical Engineering,DIP-EEE,3,129,63504.00,active,2024-04-13 12:00:00
CRS_992,INST_0358,M.Tech Data Science,PG-DS,2,110,39263.00,active,2024-05-24 12:00:00
CRS_993,INST_0359,Diploma in Artificial Intelligence,DIP-AI,3,163,112960.00,active,2026-04-22 12:00:00
CRS_994,INST_0359,B.Tech Mechanical Engineering,MECH,4,92,196075.00,active,2024-04-16 12:00:00
CRS_995,INST_0361,M.Tech VLSI Design,PG-ECE,2,120,194872.00,active,2026-05-29 12:00:00
CRS_996,INST_0361,B.Tech Mechanical Engineering,MECH,4,143,114706.00,active,2026-06-24 12:00:00
CRS_997,INST_0362,M.Tech Artificial Intelligence,PG-AI,2,79,76468.00,active,2026-05-18 12:00:00
CRS_998,INST_0362,B.Tech Electronics and Communication Engineering,ECE,4,150,28831.00,active,2023-04-16 12:00:00
CRS_999,INST_0362,B.Tech Artificial Intelligence and Machine Learning,AIML,4,104,109779.00,active,2022-08-02 12:00:00
