id,canonical_entity_id,source_system,source_database,source_table,source_record_id,transformation_version,validation_status,ingestion_timestamp
20268,INST_0001,mysql,aicte_institutes,institutes,0,v1,loaded,2026-08-17 10:10:48.758218+00:00
20269,INST_0002,mysql,aicte_institutes,institutes,1,v1,loaded,2026-08-17 10:10:48.758218+00:00
20270,INST_0003,mysql,aicte_institutes,institutes,2,v1,loaded,2026-08-17 10:10:48.758218+00:00
20271,INST_0004,mysql,aicte_institutes,institutes,3,v1,loaded,2026-08-17 10:10:48.758218+00:00
20272,INST_0005,mysql,aicte_institutes,institutes,4,v1,loaded,2026-08-17 10:10:48.758218+00:00
20273,INST_0006,mysql,aicte_institutes,institutes,5,v1,loaded,2026-08-17 10:10:48.758218+00:00
20274,INST_0007,mysql,aicte_institutes,institutes,6,v1,loaded,2026-08-17 10:10:48.758218+00:00
20275,INST_0008,mysql,aicte_institutes,institutes,7,v1,loaded,2026-08-17 10:10:48.758218+00:00
20276,INST_0009,mysql,aicte_institutes,institutes,8,v1,loaded,2026-08-17 10:10:48.758218+00:00
20277,INST_0010,mysql,aicte_institutes,institutes,9,v1,loaded,2026-08-17 10:10:48.758218+00:00
20278,INST_0011,mysql,aicte_institutes,institutes,10,v1,loaded,2026-08-17 10:10:48.758218+00:00
20279,INST_0012,mysql,aicte_institutes,institutes,11,v1,loaded,2026-08-17 10:10:48.758218+00:00
20280,INST_0013,mysql,aicte_institutes,institutes,12,v1,loaded,2026-08-17 10:10:48.758218+00:00
20281,INST_0014,mysql,aicte_institutes,institutes,13,v1,loaded,2026-08-17 10:10:48.758218+00:00
20282,INST_0015,mysql,aicte_institutes,institutes,14,v1,loaded,2026-08-17 10:10:48.758218+00:00
20283,INST_0016,mysql,aicte_institutes,institutes,15,v1,loaded,2026-08-17 10:10:48.758218+00:00
20284,INST_0017,mysql,aicte_institutes,institutes,16,v1,loaded,2026-08-17 10:10:48.758218+00:00
20285,INST_0018,mysql,aicte_institutes,institutes,17,v1,loaded,2026-08-17 10:10:48.758218+00:00
20286,INST_0019,mysql,aicte_institutes,institutes,18,v1,loaded,2026-08-17 10:10:48.758218+00:00
20287,INST_0020,mysql,aicte_institutes,institutes,19,v1,loaded,2026-08-17 10:10:48.758218+00:00
20288,INST_0021,mysql,aicte_institutes,institutes,20,v1,loaded,2026-08-17 10:10:48.758218+00:00
20289,INST_0022,mysql,aicte_institutes,institutes,21,v1,loaded,2026-08-17 10:10:48.758218+00:00
20290,INST_0023,mysql,aicte_institutes,institutes,22,v1,loaded,2026-08-17 10:10:48.758218+00:00
20291,INST_0024,mysql,aicte_institutes,institutes,23,v1,loaded,2026-08-17 10:10:48.758218+00:00
20292,INST_0025,mysql,aicte_institutes,institutes,24,v1,loaded,2026-08-17 10:10:48.758218+00:00
20293,INST_0026,mysql,aicte_institutes,institutes,25,v1,loaded,2026-08-17 10:10:48.758218+00:00
20294,INST_0027,mysql,aicte_institutes,institutes,26,v1,loaded,2026-08-17 10:10:48.758218+00:00
20295,INST_0028,mysql,aicte_institutes,institutes,27,v1,loaded,2026-08-17 10:10:48.758218+00:00
20296,INST_0029,mysql,aicte_institutes,institutes,28,v1,loaded,2026-08-17 10:10:48.758218+00:00
20297,INST_0030,mysql,aicte_institutes,institutes,29,v1,loaded,2026-08-17 10:10:48.758218+00:00
20298,INST_0031,mysql,aicte_institutes,institutes,30,v1,loaded,2026-08-17 10:10:48.758218+00:00
20299,INST_0032,mysql,aicte_institutes,institutes,31,v1,loaded,2026-08-17 10:10:48.758218+00:00
20300,INST_0033,mysql,aicte_institutes,institutes,32,v1,loaded,2026-08-17 10:10:48.758218+00:00
20301,INST_0034,mysql,aicte_institutes,institutes,33,v1,loaded,2026-08-17 10:10:48.758218+00:00
20302,INST_0035,mysql,aicte_institutes,institutes,34,v1,loaded,2026-08-17 10:10:48.758218+00:00
20303,INST_0036,mysql,aicte_institutes,institutes,35,v1,loaded,2026-08-17 10:10:48.758218+00:00
20304,INST_0037,mysql,aicte_institutes,institutes,36,v1,loaded,2026-08-17 10:10:48.758218+00:00
20305,INST_0038,mysql,aicte_institutes,institutes,37,v1,loaded,2026-08-17 10:10:48.758218+00:00
20306,INST_0039,mysql,aicte_institutes,institutes,38,v1,loaded,2026-08-17 10:10:48.758218+00:00
20307,INST_0040,mysql,aicte_institutes,institutes,39,v1,loaded,2026-08-17 10:10:48.758218+00:00
20308,INST_0041,mysql,aicte_institutes,institutes,40,v1,loaded,2026-08-17 10:10:48.758218+00:00
20309,INST_0042,mysql,aicte_institutes,institutes,41,v1,loaded,2026-08-17 10:10:48.758218+00:00
20310,INST_0043,mysql,aicte_institutes,institutes,42,v1,loaded,2026-08-17 10:10:48.758218+00:00
20311,INST_0044,mysql,aicte_institutes,institutes,43,v1,loaded,2026-08-17 10:10:48.758218+00:00
20312,INST_0045,mysql,aicte_institutes,institutes,44,v1,loaded,2026-08-17 10:10:48.758218+00:00
20313,INST_0046,mysql,aicte_institutes,institutes,45,v1,loaded,2026-08-17 10:10:48.758218+00:00
20314,INST_0047,mysql,aicte_institutes,institutes,46,v1,loaded,2026-08-17 10:10:48.758218+00:00
20315,INST_0048,mysql,aicte_institutes,institutes,47,v1,loaded,2026-08-17 10:10:48.758218+00:00
20316,INST_0049,mysql,aicte_institutes,institutes,48,v1,loaded,2026-08-17 10:10:48.758218+00:00
20317,INST_0050,mysql,aicte_institutes,institutes,49,v1,loaded,2026-08-17 10:10:48.758218+00:00
20318,INST_0051,mysql,aicte_institutes,institutes,50,v1,loaded,2026-08-17 10:10:48.758218+00:00
20319,INST_0052,mysql,aicte_institutes,institutes,51,v1,loaded,2026-08-17 10:10:48.758218+00:00
20320,INST_0053,mysql,aicte_institutes,institutes,53,v1,loaded,2026-08-17 10:10:48.758218+00:00
20321,INST_0054,mysql,aicte_institutes,institutes,54,v1,loaded,2026-08-17 10:10:48.758218+00:00
20322,INST_0055,mysql,aicte_institutes,institutes,55,v1,loaded,2026-08-17 10:10:48.758218+00:00
20323,INST_0056,mysql,aicte_institutes,institutes,56,v1,loaded,2026-08-17 10:10:48.758218+00:00
20324,INST_0057,mysql,aicte_institutes,institutes,57,v1,loaded,2026-08-17 10:10:48.758218+00:00
20325,INST_0058,mysql,aicte_institutes,institutes,58,v1,loaded,2026-08-17 10:10:48.758218+00:00
20326,INST_0059,mysql,aicte_institutes,institutes,59,v1,loaded,2026-08-17 10:10:48.758218+00:00
20327,INST_0060,mysql,aicte_institutes,institutes,60,v1,loaded,2026-08-17 10:10:48.758218+00:00
20328,INST_0061,mysql,aicte_institutes,institutes,61,v1,loaded,2026-08-17 10:10:48.758218+00:00
20329,INST_0062,mysql,aicte_institutes,institutes,62,v1,loaded,2026-08-17 10:10:48.758218+00:00
20330,INST_0063,mysql,aicte_institutes,institutes,63,v1,loaded,2026-08-17 10:10:48.758218+00:00
20331,INST_0064,mysql,aicte_institutes,institutes,64,v1,loaded,2026-08-17 10:10:48.758218+00:00
20332,INST_0065,mysql,aicte_institutes,institutes,65,v1,loaded,2026-08-17 10:10:48.758218+00:00
20333,INST_0066,mysql,aicte_institutes,institutes,66,v1,loaded,2026-08-17 10:10:48.758218+00:00
20334,INST_0067,mysql,aicte_institutes,institutes,67,v1,loaded,2026-08-17 10:10:48.758218+00:00
20335,INST_0068,mysql,aicte_institutes,institutes,68,v1,loaded,2026-08-17 10:10:48.758218+00:00
20336,INST_0069,mysql,aicte_institutes,institutes,69,v1,loaded,2026-08-17 10:10:48.758218+00:00
20337,INST_0070,mysql,aicte_institutes,institutes,70,v1,loaded,2026-08-17 10:10:48.758218+00:00
20338,INST_0071,mysql,aicte_institutes,institutes,71,v1,loaded,2026-08-17 10:10:48.758218+00:00
20339,INST_0072,mysql,aicte_institutes,institutes,72,v1,loaded,2026-08-17 10:10:48.758218+00:00
20340,INST_0073,mysql,aicte_institutes,institutes,73,v1,loaded,2026-08-17 10:10:48.758218+00:00
20341,INST_0074,mysql,aicte_institutes,institutes,74,v1,loaded,2026-08-17 10:10:48.758218+00:00
20342,INST_0075,mysql,aicte_institutes,institutes,75,v1,loaded,2026-08-17 10:10:48.758218+00:00
20343,INST_0076,mysql,aicte_institutes,institutes,76,v1,loaded,2026-08-17 10:10:48.758218+00:00
20344,INST_0077,mysql,aicte_institutes,institutes,77,v1,loaded,2026-08-17 10:10:48.758218+00:00
20345,INST_0078,mysql,aicte_institutes,institutes,78,v1,loaded,2026-08-17 10:10:48.758218+00:00
20346,INST_0079,mysql,aicte_institutes,institutes,79,v1,loaded,2026-08-17 10:10:48.758218+00:00
20347,INST_0080,mysql,aicte_institutes,institutes,80,v1,loaded,2026-08-17 10:10:48.758218+00:00
20348,INST_0081,mysql,aicte_institutes,institutes,81,v1,loaded,2026-08-17 10:10:48.758218+00:00
20349,INST_0082,mysql,aicte_institutes,institutes,82,v1,loaded,2026-08-17 10:10:48.758218+00:00
20350,INST_0083,mysql,aicte_institutes,institutes,83,v1,loaded,2026-08-17 10:10:48.758218+00:00
20351,INST_0084,mysql,aicte_institutes,institutes,84,v1,loaded,2026-08-17 10:10:48.758218+00:00
20352,INST_0085,mysql,aicte_institutes,institutes,85,v1,loaded,2026-08-17 10:10:48.758218+00:00
20353,INST_0086,mysql,aicte_institutes,institutes,86,v1,loaded,2026-08-17 10:10:48.758218+00:00
20354,INST_0087,mysql,aicte_institutes,institutes,87,v1,loaded,2026-08-17 10:10:48.758218+00:00
20355,INST_0088,mysql,aicte_institutes,institutes,88,v1,loaded,2026-08-17 10:10:48.758218+00:00
20356,INST_0089,mysql,aicte_institutes,institutes,89,v1,loaded,2026-08-17 10:10:48.758218+00:00
20357,INST_0090,mysql,aicte_institutes,institutes,90,v1,loaded,2026-08-17 10:10:48.758218+00:00
20358,INST_0091,mysql,aicte_institutes,institutes,91,v1,loaded,2026-08-17 10:10:48.758218+00:00
20359,INST_0092,mysql,aicte_institutes,institutes,92,v1,loaded,2026-08-17 10:10:48.758218+00:00
20360,INST_0093,mysql,aicte_institutes,institutes,93,v1,loaded,2026-08-17 10:10:48.758218+00:00
20361,INST_0094,mysql,aicte_institutes,institutes,94,v1,loaded,2026-08-17 10:10:48.758218+00:00
20362,INST_0095,mysql,aicte_institutes,institutes,95,v1,loaded,2026-08-17 10:10:48.758218+00:00
20363,INST_0096,mysql,aicte_institutes,institutes,96,v1,loaded,2026-08-17 10:10:48.758218+00:00
20364,INST_0097,mysql,aicte_institutes,institutes,97,v1,loaded,2026-08-17 10:10:48.758218+00:00
20365,INST_0098,mysql,aicte_institutes,institutes,98,v1,loaded,2026-08-17 10:10:48.758218+00:00
20366,INST_0099,mysql,aicte_institutes,institutes,99,v1,loaded,2026-08-17 10:10:48.758218+00:00
20367,INST_0100,mysql,aicte_institutes,institutes,100,v1,loaded,2026-08-17 10:10:48.758218+00:00
20368,INST_0101,mysql,aicte_institutes,institutes,101,v1,loaded,2026-08-17 10:10:48.758218+00:00
20369,INST_0102,mysql,aicte_institutes,institutes,102,v1,loaded,2026-08-17 10:10:48.758218+00:00
20370,INST_0103,mysql,aicte_institutes,institutes,103,v1,loaded,2026-08-17 10:10:48.758218+00:00
20371,INST_0104,mysql,aicte_institutes,institutes,104,v1,loaded,2026-08-17 10:10:48.758218+00:00
20372,INST_0105,mysql,aicte_institutes,institutes,105,v1,loaded,2026-08-17 10:10:48.758218+00:00
20373,INST_0106,mysql,aicte_institutes,institutes,106,v1,loaded,2026-08-17 10:10:48.758218+00:00
20374,INST_0107,mysql,aicte_institutes,institutes,107,v1,loaded,2026-08-17 10:10:48.758218+00:00
20375,INST_0108,mysql,aicte_institutes,institutes,108,v1,loaded,2026-08-17 10:10:48.758218+00:00
20376,INST_0109,mysql,aicte_institutes,institutes,109,v1,loaded,2026-08-17 10:10:48.758218+00:00
20377,INST_0110,mysql,aicte_institutes,institutes,110,v1,loaded,2026-08-17 10:10:48.758218+00:00
20378,INST_0111,mysql,aicte_institutes,institutes,111,v1,loaded,2026-08-17 10:10:48.758218+00:00
20379,INST_0112,mysql,aicte_institutes,institutes,112,v1,loaded,2026-08-17 10:10:48.758218+00:00
20380,INST_0113,mysql,aicte_institutes,institutes,113,v1,loaded,2026-08-17 10:10:48.758218+00:00
20381,INST_0114,mysql,aicte_institutes,institutes,114,v1,loaded,2026-08-17 10:10:48.758218+00:00
20382,INST_0115,mysql,aicte_institutes,institutes,115,v1,loaded,2026-08-17 10:10:48.758218+00:00
20383,INST_0116,mysql,aicte_institutes,institutes,116,v1,loaded,2026-08-17 10:10:48.758218+00:00
20384,INST_0117,mysql,aicte_institutes,institutes,117,v1,loaded,2026-08-17 10:10:48.758218+00:00
20385,INST_0118,mysql,aicte_institutes,institutes,119,v1,loaded,2026-08-17 10:10:48.758218+00:00
20386,INST_0119,mysql,aicte_institutes,institutes,120,v1,loaded,2026-08-17 10:10:48.758218+00:00
20387,INST_0120,mysql,aicte_institutes,institutes,121,v1,loaded,2026-08-17 10:10:48.758218+00:00
20388,INST_0121,mysql,aicte_institutes,institutes,122,v1,loaded,2026-08-17 10:10:48.758218+00:00
20389,INST_0122,mysql,aicte_institutes,institutes,123,v1,loaded,2026-08-17 10:10:48.758218+00:00
20390,INST_0123,mysql,aicte_institutes,institutes,124,v1,loaded,2026-08-17 10:10:48.758218+00:00
20391,INST_0124,mysql,aicte_institutes,institutes,125,v1,loaded,2026-08-17 10:10:48.758218+00:00
20392,INST_0125,mysql,aicte_institutes,institutes,126,v1,loaded,2026-08-17 10:10:48.758218+00:00
20393,INST_0126,mysql,aicte_institutes,institutes,127,v1,loaded,2026-08-17 10:10:48.758218+00:00
20394,INST_0127,mysql,aicte_institutes,institutes,128,v1,loaded,2026-08-17 10:10:48.758218+00:00
20395,INST_0128,mysql,aicte_institutes,institutes,130,v1,loaded,2026-08-17 10:10:48.758218+00:00
20396,INST_0129,mysql,aicte_institutes,institutes,131,v1,loaded,2026-08-17 10:10:48.758218+00:00
20397,INST_0130,mysql,aicte_institutes,institutes,132,v1,loaded,2026-08-17 10:10:48.758218+00:00
20398,INST_0131,mysql,aicte_institutes,institutes,133,v1,loaded,2026-08-17 10:10:48.758218+00:00
20399,INST_0132,mysql,aicte_institutes,institutes,134,v1,loaded,2026-08-17 10:10:48.758218+00:00
20400,INST_0133,mysql,aicte_institutes,institutes,135,v1,loaded,2026-08-17 10:10:48.758218+00:00
20401,INST_0134,mysql,aicte_institutes,institutes,136,v1,loaded,2026-08-17 10:10:48.758218+00:00
20402,INST_0135,mysql,aicte_institutes,institutes,137,v1,loaded,2026-08-17 10:10:48.758218+00:00
20403,INST_0136,mysql,aicte_institutes,institutes,138,v1,loaded,2026-08-17 10:10:48.758218+00:00
20404,INST_0137,mysql,aicte_institutes,institutes,139,v1,loaded,2026-08-17 10:10:48.758218+00:00
20405,INST_0138,mysql,aicte_institutes,institutes,140,v1,loaded,2026-08-17 10:10:48.758218+00:00
20406,INST_0139,mysql,aicte_institutes,institutes,141,v1,loaded,2026-08-17 10:10:48.758218+00:00
20407,INST_0140,mysql,aicte_institutes,institutes,142,v1,loaded,2026-08-17 10:10:48.758218+00:00
20408,INST_0141,mysql,aicte_institutes,institutes,143,v1,loaded,2026-08-17 10:10:48.758218+00:00
20409,INST_0142,mysql,aicte_institutes,institutes,144,v1,loaded,2026-08-17 10:10:48.758218+00:00
20410,INST_0143,mysql,aicte_institutes,institutes,146,v1,loaded,2026-08-17 10:10:48.758218+00:00
20411,INST_0144,mysql,aicte_institutes,institutes,147,v1,loaded,2026-08-17 10:10:48.758218+00:00
20412,INST_0145,mysql,aicte_institutes,institutes,148,v1,loaded,2026-08-17 10:10:48.758218+00:00
20413,INST_0146,mysql,aicte_institutes,institutes,149,v1,loaded,2026-08-17 10:10:48.758218+00:00
20414,INST_0147,mysql,aicte_institutes,institutes,150,v1,loaded,2026-08-17 10:10:48.758218+00:00
20415,INST_0148,mysql,aicte_institutes,institutes,151,v1,loaded,2026-08-17 10:10:48.758218+00:00
20416,INST_0149,mysql,aicte_institutes,institutes,152,v1,loaded,2026-08-17 10:10:48.758218+00:00
20417,INST_0150,mysql,aicte_institutes,institutes,153,v1,loaded,2026-08-17 10:10:48.758218+00:00
20418,INST_0151,mysql,aicte_institutes,institutes,154,v1,loaded,2026-08-17 10:10:48.758218+00:00
20419,INST_0152,mysql,aicte_institutes,institutes,155,v1,loaded,2026-08-17 10:10:48.758218+00:00
20420,INST_0153,mysql,aicte_institutes,institutes,156,v1,loaded,2026-08-17 10:10:48.758218+00:00
20421,INST_0154,mysql,aicte_institutes,institutes,157,v1,loaded,2026-08-17 10:10:48.758218+00:00
20422,INST_0155,mysql,aicte_institutes,institutes,158,v1,loaded,2026-08-17 10:10:48.758218+00:00
20423,INST_0156,mysql,aicte_institutes,institutes,159,v1,loaded,2026-08-17 10:10:48.758218+00:00
20424,INST_0157,mysql,aicte_institutes,institutes,161,v1,loaded,2026-08-17 10:10:48.758218+00:00
20425,INST_0158,mysql,aicte_institutes,institutes,162,v1,loaded,2026-08-17 10:10:48.758218+00:00
20426,INST_0159,mysql,aicte_institutes,institutes,163,v1,loaded,2026-08-17 10:10:48.758218+00:00
20427,INST_0160,mysql,aicte_institutes,institutes,164,v1,loaded,2026-08-17 10:10:48.758218+00:00
20428,INST_0161,mysql,aicte_institutes,institutes,166,v1,loaded,2026-08-17 10:10:48.758218+00:00
20429,INST_0162,mysql,aicte_institutes,institutes,167,v1,loaded,2026-08-17 10:10:48.758218+00:00
20430,INST_0163,mysql,aicte_institutes,institutes,168,v1,loaded,2026-08-17 10:10:48.758218+00:00
20431,INST_0164,mysql,aicte_institutes,institutes,169,v1,loaded,2026-08-17 10:10:48.758218+00:00
20432,INST_0165,mysql,aicte_institutes,institutes,170,v1,loaded,2026-08-17 10:10:48.758218+00:00
20433,INST_0166,mysql,aicte_institutes,institutes,171,v1,loaded,2026-08-17 10:10:48.758218+00:00
20434,INST_0167,mysql,aicte_institutes,institutes,172,v1,loaded,2026-08-17 10:10:48.758218+00:00
20435,INST_0168,mysql,aicte_institutes,institutes,173,v1,loaded,2026-08-17 10:10:48.758218+00:00
20436,INST_0169,mysql,aicte_institutes,institutes,174,v1,loaded,2026-08-17 10:10:48.758218+00:00
20437,INST_0170,mysql,aicte_institutes,institutes,175,v1,loaded,2026-08-17 10:10:48.758218+00:00
20438,INST_0171,mysql,aicte_institutes,institutes,176,v1,loaded,2026-08-17 10:10:48.758218+00:00
20439,INST_0172,mysql,aicte_institutes,institutes,177,v1,loaded,2026-08-17 10:10:48.758218+00:00
20440,INST_0173,mysql,aicte_institutes,institutes,178,v1,loaded,2026-08-17 10:10:48.758218+00:00
20441,INST_0174,mysql,aicte_institutes,institutes,179,v1,loaded,2026-08-17 10:10:48.758218+00:00
20442,INST_0175,mysql,aicte_institutes,institutes,181,v1,loaded,2026-08-17 10:10:48.758218+00:00
20443,INST_0176,mysql,aicte_institutes,institutes,182,v1,loaded,2026-08-17 10:10:48.758218+00:00
20444,INST_0177,mysql,aicte_institutes,institutes,183,v1,loaded,2026-08-17 10:10:48.758218+00:00
20445,INST_0178,mysql,aicte_institutes,institutes,185,v1,loaded,2026-08-17 10:10:48.758218+00:00
20446,INST_0179,mysql,aicte_institutes,institutes,186,v1,loaded,2026-08-17 10:10:48.758218+00:00
20447,INST_0180,mysql,aicte_institutes,institutes,188,v1,loaded,2026-08-17 10:10:48.758218+00:00
20448,INST_0181,mysql,aicte_institutes,institutes,189,v1,loaded,2026-08-17 10:10:48.758218+00:00
20449,INST_0182,mysql,aicte_institutes,institutes,190,v1,loaded,2026-08-17 10:10:48.758218+00:00
20450,INST_0183,mysql,aicte_institutes,institutes,191,v1,loaded,2026-08-17 10:10:48.758218+00:00
20451,INST_0184,mysql,aicte_institutes,institutes,192,v1,loaded,2026-08-17 10:10:48.758218+00:00
20452,INST_0185,mysql,aicte_institutes,institutes,193,v1,loaded,2026-08-17 10:10:48.758218+00:00
20453,INST_0186,mysql,aicte_institutes,institutes,194,v1,loaded,2026-08-17 10:10:48.758218+00:00
20454,INST_0187,mysql,aicte_institutes,institutes,195,v1,loaded,2026-08-17 10:10:48.758218+00:00
20455,INST_0188,mysql,aicte_institutes,institutes,196,v1,loaded,2026-08-17 10:10:48.758218+00:00
20456,INST_0189,mysql,aicte_institutes,institutes,198,v1,loaded,2026-08-17 10:10:48.758218+00:00
20457,INST_0190,mysql,aicte_institutes,institutes,200,v1,loaded,2026-08-17 10:10:48.758218+00:00
20458,INST_0191,mysql,aicte_institutes,institutes,201,v1,loaded,2026-08-17 10:10:48.758218+00:00
20459,INST_0192,mysql,aicte_institutes,institutes,202,v1,loaded,2026-08-17 10:10:48.758218+00:00
20460,INST_0193,mysql,aicte_institutes,institutes,203,v1,loaded,2026-08-17 10:10:48.758218+00:00
20461,INST_0194,mysql,aicte_institutes,institutes,204,v1,loaded,2026-08-17 10:10:48.758218+00:00
20462,INST_0195,mysql,aicte_institutes,institutes,205,v1,loaded,2026-08-17 10:10:48.758218+00:00
20463,INST_0196,mysql,aicte_institutes,institutes,207,v1,loaded,2026-08-17 10:10:48.758218+00:00
20464,INST_0197,mysql,aicte_institutes,institutes,208,v1,loaded,2026-08-17 10:10:48.758218+00:00
20465,INST_0198,mysql,aicte_institutes,institutes,209,v1,loaded,2026-08-17 10:10:48.758218+00:00
20466,INST_0199,mysql,aicte_institutes,institutes,210,v1,loaded,2026-08-17 10:10:48.758218+00:00
20467,INST_0200,mysql,aicte_institutes,institutes,211,v1,loaded,2026-08-17 10:10:48.758218+00:00
20468,INST_0201,mysql,aicte_institutes,institutes,212,v1,loaded,2026-08-17 10:10:48.758218+00:00
20469,INST_0202,mysql,aicte_institutes,institutes,213,v1,loaded,2026-08-17 10:10:48.758218+00:00
20470,INST_0203,mysql,aicte_institutes,institutes,214,v1,loaded,2026-08-17 10:10:48.758218+00:00
20471,INST_0204,mysql,aicte_institutes,institutes,215,v1,loaded,2026-08-17 10:10:48.758218+00:00
20472,INST_0205,mysql,aicte_institutes,institutes,216,v1,loaded,2026-08-17 10:10:48.758218+00:00
20473,INST_0206,mysql,aicte_institutes,institutes,217,v1,loaded,2026-08-17 10:10:48.758218+00:00
20474,INST_0207,mysql,aicte_institutes,institutes,218,v1,loaded,2026-08-17 10:10:48.758218+00:00
20475,INST_0208,mysql,aicte_institutes,institutes,219,v1,loaded,2026-08-17 10:10:48.758218+00:00
20476,INST_0209,mysql,aicte_institutes,institutes,220,v1,loaded,2026-08-17 10:10:48.758218+00:00
20477,INST_0210,mysql,aicte_institutes,institutes,221,v1,loaded,2026-08-17 10:10:48.758218+00:00
20478,INST_0211,mysql,aicte_institutes,institutes,223,v1,loaded,2026-08-17 10:10:48.758218+00:00
20479,INST_0212,mysql,aicte_institutes,institutes,224,v1,loaded,2026-08-17 10:10:48.758218+00:00
20480,INST_0213,mysql,aicte_institutes,institutes,225,v1,loaded,2026-08-17 10:10:48.758218+00:00
20481,INST_0214,mysql,aicte_institutes,institutes,226,v1,loaded,2026-08-17 10:10:48.758218+00:00
20482,INST_0215,mysql,aicte_institutes,institutes,227,v1,loaded,2026-08-17 10:10:48.758218+00:00
20483,INST_0216,mysql,aicte_institutes,institutes,228,v1,loaded,2026-08-17 10:10:48.758218+00:00
20484,INST_0217,mysql,aicte_institutes,institutes,229,v1,loaded,2026-08-17 10:10:48.758218+00:00
20485,INST_0218,mysql,aicte_institutes,institutes,230,v1,loaded,2026-08-17 10:10:48.758218+00:00
20486,INST_0219,mysql,aicte_institutes,institutes,231,v1,loaded,2026-08-17 10:10:48.758218+00:00
20487,INST_0220,mysql,aicte_institutes,institutes,233,v1,loaded,2026-08-17 10:10:48.758218+00:00
20488,INST_0221,mysql,aicte_institutes,institutes,234,v1,loaded,2026-08-17 10:10:48.758218+00:00
20489,INST_0222,mysql,aicte_institutes,institutes,235,v1,loaded,2026-08-17 10:10:48.758218+00:00
20490,INST_0223,mysql,aicte_institutes,institutes,236,v1,loaded,2026-08-17 10:10:48.758218+00:00
20491,INST_0224,mysql,aicte_institutes,institutes,237,v1,loaded,2026-08-17 10:10:48.758218+00:00
20492,INST_0225,mysql,aicte_institutes,institutes,238,v1,loaded,2026-08-17 10:10:48.758218+00:00
20493,INST_0226,mysql,aicte_institutes,institutes,239,v1,loaded,2026-08-17 10:10:48.758218+00:00
20494,INST_0227,mysql,aicte_institutes,institutes,241,v1,loaded,2026-08-17 10:10:48.758218+00:00
20495,INST_0228,mysql,aicte_institutes,institutes,242,v1,loaded,2026-08-17 10:10:48.758218+00:00
20496,INST_0229,mysql,aicte_institutes,institutes,243,v1,loaded,2026-08-17 10:10:48.758218+00:00
20497,INST_0230,mysql,aicte_institutes,institutes,244,v1,loaded,2026-08-17 10:10:48.758218+00:00
20498,INST_0231,mysql,aicte_institutes,institutes,245,v1,loaded,2026-08-17 10:10:48.758218+00:00
20499,INST_0232,mysql,aicte_institutes,institutes,246,v1,loaded,2026-08-17 10:10:48.758218+00:00
20500,INST_0233,mysql,aicte_institutes,institutes,247,v1,loaded,2026-08-17 10:10:48.758218+00:00
20501,INST_0234,mysql,aicte_institutes,institutes,248,v1,loaded,2026-08-17 10:10:48.758218+00:00
20502,INST_0235,mysql,aicte_institutes,institutes,249,v1,loaded,2026-08-17 10:10:48.758218+00:00
20503,INST_0236,mysql,aicte_institutes,institutes,250,v1,loaded,2026-08-17 10:10:48.758218+00:00
20504,INST_0237,mysql,aicte_institutes,institutes,251,v1,loaded,2026-08-17 10:10:48.758218+00:00
20505,INST_0238,mysql,aicte_institutes,institutes,252,v1,loaded,2026-08-17 10:10:48.758218+00:00
20506,INST_0239,mysql,aicte_institutes,institutes,253,v1,loaded,2026-08-17 10:10:48.758218+00:00
20507,INST_0240,mysql,aicte_institutes,institutes,255,v1,loaded,2026-08-17 10:10:48.758218+00:00
20508,INST_0241,mysql,aicte_institutes,institutes,256,v1,loaded,2026-08-17 10:10:48.758218+00:00
20509,INST_0242,mysql,aicte_institutes,institutes,257,v1,loaded,2026-08-17 10:10:48.758218+00:00
20510,INST_0243,mysql,aicte_institutes,institutes,259,v1,loaded,2026-08-17 10:10:48.758218+00:00
20511,INST_0244,mysql,aicte_institutes,institutes,260,v1,loaded,2026-08-17 10:10:48.758218+00:00
20512,INST_0245,mysql,aicte_institutes,institutes,261,v1,loaded,2026-08-17 10:10:48.758218+00:00
20513,INST_0246,mysql,aicte_institutes,institutes,262,v1,loaded,2026-08-17 10:10:48.758218+00:00
20514,INST_0247,mysql,aicte_institutes,institutes,263,v1,loaded,2026-08-17 10:10:48.758218+00:00
20515,INST_0248,mysql,aicte_institutes,institutes,264,v1,loaded,2026-08-17 10:10:48.758218+00:00
20516,INST_0249,mysql,aicte_institutes,institutes,265,v1,loaded,2026-08-17 10:10:48.758218+00:00
20517,INST_0250,mysql,aicte_institutes,institutes,266,v1,loaded,2026-08-17 10:10:48.758218+00:00
20518,INST_0251,mysql,aicte_institutes,institutes,267,v1,loaded,2026-08-17 10:10:48.758218+00:00
20519,INST_0252,mysql,aicte_institutes,institutes,268,v1,loaded,2026-08-17 10:10:48.758218+00:00
20520,INST_0253,mysql,aicte_institutes,institutes,269,v1,loaded,2026-08-17 10:10:48.758218+00:00
20521,INST_0254,mysql,aicte_institutes,institutes,270,v1,loaded,2026-08-17 10:10:48.758218+00:00
20522,INST_0255,mysql,aicte_institutes,institutes,272,v1,loaded,2026-08-17 10:10:48.758218+00:00
20523,INST_0256,mysql,aicte_institutes,institutes,273,v1,loaded,2026-08-17 10:10:48.758218+00:00
20524,INST_0257,mysql,aicte_institutes,institutes,274,v1,loaded,2026-08-17 10:10:48.758218+00:00
20525,INST_0258,mysql,aicte_institutes,institutes,276,v1,loaded,2026-08-17 10:10:48.758218+00:00
20526,INST_0259,mysql,aicte_institutes,institutes,277,v1,loaded,2026-08-17 10:10:48.758218+00:00
20527,INST_0260,mysql,aicte_institutes,institutes,278,v1,loaded,2026-08-17 10:10:48.758218+00:00
20528,INST_0261,mysql,aicte_institutes,institutes,279,v1,loaded,2026-08-17 10:10:48.758218+00:00
20529,INST_0262,mysql,aicte_institutes,institutes,280,v1,loaded,2026-08-17 10:10:48.758218+00:00
20530,INST_0263,mysql,aicte_institutes,institutes,281,v1,loaded,2026-08-17 10:10:48.758218+00:00
20531,INST_0264,mysql,aicte_institutes,institutes,282,v1,loaded,2026-08-17 10:10:48.758218+00:00
20532,INST_0265,mysql,aicte_institutes,institutes,283,v1,loaded,2026-08-17 10:10:48.758218+00:00
20533,INST_0266,mysql,aicte_institutes,institutes,284,v1,loaded,2026-08-17 10:10:48.758218+00:00
20534,INST_0267,mysql,aicte_institutes,institutes,285,v1,loaded,2026-08-17 10:10:48.758218+00:00
20535,INST_0268,mysql,aicte_institutes,institutes,286,v1,loaded,2026-08-17 10:10:48.758218+00:00
20536,INST_0269,mysql,aicte_institutes,institutes,287,v1,loaded,2026-08-17 10:10:48.758218+00:00
20537,INST_0270,mysql,aicte_institutes,institutes,288,v1,loaded,2026-08-17 10:10:48.758218+00:00
20538,INST_0271,mysql,aicte_institutes,institutes,289,v1,loaded,2026-08-17 10:10:48.758218+00:00
20539,INST_0272,mysql,aicte_institutes,institutes,291,v1,loaded,2026-08-17 10:10:48.758218+00:00
20540,INST_0273,mysql,aicte_institutes,institutes,292,v1,loaded,2026-08-17 10:10:48.758218+00:00
20541,INST_0274,mysql,aicte_institutes,institutes,293,v1,loaded,2026-08-17 10:10:48.758218+00:00
20542,INST_0275,mysql,aicte_institutes,institutes,294,v1,loaded,2026-08-17 10:10:48.758218+00:00
20543,INST_0276,mysql,aicte_institutes,institutes,295,v1,loaded,2026-08-17 10:10:48.758218+00:00
20544,INST_0277,mysql,aicte_institutes,institutes,296,v1,loaded,2026-08-17 10:10:48.758218+00:00
20545,INST_0278,mysql,aicte_institutes,institutes,299,v1,loaded,2026-08-17 10:10:48.758218+00:00
20546,INST_0279,mysql,aicte_institutes,institutes,300,v1,loaded,2026-08-17 10:10:48.758218+00:00
20547,INST_0280,mysql,aicte_institutes,institutes,301,v1,loaded,2026-08-17 10:10:48.758218+00:00
20548,INST_0281,mysql,aicte_institutes,institutes,302,v1,loaded,2026-08-17 10:10:48.758218+00:00
20549,INST_0282,mysql,aicte_institutes,institutes,303,v1,loaded,2026-08-17 10:10:48.758218+00:00
20550,INST_0283,mysql,aicte_institutes,institutes,304,v1,loaded,2026-08-17 10:10:48.758218+00:00
20551,INST_0284,mysql,aicte_institutes,institutes,305,v1,loaded,2026-08-17 10:10:48.758218+00:00
20552,INST_0285,mysql,aicte_institutes,institutes,306,v1,loaded,2026-08-17 10:10:48.758218+00:00
20553,INST_0286,mysql,aicte_institutes,institutes,307,v1,loaded,2026-08-17 10:10:48.758218+00:00
20554,INST_0287,mysql,aicte_institutes,institutes,308,v1,loaded,2026-08-17 10:10:48.758218+00:00
20555,INST_0288,mysql,aicte_institutes,institutes,309,v1,loaded,2026-08-17 10:10:48.758218+00:00
20556,INST_0289,mysql,aicte_institutes,institutes,310,v1,loaded,2026-08-17 10:10:48.758218+00:00
20557,INST_0290,mysql,aicte_institutes,institutes,311,v1,loaded,2026-08-17 10:10:48.758218+00:00
20558,INST_0291,mysql,aicte_institutes,institutes,312,v1,loaded,2026-08-17 10:10:48.758218+00:00
20559,INST_0292,mysql,aicte_institutes,institutes,313,v1,loaded,2026-08-17 10:10:48.758218+00:00
20560,INST_0293,mysql,aicte_institutes,institutes,314,v1,loaded,2026-08-17 10:10:48.758218+00:00
20561,INST_0294,mysql,aicte_institutes,institutes,315,v1,loaded,2026-08-17 10:10:48.758218+00:00
20562,INST_0295,mysql,aicte_institutes,institutes,316,v1,loaded,2026-08-17 10:10:48.758218+00:00
20563,INST_0296,mysql,aicte_institutes,institutes,317,v1,loaded,2026-08-17 10:10:48.758218+00:00
20564,INST_0297,mysql,aicte_institutes,institutes,318,v1,loaded,2026-08-17 10:10:48.758218+00:00
20565,INST_0298,mysql,aicte_institutes,institutes,319,v1,loaded,2026-08-17 10:10:48.758218+00:00
20566,INST_0299,mysql,aicte_institutes,institutes,320,v1,loaded,2026-08-17 10:10:48.758218+00:00
20567,INST_0300,mysql,aicte_institutes,institutes,321,v1,loaded,2026-08-17 10:10:48.758218+00:00
20568,INST_0301,mysql,aicte_institutes,institutes,322,v1,loaded,2026-08-17 10:10:48.758218+00:00
20569,INST_0302,mysql,aicte_institutes,institutes,323,v1,loaded,2026-08-17 10:10:48.758218+00:00
20570,INST_0303,mysql,aicte_institutes,institutes,325,v1,loaded,2026-08-17 10:10:48.758218+00:00
20571,INST_0304,mysql,aicte_institutes,institutes,326,v1,loaded,2026-08-17 10:10:48.758218+00:00
20572,INST_0305,mysql,aicte_institutes,institutes,327,v1,loaded,2026-08-17 10:10:48.758218+00:00
20573,INST_0306,mysql,aicte_institutes,institutes,328,v1,loaded,2026-08-17 10:10:48.758218+00:00
20574,INST_0307,mysql,aicte_institutes,institutes,329,v1,loaded,2026-08-17 10:10:48.758218+00:00
20575,INST_0308,mysql,aicte_institutes,institutes,330,v1,loaded,2026-08-17 10:10:48.758218+00:00
20576,INST_0309,mysql,aicte_institutes,institutes,331,v1,loaded,2026-08-17 10:10:48.758218+00:00
20577,INST_0310,mysql,aicte_institutes,institutes,332,v1,loaded,2026-08-17 10:10:48.758218+00:00
20578,INST_0311,mysql,aicte_institutes,institutes,333,v1,loaded,2026-08-17 10:10:48.758218+00:00
20579,INST_0312,mysql,aicte_institutes,institutes,334,v1,loaded,2026-08-17 10:10:48.758218+00:00
20580,INST_0313,mysql,aicte_institutes,institutes,335,v1,loaded,2026-08-17 10:10:48.758218+00:00
20581,INST_0314,mysql,aicte_institutes,institutes,336,v1,loaded,2026-08-17 10:10:48.758218+00:00
20582,INST_0315,mysql,aicte_institutes,institutes,337,v1,loaded,2026-08-17 10:10:48.758218+00:00
20583,INST_0316,mysql,aicte_institutes,institutes,338,v1,loaded,2026-08-17 10:10:48.758218+00:00
20584,INST_0317,mysql,aicte_institutes,institutes,339,v1,loaded,2026-08-17 10:10:48.758218+00:00
20585,INST_0318,mysql,aicte_institutes,institutes,340,v1,loaded,2026-08-17 10:10:48.758218+00:00
20586,INST_0319,mysql,aicte_institutes,institutes,341,v1,loaded,2026-08-17 10:10:48.758218+00:00
20587,INST_0320,mysql,aicte_institutes,institutes,342,v1,loaded,2026-08-17 10:10:48.758218+00:00
20588,INST_0321,mysql,aicte_institutes,institutes,343,v1,loaded,2026-08-17 10:10:48.758218+00:00
20589,INST_0322,mysql,aicte_institutes,institutes,344,v1,loaded,2026-08-17 10:10:48.758218+00:00
20590,INST_0323,mysql,aicte_institutes,institutes,345,v1,loaded,2026-08-17 10:10:48.758218+00:00
20591,INST_0324,mysql,aicte_institutes,institutes,346,v1,loaded,2026-08-17 10:10:48.758218+00:00
20592,INST_0325,mysql,aicte_institutes,institutes,348,v1,loaded,2026-08-17 10:10:48.758218+00:00
20593,INST_0326,mysql,aicte_institutes,institutes,349,v1,loaded,2026-08-17 10:10:48.758218+00:00
20594,INST_0327,mysql,aicte_institutes,institutes,350,v1,loaded,2026-08-17 10:10:48.758218+00:00
20595,INST_0328,mysql,aicte_institutes,institutes,351,v1,loaded,2026-08-17 10:10:48.758218+00:00
20596,INST_0329,mysql,aicte_institutes,institutes,352,v1,loaded,2026-08-17 10:10:48.758218+00:00
20597,INST_0330,mysql,aicte_institutes,institutes,353,v1,loaded,2026-08-17 10:10:48.758218+00:00
20598,INST_0331,mysql,aicte_institutes,institutes,354,v1,loaded,2026-08-17 10:10:48.758218+00:00
20599,INST_0332,mysql,aicte_institutes,institutes,355,v1,loaded,2026-08-17 10:10:48.758218+00:00
20600,INST_0333,mysql,aicte_institutes,institutes,357,v1,loaded,2026-08-17 10:10:48.758218+00:00
20601,INST_0334,mysql,aicte_institutes,institutes,358,v1,loaded,2026-08-17 10:10:48.758218+00:00
20602,INST_0335,mysql,aicte_institutes,institutes,359,v1,loaded,2026-08-17 10:10:48.758218+00:00
20603,INST_0336,mysql,aicte_institutes,institutes,360,v1,loaded,2026-08-17 10:10:48.758218+00:00
20604,INST_0337,mysql,aicte_institutes,institutes,361,v1,loaded,2026-08-17 10:10:48.758218+00:00
20605,INST_0338,mysql,aicte_institutes,institutes,362,v1,loaded,2026-08-17 10:10:48.758218+00:00
20606,INST_0339,mysql,aicte_institutes,institutes,363,v1,loaded,2026-08-17 10:10:48.758218+00:00
20607,INST_0340,mysql,aicte_institutes,institutes,364,v1,loaded,2026-08-17 10:10:48.758218+00:00
20608,INST_0341,mysql,aicte_institutes,institutes,365,v1,loaded,2026-08-17 10:10:48.758218+00:00
20609,INST_0342,mysql,aicte_institutes,institutes,367,v1,loaded,2026-08-17 10:10:48.758218+00:00
20610,INST_0343,mysql,aicte_institutes,institutes,368,v1,loaded,2026-08-17 10:10:48.758218+00:00
20611,INST_0344,mysql,aicte_institutes,institutes,369,v1,loaded,2026-08-17 10:10:48.758218+00:00
20612,INST_0345,mysql,aicte_institutes,institutes,370,v1,loaded,2026-08-17 10:10:48.758218+00:00
20613,INST_0346,mysql,aicte_institutes,institutes,371,v1,loaded,2026-08-17 10:10:48.758218+00:00
20614,INST_0347,mysql,aicte_institutes,institutes,372,v1,loaded,2026-08-17 10:10:48.758218+00:00
20615,INST_0348,mysql,aicte_institutes,institutes,373,v1,loaded,2026-08-17 10:10:48.758218+00:00
20616,INST_0349,mysql,aicte_institutes,institutes,374,v1,loaded,2026-08-17 10:10:48.758218+00:00
20617,INST_0350,mysql,aicte_institutes,institutes,375,v1,loaded,2026-08-17 10:10:48.758218+00:00
20618,INST_0351,mysql,aicte_institutes,institutes,376,v1,loaded,2026-08-17 10:10:48.758218+00:00
20619,INST_0352,mysql,aicte_institutes,institutes,377,v1,loaded,2026-08-17 10:10:48.758218+00:00
20620,INST_0353,mysql,aicte_institutes,institutes,378,v1,loaded,2026-08-17 10:10:48.758218+00:00
20621,INST_0354,mysql,aicte_institutes,institutes,379,v1,loaded,2026-08-17 10:10:48.758218+00:00
20622,INST_0355,mysql,aicte_institutes,institutes,380,v1,loaded,2026-08-17 10:10:48.758218+00:00
20623,INST_0356,mysql,aicte_institutes,institutes,382,v1,loaded,2026-08-17 10:10:48.758218+00:00
20624,INST_0357,mysql,aicte_institutes,institutes,383,v1,loaded,2026-08-17 10:10:48.758218+00:00
20625,INST_0358,mysql,aicte_institutes,institutes,384,v1,loaded,2026-08-17 10:10:48.758218+00:00
20626,INST_0359,mysql,aicte_institutes,institutes,386,v1,loaded,2026-08-17 10:10:48.758218+00:00
20627,INST_0360,mysql,aicte_institutes,institutes,387,v1,loaded,2026-08-17 10:10:48.758218+00:00
20628,INST_0361,mysql,aicte_institutes,institutes,389,v1,loaded,2026-08-17 10:10:48.758218+00:00
20629,INST_0362,mysql,aicte_institutes,institutes,390,v1,loaded,2026-08-17 10:10:48.758218+00:00
20630,INST_0363,mysql,aicte_institutes,institutes,391,v1,loaded,2026-08-17 10:10:48.758218+00:00
20631,INST_0364,mysql,aicte_institutes,institutes,392,v1,loaded,2026-08-17 10:10:48.758218+00:00
20632,INST_0365,mysql,aicte_institutes,institutes,393,v1,loaded,2026-08-17 10:10:48.758218+00:00
20633,INST_0366,mysql,aicte_institutes,institutes,394,v1,loaded,2026-08-17 10:10:48.758218+00:00
20634,INST_0367,mysql,aicte_institutes,institutes,395,v1,loaded,2026-08-17 10:10:48.758218+00:00
20635,INST_0368,mysql,aicte_institutes,institutes,396,v1,loaded,2026-08-17 10:10:48.758218+00:00
20636,INST_0369,mysql,aicte_institutes,institutes,397,v1,loaded,2026-08-17 10:10:48.758218+00:00
20637,INST_0370,mysql,aicte_institutes,institutes,398,v1,loaded,2026-08-17 10:10:48.758218+00:00
20638,INST_0371,mysql,aicte_institutes,institutes,399,v1,loaded,2026-08-17 10:10:48.758218+00:00
20639,INST_0372,mysql,aicte_institutes,institutes,400,v1,loaded,2026-08-17 10:10:48.758218+00:00
20640,INST_0373,mysql,aicte_institutes,institutes,401,v1,loaded,2026-08-17 10:10:48.758218+00:00
20641,INST_0374,mysql,aicte_institutes,institutes,402,v1,loaded,2026-08-17 10:10:48.758218+00:00
20642,INST_0375,mysql,aicte_institutes,institutes,403,v1,loaded,2026-08-17 10:10:48.758218+00:00
20643,INST_0376,mysql,aicte_institutes,institutes,404,v1,loaded,2026-08-17 10:10:48.758218+00:00
20644,INST_0377,mysql,aicte_institutes,institutes,405,v1,loaded,2026-08-17 10:10:48.758218+00:00
20645,INST_0378,mysql,aicte_institutes,institutes,406,v1,loaded,2026-08-17 10:10:48.758218+00:00
20646,INST_0379,mysql,aicte_institutes,institutes,407,v1,loaded,2026-08-17 10:10:48.758218+00:00
20647,INST_0380,mysql,aicte_institutes,institutes,408,v1,loaded,2026-08-17 10:10:48.758218+00:00
20648,INST_0381,mysql,aicte_institutes,institutes,409,v1,loaded,2026-08-17 10:10:48.758218+00:00
20649,INST_0382,mysql,aicte_institutes,institutes,411,v1,loaded,2026-08-17 10:10:48.758218+00:00
20650,INST_0383,mysql,aicte_institutes,institutes,412,v1,loaded,2026-08-17 10:10:48.758218+00:00
20651,INST_0384,mysql,aicte_institutes,institutes,413,v1,loaded,2026-08-17 10:10:48.758218+00:00
20652,INST_0385,mysql,aicte_institutes,institutes,414,v1,loaded,2026-08-17 10:10:48.758218+00:00
20653,INST_0386,mysql,aicte_institutes,institutes,415,v1,loaded,2026-08-17 10:10:48.758218+00:00
20654,INST_0387,mysql,aicte_institutes,institutes,416,v1,loaded,2026-08-17 10:10:48.758218+00:00
20655,INST_0388,mysql,aicte_institutes,institutes,419,v1,loaded,2026-08-17 10:10:48.758218+00:00
20656,INST_0389,mysql,aicte_institutes,institutes,420,v1,loaded,2026-08-17 10:10:48.758218+00:00
20657,INST_0390,mysql,aicte_institutes,institutes,421,v1,loaded,2026-08-17 10:10:48.758218+00:00
20658,INST_0391,mysql,aicte_institutes,institutes,422,v1,loaded,2026-08-17 10:10:48.758218+00:00
20659,INST_0392,mysql,aicte_institutes,institutes,424,v1,loaded,2026-08-17 10:10:48.758218+00:00
20660,INST_0393,mysql,aicte_institutes,institutes,425,v1,loaded,2026-08-17 10:10:48.758218+00:00
20661,INST_0394,mysql,aicte_institutes,institutes,426,v1,loaded,2026-08-17 10:10:48.758218+00:00
20662,INST_0395,mysql,aicte_institutes,institutes,427,v1,loaded,2026-08-17 10:10:48.758218+00:00
20663,INST_0396,mysql,aicte_institutes,institutes,428,v1,loaded,2026-08-17 10:10:48.758218+00:00
20664,INST_0397,mysql,aicte_institutes,institutes,429,v1,loaded,2026-08-17 10:10:48.758218+00:00
20665,INST_0398,mysql,aicte_institutes,institutes,430,v1,loaded,2026-08-17 10:10:48.758218+00:00
20666,INST_0399,mysql,aicte_institutes,institutes,431,v1,loaded,2026-08-17 10:10:48.758218+00:00
20667,INST_0400,mysql,aicte_institutes,institutes,432,v1,loaded,2026-08-17 10:10:48.758218+00:00
20668,INST_0401,mysql,aicte_institutes,institutes,433,v1,loaded,2026-08-17 10:10:48.758218+00:00
20669,INST_0402,mysql,aicte_institutes,institutes,434,v1,loaded,2026-08-17 10:10:48.758218+00:00
20670,INST_0403,mysql,aicte_institutes,institutes,435,v1,loaded,2026-08-17 10:10:48.758218+00:00
20671,INST_0404,mysql,aicte_institutes,institutes,436,v1,loaded,2026-08-17 10:10:48.758218+00:00
20672,INST_0405,mysql,aicte_institutes,institutes,437,v1,loaded,2026-08-17 10:10:48.758218+00:00
20673,INST_0406,mysql,aicte_institutes,institutes,438,v1,loaded,2026-08-17 10:10:48.758218+00:00
20674,INST_0407,mysql,aicte_institutes,institutes,439,v1,loaded,2026-08-17 10:10:48.758218+00:00
20675,INST_0408,mysql,aicte_institutes,institutes,440,v1,loaded,2026-08-17 10:10:48.758218+00:00
20676,INST_0409,mysql,aicte_institutes,institutes,441,v1,loaded,2026-08-17 10:10:48.758218+00:00
20677,INST_0410,mysql,aicte_institutes,institutes,442,v1,loaded,2026-08-17 10:10:48.758218+00:00
20678,INST_0411,mysql,aicte_institutes,institutes,443,v1,loaded,2026-08-17 10:10:48.758218+00:00
20679,INST_0412,mysql,aicte_institutes,institutes,444,v1,loaded,2026-08-17 10:10:48.758218+00:00
20680,INST_0413,mysql,aicte_institutes,institutes,445,v1,loaded,2026-08-17 10:10:48.758218+00:00
20681,INST_0414,mysql,aicte_institutes,institutes,446,v1,loaded,2026-08-17 10:10:48.758218+00:00
20682,INST_0415,mysql,aicte_institutes,institutes,447,v1,loaded,2026-08-17 10:10:48.758218+00:00
20683,INST_0416,mysql,aicte_institutes,institutes,448,v1,loaded,2026-08-17 10:10:48.758218+00:00
20684,INST_0417,mysql,aicte_institutes,institutes,449,v1,loaded,2026-08-17 10:10:48.758218+00:00
20685,INST_0418,mysql,aicte_institutes,institutes,450,v1,loaded,2026-08-17 10:10:48.758218+00:00
20686,INST_0419,mysql,aicte_institutes,institutes,451,v1,loaded,2026-08-17 10:10:48.758218+00:00
20687,INST_0420,mysql,aicte_institutes,institutes,452,v1,loaded,2026-08-17 10:10:48.758218+00:00
20688,INST_0421,mysql,aicte_institutes,institutes,453,v1,loaded,2026-08-17 10:10:48.758218+00:00
20689,INST_0422,mysql,aicte_institutes,institutes,455,v1,loaded,2026-08-17 10:10:48.758218+00:00
20690,INST_0423,mysql,aicte_institutes,institutes,456,v1,loaded,2026-08-17 10:10:48.758218+00:00
20691,INST_0424,mysql,aicte_institutes,institutes,459,v1,loaded,2026-08-17 10:10:48.758218+00:00
20692,INST_0425,mysql,aicte_institutes,institutes,460,v1,loaded,2026-08-17 10:10:48.758218+00:00
20693,INST_0426,mysql,aicte_institutes,institutes,461,v1,loaded,2026-08-17 10:10:48.758218+00:00
20694,INST_0427,mysql,aicte_institutes,institutes,462,v1,loaded,2026-08-17 10:10:48.758218+00:00
20695,INST_0428,mysql,aicte_institutes,institutes,463,v1,loaded,2026-08-17 10:10:48.758218+00:00
20696,INST_0429,mysql,aicte_institutes,institutes,464,v1,loaded,2026-08-17 10:10:48.758218+00:00
20697,INST_0430,mysql,aicte_institutes,institutes,466,v1,loaded,2026-08-17 10:10:48.758218+00:00
20698,INST_0431,mysql,aicte_institutes,institutes,467,v1,loaded,2026-08-17 10:10:48.758218+00:00
20699,INST_0432,mysql,aicte_institutes,institutes,469,v1,loaded,2026-08-17 10:10:48.758218+00:00
20700,INST_0433,mysql,aicte_institutes,institutes,470,v1,loaded,2026-08-17 10:10:48.758218+00:00
20701,INST_0434,mysql,aicte_institutes,institutes,471,v1,loaded,2026-08-17 10:10:48.758218+00:00
20702,INST_0435,mysql,aicte_institutes,institutes,472,v1,loaded,2026-08-17 10:10:48.758218+00:00
20703,INST_0436,mysql,aicte_institutes,institutes,473,v1,loaded,2026-08-17 10:10:48.758218+00:00
20704,INST_0437,mysql,aicte_institutes,institutes,474,v1,loaded,2026-08-17 10:10:48.758218+00:00
20705,INST_0438,mysql,aicte_institutes,institutes,475,v1,loaded,2026-08-17 10:10:48.758218+00:00
20706,INST_0439,mysql,aicte_institutes,institutes,477,v1,loaded,2026-08-17 10:10:48.758218+00:00
20707,INST_0440,mysql,aicte_institutes,institutes,478,v1,loaded,2026-08-17 10:10:48.758218+00:00
20708,INST_0441,mysql,aicte_institutes,institutes,479,v1,loaded,2026-08-17 10:10:48.758218+00:00
20709,INST_0442,mysql,aicte_institutes,institutes,480,v1,loaded,2026-08-17 10:10:48.758218+00:00
20710,INST_0443,mysql,aicte_institutes,institutes,481,v1,loaded,2026-08-17 10:10:48.758218+00:00
20711,INST_0444,mysql,aicte_institutes,institutes,482,v1,loaded,2026-08-17 10:10:48.758218+00:00
20712,INST_0445,mysql,aicte_institutes,institutes,483,v1,loaded,2026-08-17 10:10:48.758218+00:00
20713,INST_0446,mysql,aicte_institutes,institutes,484,v1,loaded,2026-08-17 10:10:48.758218+00:00
20714,INST_0447,mysql,aicte_institutes,institutes,485,v1,loaded,2026-08-17 10:10:48.758218+00:00
20715,INST_0448,mysql,aicte_institutes,institutes,486,v1,loaded,2026-08-17 10:10:48.758218+00:00
20716,INST_0449,mysql,aicte_institutes,institutes,487,v1,loaded,2026-08-17 10:10:48.758218+00:00
20717,INST_0450,mysql,aicte_institutes,institutes,488,v1,loaded,2026-08-17 10:10:48.758218+00:00
20718,INST_0451,mysql,aicte_institutes,institutes,489,v1,loaded,2026-08-17 10:10:48.758218+00:00
20719,INST_0452,mysql,aicte_institutes,institutes,491,v1,loaded,2026-08-17 10:10:48.758218+00:00
20720,INST_0453,mysql,aicte_institutes,institutes,492,v1,loaded,2026-08-17 10:10:48.758218+00:00
20721,INST_0454,mysql,aicte_institutes,institutes,493,v1,loaded,2026-08-17 10:10:48.758218+00:00
20722,INST_0455,mysql,aicte_institutes,institutes,494,v1,loaded,2026-08-17 10:10:48.758218+00:00
20723,INST_0456,mysql,aicte_institutes,institutes,495,v1,loaded,2026-08-17 10:10:48.758218+00:00
20724,INST_0457,mysql,aicte_institutes,institutes,497,v1,loaded,2026-08-17 10:10:48.758218+00:00
20725,INST_0458,mysql,aicte_institutes,institutes,498,v1,loaded,2026-08-17 10:10:48.758218+00:00
20726,INST_0459,mysql,aicte_institutes,institutes,499,v1,loaded,2026-08-17 10:10:48.758218+00:00
20727,INST_0460,mysql,aicte_institutes,institutes,512,v1,loaded,2026-08-17 10:10:48.758218+00:00
20728,INST_0461,postgres,courses_db,courses,436,v1,loaded,2026-08-17 10:10:48.923623+00:00
20729,INST_0462,postgres,courses_db,courses,492,v1,loaded,2026-08-17 10:10:48.923623+00:00
20730,INST_0463,postgres,courses_db,courses,630,v1,loaded,2026-08-17 10:10:48.923623+00:00
20731,INST_0464,postgres,courses_db,courses,1049,v1,loaded,2026-08-17 10:10:48.923623+00:00
20732,INST_0465,postgres,courses_db,courses,1276,v1,loaded,2026-08-17 10:10:48.923623+00:00
20733,INST_0466,postgres,courses_db,courses,1393,v1,loaded,2026-08-17 10:10:48.923623+00:00
20734,INST_0467,postgres,courses_db,courses,1394,v1,loaded,2026-08-17 10:10:48.923623+00:00
20735,INST_0468,postgres,courses_db,courses,1395,v1,loaded,2026-08-17 10:10:48.923623+00:00
20736,INST_0469,postgres,courses_db,courses,1396,v1,loaded,2026-08-17 10:10:48.923623+00:00
20737,INST_0470,postgres,courses_db,courses,1397,v1,loaded,2026-08-17 10:10:48.923623+00:00
20738,INST_0471,postgres,courses_db,courses,1398,v1,loaded,2026-08-17 10:10:48.923623+00:00
20739,INST_0472,postgres,faculty_db,faculty,212,v1,loaded,2026-08-17 10:10:49.024580+00:00
20740,INST_0473,postgres,faculty_db,faculty,717,v1,loaded,2026-08-17 10:10:49.024580+00:00
20741,INST_0474,postgres,faculty_db,faculty,850,v1,loaded,2026-08-17 10:10:49.024580+00:00
20742,INST_0475,postgres,faculty_db,faculty,851,v1,loaded,2026-08-17 10:10:49.024580+00:00
20743,INST_0476,postgres,faculty_db,faculty,852,v1,loaded,2026-08-17 10:10:49.024580+00:00
20744,INST_0477,postgres,faculty_db,faculty,853,v1,loaded,2026-08-17 10:10:49.024580+00:00
20745,INST_0478,postgres,faculty_db,faculty,854,v1,loaded,2026-08-17 10:10:49.024580+00:00
20746,INST_0479,postgres,faculty_db,faculty,855,v1,loaded,2026-08-17 10:10:49.024580+00:00
20747,INST_0480,postgres,faculty_db,faculty,856,v1,loaded,2026-08-17 10:10:49.024580+00:00
20748,INST_0481,postgres,faculty_db,faculty,857,v1,loaded,2026-08-17 10:10:49.024580+00:00
20749,INST_0482,postgres,faculty_db,faculty,858,v1,loaded,2026-08-17 10:10:49.024580+00:00
20750,INST_0483,postgres,faculty_db,faculty,859,v1,loaded,2026-08-17 10:10:49.024580+00:00
20751,INST_0484,postgres,faculty_db,faculty,860,v1,loaded,2026-08-17 10:10:49.024580+00:00
20752,INST_0485,postgres,faculty_db,faculty,861,v1,loaded,2026-08-17 10:10:49.024580+00:00
20753,INST_0486,postgres,faculty_db,faculty,862,v1,loaded,2026-08-17 10:10:49.024580+00:00
20754,INST_0487,postgres,faculty_db,faculty,863,v1,loaded,2026-08-17 10:10:49.024580+00:00
20755,INST_0488,legacy_csv,legacy,nba_autonomous_status.csv,30,v1,loaded,2026-08-17 10:10:50.257857+00:00
20756,INST_0489,legacy_csv,legacy,nba_autonomous_status.csv,72,v1,loaded,2026-08-17 10:10:50.257857+00:00
20757,INST_0490,legacy_csv,legacy,nba_autonomous_status.csv,73,v1,loaded,2026-08-17 10:10:50.257857+00:00
20758,INST_0491,legacy_csv,legacy,nba_autonomous_status.csv,74,v1,loaded,2026-08-17 10:10:50.257857+00:00
20759,INST_0492,legacy_csv,legacy,nba_autonomous_status.csv,75,v1,loaded,2026-08-17 10:10:50.257857+00:00
20760,INST_0493,legacy_csv,legacy,closed_institutes.csv,17,v1,loaded,2026-08-17 10:10:50.262849+00:00
20761,INST_0494,legacy_csv,legacy,closed_institutes.csv,87,v1,loaded,2026-08-17 10:10:50.262849+00:00
20762,INST_0495,legacy_csv,legacy,unapproved_list.csv,85,v1,loaded,2026-08-17 10:10:50.268841+00:00
20763,INST_0496,legacy_csv,legacy,unapproved_list.csv,86,v1,loaded,2026-08-17 10:10:50.268841+00:00
20764,INST_0497,legacy_csv,legacy,unapproved_list.csv,87,v1,loaded,2026-08-17 10:10:50.268841+00:00
20765,INST_0498,legacy_csv,legacy,unapproved_list.csv,88,v1,loaded,2026-08-17 10:10:50.268841+00:00
20766,CRS_1,postgres,courses_db,courses,0,v1,loaded,2026-08-17 10:10:48.923623+00:00
20767,CRS_2,postgres,courses_db,courses,1,v1,loaded,2026-08-17 10:10:48.923623+00:00
20768,CRS_3,postgres,courses_db,courses,2,v1,loaded,2026-08-17 10:10:48.923623+00:00
20769,CRS_4,postgres,courses_db,courses,3,v1,loaded,2026-08-17 10:10:48.923623+00:00
20770,CRS_5,postgres,courses_db,courses,4,v1,loaded,2026-08-17 10:10:48.923623+00:00
20771,CRS_6,postgres,courses_db,courses,5,v1,loaded,2026-08-17 10:10:48.923623+00:00
20772,CRS_7,postgres,courses_db,courses,6,v1,loaded,2026-08-17 10:10:48.923623+00:00
20773,CRS_8,postgres,courses_db,courses,7,v1,loaded,2026-08-17 10:10:48.923623+00:00
20774,CRS_9,postgres,courses_db,courses,8,v1,loaded,2026-08-17 10:10:48.923623+00:00
20775,CRS_10,postgres,courses_db,courses,9,v1,loaded,2026-08-17 10:10:48.923623+00:00
20776,CRS_11,postgres,courses_db,courses,10,v1,loaded,2026-08-17 10:10:48.923623+00:00
20777,CRS_12,postgres,courses_db,courses,11,v1,loaded,2026-08-17 10:10:48.923623+00:00
20778,CRS_13,postgres,courses_db,courses,12,v1,loaded,2026-08-17 10:10:48.923623+00:00
20779,CRS_14,postgres,courses_db,courses,13,v1,loaded,2026-08-17 10:10:48.923623+00:00
20780,CRS_15,postgres,courses_db,courses,14,v1,loaded,2026-08-17 10:10:48.923623+00:00
20781,CRS_16,postgres,courses_db,courses,15,v1,loaded,2026-08-17 10:10:48.923623+00:00
20782,CRS_17,postgres,courses_db,courses,16,v1,loaded,2026-08-17 10:10:48.923623+00:00
20783,CRS_18,postgres,courses_db,courses,17,v1,loaded,2026-08-17 10:10:48.923623+00:00
20784,CRS_19,postgres,courses_db,courses,18,v1,loaded,2026-08-17 10:10:48.923623+00:00
20785,CRS_20,postgres,courses_db,courses,19,v1,loaded,2026-08-17 10:10:48.923623+00:00
20786,CRS_21,postgres,courses_db,courses,20,v1,loaded,2026-08-17 10:10:48.923623+00:00
20787,CRS_22,postgres,courses_db,courses,21,v1,loaded,2026-08-17 10:10:48.923623+00:00
20788,CRS_23,postgres,courses_db,courses,22,v1,loaded,2026-08-17 10:10:48.923623+00:00
20789,CRS_24,postgres,courses_db,courses,23,v1,loaded,2026-08-17 10:10:48.923623+00:00
20790,CRS_25,postgres,courses_db,courses,24,v1,loaded,2026-08-17 10:10:48.923623+00:00
20791,CRS_26,postgres,courses_db,courses,25,v1,loaded,2026-08-17 10:10:48.923623+00:00
20792,CRS_27,postgres,courses_db,courses,26,v1,loaded,2026-08-17 10:10:48.923623+00:00
20793,CRS_28,postgres,courses_db,courses,27,v1,loaded,2026-08-17 10:10:48.923623+00:00
20794,CRS_29,postgres,courses_db,courses,28,v1,loaded,2026-08-17 10:10:48.923623+00:00
20795,CRS_30,postgres,courses_db,courses,29,v1,loaded,2026-08-17 10:10:48.923623+00:00
20796,CRS_31,postgres,courses_db,courses,30,v1,loaded,2026-08-17 10:10:48.923623+00:00
20797,CRS_32,postgres,courses_db,courses,31,v1,loaded,2026-08-17 10:10:48.923623+00:00
20798,CRS_33,postgres,courses_db,courses,32,v1,loaded,2026-08-17 10:10:48.923623+00:00
20799,CRS_34,postgres,courses_db,courses,33,v1,loaded,2026-08-17 10:10:48.923623+00:00
20800,CRS_35,postgres,courses_db,courses,34,v1,loaded,2026-08-17 10:10:48.923623+00:00
20801,CRS_36,postgres,courses_db,courses,35,v1,loaded,2026-08-17 10:10:48.923623+00:00
20802,CRS_37,postgres,courses_db,courses,36,v1,loaded,2026-08-17 10:10:48.923623+00:00
20803,CRS_38,postgres,courses_db,courses,37,v1,loaded,2026-08-17 10:10:48.923623+00:00
20804,CRS_39,postgres,courses_db,courses,38,v1,loaded,2026-08-17 10:10:48.923623+00:00
20805,CRS_40,postgres,courses_db,courses,39,v1,loaded,2026-08-17 10:10:48.923623+00:00
20806,CRS_41,postgres,courses_db,courses,40,v1,loaded,2026-08-17 10:10:48.923623+00:00
20807,CRS_42,postgres,courses_db,courses,41,v1,loaded,2026-08-17 10:10:48.923623+00:00
20808,CRS_43,postgres,courses_db,courses,42,v1,loaded,2026-08-17 10:10:48.923623+00:00
20809,CRS_44,postgres,courses_db,courses,43,v1,loaded,2026-08-17 10:10:48.923623+00:00
20810,CRS_45,postgres,courses_db,courses,44,v1,loaded,2026-08-17 10:10:48.923623+00:00
20811,CRS_46,postgres,courses_db,courses,45,v1,loaded,2026-08-17 10:10:48.923623+00:00
20812,CRS_47,postgres,courses_db,courses,46,v1,loaded,2026-08-17 10:10:48.923623+00:00
20813,CRS_48,postgres,courses_db,courses,47,v1,loaded,2026-08-17 10:10:48.923623+00:00
20814,CRS_49,postgres,courses_db,courses,48,v1,loaded,2026-08-17 10:10:48.923623+00:00
20815,CRS_50,postgres,courses_db,courses,49,v1,loaded,2026-08-17 10:10:48.923623+00:00
20816,CRS_51,postgres,courses_db,courses,50,v1,loaded,2026-08-17 10:10:48.923623+00:00
20817,CRS_52,postgres,courses_db,courses,51,v1,loaded,2026-08-17 10:10:48.923623+00:00
20818,CRS_53,postgres,courses_db,courses,52,v1,loaded,2026-08-17 10:10:48.923623+00:00
20819,CRS_54,postgres,courses_db,courses,53,v1,loaded,2026-08-17 10:10:48.923623+00:00
20820,CRS_55,postgres,courses_db,courses,54,v1,loaded,2026-08-17 10:10:48.923623+00:00
20821,CRS_56,postgres,courses_db,courses,55,v1,loaded,2026-08-17 10:10:48.923623+00:00
20822,CRS_57,postgres,courses_db,courses,56,v1,loaded,2026-08-17 10:10:48.923623+00:00
20823,CRS_58,postgres,courses_db,courses,57,v1,loaded,2026-08-17 10:10:48.923623+00:00
20824,CRS_59,postgres,courses_db,courses,58,v1,loaded,2026-08-17 10:10:48.923623+00:00
20825,CRS_60,postgres,courses_db,courses,59,v1,loaded,2026-08-17 10:10:48.923623+00:00
20826,CRS_61,postgres,courses_db,courses,60,v1,loaded,2026-08-17 10:10:48.923623+00:00
20827,CRS_62,postgres,courses_db,courses,61,v1,loaded,2026-08-17 10:10:48.923623+00:00
20828,CRS_63,postgres,courses_db,courses,62,v1,loaded,2026-08-17 10:10:48.923623+00:00
20829,CRS_64,postgres,courses_db,courses,63,v1,loaded,2026-08-17 10:10:48.923623+00:00
20830,CRS_65,postgres,courses_db,courses,64,v1,loaded,2026-08-17 10:10:48.923623+00:00
20831,CRS_66,postgres,courses_db,courses,65,v1,loaded,2026-08-17 10:10:48.923623+00:00
20832,CRS_67,postgres,courses_db,courses,66,v1,loaded,2026-08-17 10:10:48.923623+00:00
20833,CRS_68,postgres,courses_db,courses,67,v1,loaded,2026-08-17 10:10:48.923623+00:00
20834,CRS_69,postgres,courses_db,courses,68,v1,loaded,2026-08-17 10:10:48.923623+00:00
20835,CRS_70,postgres,courses_db,courses,69,v1,loaded,2026-08-17 10:10:48.923623+00:00
20836,CRS_71,postgres,courses_db,courses,70,v1,loaded,2026-08-17 10:10:48.923623+00:00
20837,CRS_72,postgres,courses_db,courses,71,v1,loaded,2026-08-17 10:10:48.923623+00:00
20838,CRS_73,postgres,courses_db,courses,72,v1,loaded,2026-08-17 10:10:48.923623+00:00
20839,CRS_74,postgres,courses_db,courses,73,v1,loaded,2026-08-17 10:10:48.923623+00:00
20840,CRS_75,postgres,courses_db,courses,74,v1,loaded,2026-08-17 10:10:48.923623+00:00
20841,CRS_76,postgres,courses_db,courses,75,v1,loaded,2026-08-17 10:10:48.923623+00:00
20842,CRS_77,postgres,courses_db,courses,76,v1,loaded,2026-08-17 10:10:48.923623+00:00
20843,CRS_78,postgres,courses_db,courses,77,v1,loaded,2026-08-17 10:10:48.923623+00:00
20844,CRS_79,postgres,courses_db,courses,78,v1,loaded,2026-08-17 10:10:48.923623+00:00
20845,CRS_80,postgres,courses_db,courses,79,v1,loaded,2026-08-17 10:10:48.923623+00:00
20846,CRS_81,postgres,courses_db,courses,80,v1,loaded,2026-08-17 10:10:48.923623+00:00
20847,CRS_82,postgres,courses_db,courses,81,v1,loaded,2026-08-17 10:10:48.923623+00:00
20848,CRS_83,postgres,courses_db,courses,82,v1,loaded,2026-08-17 10:10:48.923623+00:00
20849,CRS_84,postgres,courses_db,courses,83,v1,loaded,2026-08-17 10:10:48.923623+00:00
20850,CRS_85,postgres,courses_db,courses,84,v1,loaded,2026-08-17 10:10:48.923623+00:00
20851,CRS_86,postgres,courses_db,courses,85,v1,loaded,2026-08-17 10:10:48.923623+00:00
20852,CRS_87,postgres,courses_db,courses,86,v1,loaded,2026-08-17 10:10:48.923623+00:00
20853,CRS_88,postgres,courses_db,courses,87,v1,loaded,2026-08-17 10:10:48.923623+00:00
20854,CRS_89,postgres,courses_db,courses,88,v1,loaded,2026-08-17 10:10:48.923623+00:00
20855,CRS_90,postgres,courses_db,courses,89,v1,loaded,2026-08-17 10:10:48.923623+00:00
20856,CRS_91,postgres,courses_db,courses,90,v1,loaded,2026-08-17 10:10:48.923623+00:00
20857,CRS_92,postgres,courses_db,courses,91,v1,loaded,2026-08-17 10:10:48.923623+00:00
20858,CRS_93,postgres,courses_db,courses,92,v1,loaded,2026-08-17 10:10:48.923623+00:00
20859,CRS_94,postgres,courses_db,courses,93,v1,loaded,2026-08-17 10:10:48.923623+00:00
20860,CRS_95,postgres,courses_db,courses,94,v1,loaded,2026-08-17 10:10:48.923623+00:00
20861,CRS_96,postgres,courses_db,courses,95,v1,loaded,2026-08-17 10:10:48.923623+00:00
20862,CRS_97,postgres,courses_db,courses,96,v1,loaded,2026-08-17 10:10:48.923623+00:00
20863,CRS_98,postgres,courses_db,courses,97,v1,loaded,2026-08-17 10:10:48.923623+00:00
20864,CRS_99,postgres,courses_db,courses,98,v1,loaded,2026-08-17 10:10:48.923623+00:00
20865,CRS_100,postgres,courses_db,courses,99,v1,loaded,2026-08-17 10:10:48.923623+00:00
20866,CRS_101,postgres,courses_db,courses,100,v1,loaded,2026-08-17 10:10:48.923623+00:00
20867,CRS_102,postgres,courses_db,courses,101,v1,loaded,2026-08-17 10:10:48.923623+00:00
20868,CRS_103,postgres,courses_db,courses,102,v1,loaded,2026-08-17 10:10:48.923623+00:00
20869,CRS_104,postgres,courses_db,courses,103,v1,loaded,2026-08-17 10:10:48.923623+00:00
20870,CRS_105,postgres,courses_db,courses,104,v1,loaded,2026-08-17 10:10:48.923623+00:00
20871,CRS_106,postgres,courses_db,courses,105,v1,loaded,2026-08-17 10:10:48.923623+00:00
20872,CRS_107,postgres,courses_db,courses,106,v1,loaded,2026-08-17 10:10:48.923623+00:00
20873,CRS_108,postgres,courses_db,courses,107,v1,loaded,2026-08-17 10:10:48.923623+00:00
20874,CRS_109,postgres,courses_db,courses,108,v1,loaded,2026-08-17 10:10:48.923623+00:00
20875,CRS_110,postgres,courses_db,courses,109,v1,loaded,2026-08-17 10:10:48.923623+00:00
20876,CRS_111,postgres,courses_db,courses,110,v1,loaded,2026-08-17 10:10:48.923623+00:00
20877,CRS_112,postgres,courses_db,courses,111,v1,loaded,2026-08-17 10:10:48.923623+00:00
20878,CRS_113,postgres,courses_db,courses,112,v1,loaded,2026-08-17 10:10:48.923623+00:00
20879,CRS_114,postgres,courses_db,courses,113,v1,loaded,2026-08-17 10:10:48.923623+00:00
20880,CRS_115,postgres,courses_db,courses,114,v1,loaded,2026-08-17 10:10:48.923623+00:00
20881,CRS_116,postgres,courses_db,courses,115,v1,loaded,2026-08-17 10:10:48.923623+00:00
20882,CRS_117,postgres,courses_db,courses,116,v1,loaded,2026-08-17 10:10:48.923623+00:00
20883,CRS_118,postgres,courses_db,courses,117,v1,loaded,2026-08-17 10:10:48.923623+00:00
20884,CRS_119,postgres,courses_db,courses,118,v1,loaded,2026-08-17 10:10:48.923623+00:00
20885,CRS_120,postgres,courses_db,courses,119,v1,loaded,2026-08-17 10:10:48.923623+00:00
20886,CRS_121,postgres,courses_db,courses,120,v1,loaded,2026-08-17 10:10:48.923623+00:00
20887,CRS_122,postgres,courses_db,courses,121,v1,loaded,2026-08-17 10:10:48.923623+00:00
20888,CRS_123,postgres,courses_db,courses,122,v1,loaded,2026-08-17 10:10:48.923623+00:00
20889,CRS_124,postgres,courses_db,courses,123,v1,loaded,2026-08-17 10:10:48.923623+00:00
20890,CRS_125,postgres,courses_db,courses,124,v1,loaded,2026-08-17 10:10:48.923623+00:00
20891,CRS_126,postgres,courses_db,courses,125,v1,loaded,2026-08-17 10:10:48.923623+00:00
20892,CRS_127,postgres,courses_db,courses,126,v1,loaded,2026-08-17 10:10:48.923623+00:00
20893,CRS_128,postgres,courses_db,courses,127,v1,loaded,2026-08-17 10:10:48.923623+00:00
20894,CRS_129,postgres,courses_db,courses,128,v1,loaded,2026-08-17 10:10:48.923623+00:00
20895,CRS_130,postgres,courses_db,courses,129,v1,loaded,2026-08-17 10:10:48.923623+00:00
20896,CRS_131,postgres,courses_db,courses,130,v1,loaded,2026-08-17 10:10:48.923623+00:00
20897,CRS_132,postgres,courses_db,courses,131,v1,loaded,2026-08-17 10:10:48.923623+00:00
20898,CRS_133,postgres,courses_db,courses,132,v1,loaded,2026-08-17 10:10:48.923623+00:00
20899,CRS_134,postgres,courses_db,courses,133,v1,loaded,2026-08-17 10:10:48.923623+00:00
20900,CRS_135,postgres,courses_db,courses,134,v1,loaded,2026-08-17 10:10:48.923623+00:00
20901,CRS_136,postgres,courses_db,courses,135,v1,loaded,2026-08-17 10:10:48.923623+00:00
20902,CRS_137,postgres,courses_db,courses,136,v1,loaded,2026-08-17 10:10:48.923623+00:00
20903,CRS_138,postgres,courses_db,courses,137,v1,loaded,2026-08-17 10:10:48.923623+00:00
20904,CRS_139,postgres,courses_db,courses,138,v1,loaded,2026-08-17 10:10:48.923623+00:00
20905,CRS_140,postgres,courses_db,courses,139,v1,loaded,2026-08-17 10:10:48.923623+00:00
20906,CRS_141,postgres,courses_db,courses,140,v1,loaded,2026-08-17 10:10:48.923623+00:00
20907,CRS_142,postgres,courses_db,courses,141,v1,loaded,2026-08-17 10:10:48.923623+00:00
20908,CRS_143,postgres,courses_db,courses,142,v1,loaded,2026-08-17 10:10:48.923623+00:00
20909,CRS_144,postgres,courses_db,courses,143,v1,loaded,2026-08-17 10:10:48.923623+00:00
20910,CRS_145,postgres,courses_db,courses,144,v1,loaded,2026-08-17 10:10:48.923623+00:00
20911,CRS_146,postgres,courses_db,courses,145,v1,loaded,2026-08-17 10:10:48.923623+00:00
20912,CRS_147,postgres,courses_db,courses,146,v1,loaded,2026-08-17 10:10:48.923623+00:00
20913,CRS_148,postgres,courses_db,courses,147,v1,loaded,2026-08-17 10:10:48.923623+00:00
20914,CRS_149,postgres,courses_db,courses,148,v1,loaded,2026-08-17 10:10:48.923623+00:00
20915,CRS_150,postgres,courses_db,courses,149,v1,loaded,2026-08-17 10:10:48.923623+00:00
20916,CRS_151,postgres,courses_db,courses,150,v1,loaded,2026-08-17 10:10:48.923623+00:00
20917,CRS_152,postgres,courses_db,courses,151,v1,loaded,2026-08-17 10:10:48.923623+00:00
20918,CRS_153,postgres,courses_db,courses,152,v1,loaded,2026-08-17 10:10:48.923623+00:00
20919,CRS_154,postgres,courses_db,courses,153,v1,loaded,2026-08-17 10:10:48.923623+00:00
20920,CRS_155,postgres,courses_db,courses,154,v1,loaded,2026-08-17 10:10:48.923623+00:00
20921,CRS_156,postgres,courses_db,courses,155,v1,loaded,2026-08-17 10:10:48.923623+00:00
20922,CRS_157,postgres,courses_db,courses,156,v1,loaded,2026-08-17 10:10:48.923623+00:00
20923,CRS_158,postgres,courses_db,courses,157,v1,loaded,2026-08-17 10:10:48.923623+00:00
20924,CRS_159,postgres,courses_db,courses,158,v1,loaded,2026-08-17 10:10:48.923623+00:00
20925,CRS_160,postgres,courses_db,courses,159,v1,loaded,2026-08-17 10:10:48.923623+00:00
20926,CRS_161,postgres,courses_db,courses,160,v1,loaded,2026-08-17 10:10:48.923623+00:00
20927,CRS_162,postgres,courses_db,courses,161,v1,loaded,2026-08-17 10:10:48.923623+00:00
20928,CRS_163,postgres,courses_db,courses,162,v1,loaded,2026-08-17 10:10:48.923623+00:00
20929,CRS_164,postgres,courses_db,courses,163,v1,loaded,2026-08-17 10:10:48.923623+00:00
20930,CRS_165,postgres,courses_db,courses,164,v1,loaded,2026-08-17 10:10:48.923623+00:00
20931,CRS_166,postgres,courses_db,courses,165,v1,loaded,2026-08-17 10:10:48.923623+00:00
20932,CRS_167,postgres,courses_db,courses,166,v1,loaded,2026-08-17 10:10:48.923623+00:00
20933,CRS_168,postgres,courses_db,courses,167,v1,loaded,2026-08-17 10:10:48.923623+00:00
20934,CRS_169,postgres,courses_db,courses,168,v1,loaded,2026-08-17 10:10:48.923623+00:00
20935,CRS_170,postgres,courses_db,courses,169,v1,loaded,2026-08-17 10:10:48.923623+00:00
20936,CRS_171,postgres,courses_db,courses,170,v1,loaded,2026-08-17 10:10:48.923623+00:00
20937,CRS_172,postgres,courses_db,courses,171,v1,loaded,2026-08-17 10:10:48.923623+00:00
20938,CRS_173,postgres,courses_db,courses,172,v1,loaded,2026-08-17 10:10:48.923623+00:00
20939,CRS_174,postgres,courses_db,courses,173,v1,loaded,2026-08-17 10:10:48.923623+00:00
20940,CRS_175,postgres,courses_db,courses,174,v1,loaded,2026-08-17 10:10:48.923623+00:00
20941,CRS_176,postgres,courses_db,courses,175,v1,loaded,2026-08-17 10:10:48.923623+00:00
20942,CRS_177,postgres,courses_db,courses,176,v1,loaded,2026-08-17 10:10:48.923623+00:00
20943,CRS_178,postgres,courses_db,courses,177,v1,loaded,2026-08-17 10:10:48.923623+00:00
20944,CRS_179,postgres,courses_db,courses,178,v1,loaded,2026-08-17 10:10:48.923623+00:00
20945,CRS_180,postgres,courses_db,courses,179,v1,loaded,2026-08-17 10:10:48.923623+00:00
20946,CRS_181,postgres,courses_db,courses,180,v1,loaded,2026-08-17 10:10:48.923623+00:00
20947,CRS_182,postgres,courses_db,courses,181,v1,loaded,2026-08-17 10:10:48.923623+00:00
20948,CRS_183,postgres,courses_db,courses,182,v1,loaded,2026-08-17 10:10:48.923623+00:00
20949,CRS_184,postgres,courses_db,courses,183,v1,loaded,2026-08-17 10:10:48.923623+00:00
20950,CRS_185,postgres,courses_db,courses,184,v1,loaded,2026-08-17 10:10:48.923623+00:00
20951,CRS_186,postgres,courses_db,courses,185,v1,loaded,2026-08-17 10:10:48.923623+00:00
20952,CRS_187,postgres,courses_db,courses,186,v1,loaded,2026-08-17 10:10:48.923623+00:00
20953,CRS_188,postgres,courses_db,courses,187,v1,loaded,2026-08-17 10:10:48.923623+00:00
20954,CRS_189,postgres,courses_db,courses,188,v1,loaded,2026-08-17 10:10:48.923623+00:00
20955,CRS_190,postgres,courses_db,courses,189,v1,loaded,2026-08-17 10:10:48.923623+00:00
20956,CRS_191,postgres,courses_db,courses,190,v1,loaded,2026-08-17 10:10:48.923623+00:00
20957,CRS_192,postgres,courses_db,courses,191,v1,loaded,2026-08-17 10:10:48.923623+00:00
20958,CRS_193,postgres,courses_db,courses,192,v1,loaded,2026-08-17 10:10:48.923623+00:00
20959,CRS_194,postgres,courses_db,courses,193,v1,loaded,2026-08-17 10:10:48.923623+00:00
20960,CRS_195,postgres,courses_db,courses,194,v1,loaded,2026-08-17 10:10:48.923623+00:00
20961,CRS_196,postgres,courses_db,courses,195,v1,loaded,2026-08-17 10:10:48.923623+00:00
20962,CRS_197,postgres,courses_db,courses,196,v1,loaded,2026-08-17 10:10:48.923623+00:00
20963,CRS_198,postgres,courses_db,courses,197,v1,loaded,2026-08-17 10:10:48.923623+00:00
20964,CRS_199,postgres,courses_db,courses,198,v1,loaded,2026-08-17 10:10:48.923623+00:00
20965,CRS_200,postgres,courses_db,courses,199,v1,loaded,2026-08-17 10:10:48.923623+00:00
20966,CRS_201,postgres,courses_db,courses,200,v1,loaded,2026-08-17 10:10:48.923623+00:00
20967,CRS_202,postgres,courses_db,courses,201,v1,loaded,2026-08-17 10:10:48.923623+00:00
20968,CRS_203,postgres,courses_db,courses,202,v1,loaded,2026-08-17 10:10:48.923623+00:00
20969,CRS_204,postgres,courses_db,courses,203,v1,loaded,2026-08-17 10:10:48.923623+00:00
20970,CRS_205,postgres,courses_db,courses,204,v1,loaded,2026-08-17 10:10:48.923623+00:00
20971,CRS_206,postgres,courses_db,courses,205,v1,loaded,2026-08-17 10:10:48.923623+00:00
20972,CRS_207,postgres,courses_db,courses,206,v1,loaded,2026-08-17 10:10:48.923623+00:00
20973,CRS_208,postgres,courses_db,courses,207,v1,loaded,2026-08-17 10:10:48.923623+00:00
20974,CRS_209,postgres,courses_db,courses,208,v1,loaded,2026-08-17 10:10:48.923623+00:00
20975,CRS_210,postgres,courses_db,courses,209,v1,loaded,2026-08-17 10:10:48.923623+00:00
20976,CRS_211,postgres,courses_db,courses,210,v1,loaded,2026-08-17 10:10:48.923623+00:00
20977,CRS_212,postgres,courses_db,courses,211,v1,loaded,2026-08-17 10:10:48.923623+00:00
20978,CRS_213,postgres,courses_db,courses,212,v1,loaded,2026-08-17 10:10:48.923623+00:00
20979,CRS_214,postgres,courses_db,courses,213,v1,loaded,2026-08-17 10:10:48.923623+00:00
20980,CRS_215,postgres,courses_db,courses,214,v1,loaded,2026-08-17 10:10:48.923623+00:00
20981,CRS_216,postgres,courses_db,courses,215,v1,loaded,2026-08-17 10:10:48.923623+00:00
20982,CRS_217,postgres,courses_db,courses,216,v1,loaded,2026-08-17 10:10:48.923623+00:00
20983,CRS_218,postgres,courses_db,courses,217,v1,loaded,2026-08-17 10:10:48.923623+00:00
20984,CRS_219,postgres,courses_db,courses,218,v1,loaded,2026-08-17 10:10:48.923623+00:00
20985,CRS_220,postgres,courses_db,courses,219,v1,loaded,2026-08-17 10:10:48.923623+00:00
20986,CRS_221,postgres,courses_db,courses,220,v1,loaded,2026-08-17 10:10:48.923623+00:00
20987,CRS_222,postgres,courses_db,courses,221,v1,loaded,2026-08-17 10:10:48.923623+00:00
20988,CRS_223,postgres,courses_db,courses,222,v1,loaded,2026-08-17 10:10:48.923623+00:00
20989,CRS_224,postgres,courses_db,courses,223,v1,loaded,2026-08-17 10:10:48.923623+00:00
20990,CRS_225,postgres,courses_db,courses,224,v1,loaded,2026-08-17 10:10:48.923623+00:00
20991,CRS_226,postgres,courses_db,courses,225,v1,loaded,2026-08-17 10:10:48.923623+00:00
20992,CRS_227,postgres,courses_db,courses,226,v1,loaded,2026-08-17 10:10:48.923623+00:00
20993,CRS_228,postgres,courses_db,courses,227,v1,loaded,2026-08-17 10:10:48.923623+00:00
20994,CRS_229,postgres,courses_db,courses,228,v1,loaded,2026-08-17 10:10:48.923623+00:00
20995,CRS_230,postgres,courses_db,courses,229,v1,loaded,2026-08-17 10:10:48.923623+00:00
20996,CRS_231,postgres,courses_db,courses,230,v1,loaded,2026-08-17 10:10:48.923623+00:00
20997,CRS_232,postgres,courses_db,courses,231,v1,loaded,2026-08-17 10:10:48.923623+00:00
20998,CRS_233,postgres,courses_db,courses,232,v1,loaded,2026-08-17 10:10:48.923623+00:00
20999,CRS_234,postgres,courses_db,courses,233,v1,loaded,2026-08-17 10:10:48.923623+00:00
21000,CRS_235,postgres,courses_db,courses,234,v1,loaded,2026-08-17 10:10:48.923623+00:00
21001,CRS_236,postgres,courses_db,courses,235,v1,loaded,2026-08-17 10:10:48.923623+00:00
21002,CRS_237,postgres,courses_db,courses,236,v1,loaded,2026-08-17 10:10:48.923623+00:00
21003,CRS_238,postgres,courses_db,courses,237,v1,loaded,2026-08-17 10:10:48.923623+00:00
21004,CRS_239,postgres,courses_db,courses,238,v1,loaded,2026-08-17 10:10:48.923623+00:00
21005,CRS_240,postgres,courses_db,courses,239,v1,loaded,2026-08-17 10:10:48.923623+00:00
21006,CRS_241,postgres,courses_db,courses,240,v1,loaded,2026-08-17 10:10:48.923623+00:00
21007,CRS_242,postgres,courses_db,courses,241,v1,loaded,2026-08-17 10:10:48.923623+00:00
21008,CRS_243,postgres,courses_db,courses,242,v1,loaded,2026-08-17 10:10:48.923623+00:00
21009,CRS_244,postgres,courses_db,courses,243,v1,loaded,2026-08-17 10:10:48.923623+00:00
21010,CRS_245,postgres,courses_db,courses,244,v1,loaded,2026-08-17 10:10:48.923623+00:00
21011,CRS_246,postgres,courses_db,courses,245,v1,loaded,2026-08-17 10:10:48.923623+00:00
21012,CRS_247,postgres,courses_db,courses,246,v1,loaded,2026-08-17 10:10:48.923623+00:00
21013,CRS_248,postgres,courses_db,courses,247,v1,loaded,2026-08-17 10:10:48.923623+00:00
21014,CRS_249,postgres,courses_db,courses,248,v1,loaded,2026-08-17 10:10:48.923623+00:00
21015,CRS_250,postgres,courses_db,courses,249,v1,loaded,2026-08-17 10:10:48.923623+00:00
21016,CRS_251,postgres,courses_db,courses,250,v1,loaded,2026-08-17 10:10:48.923623+00:00
21017,CRS_252,postgres,courses_db,courses,251,v1,loaded,2026-08-17 10:10:48.923623+00:00
21018,CRS_253,postgres,courses_db,courses,252,v1,loaded,2026-08-17 10:10:48.923623+00:00
21019,CRS_254,postgres,courses_db,courses,253,v1,loaded,2026-08-17 10:10:48.923623+00:00
21020,CRS_255,postgres,courses_db,courses,254,v1,loaded,2026-08-17 10:10:48.923623+00:00
21021,CRS_256,postgres,courses_db,courses,255,v1,loaded,2026-08-17 10:10:48.923623+00:00
21022,CRS_257,postgres,courses_db,courses,256,v1,loaded,2026-08-17 10:10:48.923623+00:00
21023,CRS_258,postgres,courses_db,courses,257,v1,loaded,2026-08-17 10:10:48.923623+00:00
21024,CRS_259,postgres,courses_db,courses,258,v1,loaded,2026-08-17 10:10:48.923623+00:00
21025,CRS_260,postgres,courses_db,courses,259,v1,loaded,2026-08-17 10:10:48.923623+00:00
21026,CRS_261,postgres,courses_db,courses,260,v1,loaded,2026-08-17 10:10:48.923623+00:00
21027,CRS_262,postgres,courses_db,courses,261,v1,loaded,2026-08-17 10:10:48.923623+00:00
21028,CRS_263,postgres,courses_db,courses,262,v1,loaded,2026-08-17 10:10:48.923623+00:00
21029,CRS_264,postgres,courses_db,courses,263,v1,loaded,2026-08-17 10:10:48.923623+00:00
21030,CRS_265,postgres,courses_db,courses,264,v1,loaded,2026-08-17 10:10:48.923623+00:00
21031,CRS_266,postgres,courses_db,courses,265,v1,loaded,2026-08-17 10:10:48.923623+00:00
21032,CRS_267,postgres,courses_db,courses,266,v1,loaded,2026-08-17 10:10:48.923623+00:00
21033,CRS_268,postgres,courses_db,courses,267,v1,loaded,2026-08-17 10:10:48.923623+00:00
21034,CRS_269,postgres,courses_db,courses,268,v1,loaded,2026-08-17 10:10:48.923623+00:00
21035,CRS_270,postgres,courses_db,courses,269,v1,loaded,2026-08-17 10:10:48.923623+00:00
21036,CRS_271,postgres,courses_db,courses,270,v1,loaded,2026-08-17 10:10:48.923623+00:00
21037,CRS_272,postgres,courses_db,courses,271,v1,loaded,2026-08-17 10:10:48.923623+00:00
21038,CRS_273,postgres,courses_db,courses,272,v1,loaded,2026-08-17 10:10:48.923623+00:00
21039,CRS_274,postgres,courses_db,courses,273,v1,loaded,2026-08-17 10:10:48.923623+00:00
21040,CRS_275,postgres,courses_db,courses,274,v1,loaded,2026-08-17 10:10:48.923623+00:00
21041,CRS_276,postgres,courses_db,courses,275,v1,loaded,2026-08-17 10:10:48.923623+00:00
21042,CRS_277,postgres,courses_db,courses,276,v1,loaded,2026-08-17 10:10:48.923623+00:00
21043,CRS_278,postgres,courses_db,courses,277,v1,loaded,2026-08-17 10:10:48.923623+00:00
21044,CRS_279,postgres,courses_db,courses,278,v1,loaded,2026-08-17 10:10:48.923623+00:00
21045,CRS_280,postgres,courses_db,courses,279,v1,loaded,2026-08-17 10:10:48.923623+00:00
21046,CRS_281,postgres,courses_db,courses,280,v1,loaded,2026-08-17 10:10:48.923623+00:00
21047,CRS_282,postgres,courses_db,courses,281,v1,loaded,2026-08-17 10:10:48.923623+00:00
21048,CRS_283,postgres,courses_db,courses,282,v1,loaded,2026-08-17 10:10:48.923623+00:00
21049,CRS_284,postgres,courses_db,courses,283,v1,loaded,2026-08-17 10:10:48.923623+00:00
21050,CRS_285,postgres,courses_db,courses,284,v1,loaded,2026-08-17 10:10:48.923623+00:00
21051,CRS_286,postgres,courses_db,courses,285,v1,loaded,2026-08-17 10:10:48.923623+00:00
21052,CRS_287,postgres,courses_db,courses,286,v1,loaded,2026-08-17 10:10:48.923623+00:00
21053,CRS_288,postgres,courses_db,courses,287,v1,loaded,2026-08-17 10:10:48.923623+00:00
21054,CRS_289,postgres,courses_db,courses,288,v1,loaded,2026-08-17 10:10:48.923623+00:00
21055,CRS_290,postgres,courses_db,courses,289,v1,loaded,2026-08-17 10:10:48.923623+00:00
21056,CRS_291,postgres,courses_db,courses,290,v1,loaded,2026-08-17 10:10:48.923623+00:00
21057,CRS_292,postgres,courses_db,courses,291,v1,loaded,2026-08-17 10:10:48.923623+00:00
21058,CRS_293,postgres,courses_db,courses,292,v1,loaded,2026-08-17 10:10:48.923623+00:00
21059,CRS_294,postgres,courses_db,courses,293,v1,loaded,2026-08-17 10:10:48.923623+00:00
21060,CRS_295,postgres,courses_db,courses,294,v1,loaded,2026-08-17 10:10:48.923623+00:00
21061,CRS_296,postgres,courses_db,courses,295,v1,loaded,2026-08-17 10:10:48.923623+00:00
21062,CRS_297,postgres,courses_db,courses,296,v1,loaded,2026-08-17 10:10:48.923623+00:00
21063,CRS_298,postgres,courses_db,courses,297,v1,loaded,2026-08-17 10:10:48.923623+00:00
21064,CRS_299,postgres,courses_db,courses,298,v1,loaded,2026-08-17 10:10:48.923623+00:00
21065,CRS_300,postgres,courses_db,courses,299,v1,loaded,2026-08-17 10:10:48.923623+00:00
21066,CRS_301,postgres,courses_db,courses,300,v1,loaded,2026-08-17 10:10:48.923623+00:00
21067,CRS_302,postgres,courses_db,courses,301,v1,loaded,2026-08-17 10:10:48.923623+00:00
21068,CRS_303,postgres,courses_db,courses,302,v1,loaded,2026-08-17 10:10:48.923623+00:00
21069,CRS_304,postgres,courses_db,courses,303,v1,loaded,2026-08-17 10:10:48.923623+00:00
21070,CRS_305,postgres,courses_db,courses,304,v1,loaded,2026-08-17 10:10:48.923623+00:00
21071,CRS_306,postgres,courses_db,courses,305,v1,loaded,2026-08-17 10:10:48.923623+00:00
21072,CRS_307,postgres,courses_db,courses,306,v1,loaded,2026-08-17 10:10:48.923623+00:00
21073,CRS_308,postgres,courses_db,courses,307,v1,loaded,2026-08-17 10:10:48.923623+00:00
21074,CRS_309,postgres,courses_db,courses,308,v1,loaded,2026-08-17 10:10:48.923623+00:00
21075,CRS_310,postgres,courses_db,courses,309,v1,loaded,2026-08-17 10:10:48.923623+00:00
21076,CRS_311,postgres,courses_db,courses,310,v1,loaded,2026-08-17 10:10:48.923623+00:00
21077,CRS_312,postgres,courses_db,courses,311,v1,loaded,2026-08-17 10:10:48.923623+00:00
21078,CRS_313,postgres,courses_db,courses,312,v1,loaded,2026-08-17 10:10:48.923623+00:00
21079,CRS_314,postgres,courses_db,courses,313,v1,loaded,2026-08-17 10:10:48.923623+00:00
21080,CRS_315,postgres,courses_db,courses,314,v1,loaded,2026-08-17 10:10:48.923623+00:00
21081,CRS_316,postgres,courses_db,courses,315,v1,loaded,2026-08-17 10:10:48.923623+00:00
21082,CRS_317,postgres,courses_db,courses,316,v1,loaded,2026-08-17 10:10:48.923623+00:00
21083,CRS_318,postgres,courses_db,courses,317,v1,loaded,2026-08-17 10:10:48.923623+00:00
21084,CRS_319,postgres,courses_db,courses,318,v1,loaded,2026-08-17 10:10:48.923623+00:00
21085,CRS_320,postgres,courses_db,courses,319,v1,loaded,2026-08-17 10:10:48.923623+00:00
21086,CRS_321,postgres,courses_db,courses,320,v1,loaded,2026-08-17 10:10:48.923623+00:00
21087,CRS_322,postgres,courses_db,courses,321,v1,loaded,2026-08-17 10:10:48.923623+00:00
21088,CRS_323,postgres,courses_db,courses,322,v1,loaded,2026-08-17 10:10:48.923623+00:00
21089,CRS_324,postgres,courses_db,courses,323,v1,loaded,2026-08-17 10:10:48.923623+00:00
21090,CRS_325,postgres,courses_db,courses,324,v1,loaded,2026-08-17 10:10:48.923623+00:00
21091,CRS_326,postgres,courses_db,courses,325,v1,loaded,2026-08-17 10:10:48.923623+00:00
21092,CRS_327,postgres,courses_db,courses,326,v1,loaded,2026-08-17 10:10:48.923623+00:00
21093,CRS_328,postgres,courses_db,courses,327,v1,loaded,2026-08-17 10:10:48.923623+00:00
21094,CRS_329,postgres,courses_db,courses,328,v1,loaded,2026-08-17 10:10:48.923623+00:00
21095,CRS_330,postgres,courses_db,courses,329,v1,loaded,2026-08-17 10:10:48.923623+00:00
21096,CRS_331,postgres,courses_db,courses,330,v1,loaded,2026-08-17 10:10:48.923623+00:00
21097,CRS_332,postgres,courses_db,courses,331,v1,loaded,2026-08-17 10:10:48.923623+00:00
21098,CRS_333,postgres,courses_db,courses,332,v1,loaded,2026-08-17 10:10:48.923623+00:00
21099,CRS_334,postgres,courses_db,courses,333,v1,loaded,2026-08-17 10:10:48.923623+00:00
21100,CRS_335,postgres,courses_db,courses,334,v1,loaded,2026-08-17 10:10:48.923623+00:00
21101,CRS_336,postgres,courses_db,courses,335,v1,loaded,2026-08-17 10:10:48.923623+00:00
21102,CRS_337,postgres,courses_db,courses,336,v1,loaded,2026-08-17 10:10:48.923623+00:00
21103,CRS_338,postgres,courses_db,courses,337,v1,loaded,2026-08-17 10:10:48.923623+00:00
21104,CRS_339,postgres,courses_db,courses,338,v1,loaded,2026-08-17 10:10:48.923623+00:00
21105,CRS_340,postgres,courses_db,courses,339,v1,loaded,2026-08-17 10:10:48.923623+00:00
21106,CRS_341,postgres,courses_db,courses,340,v1,loaded,2026-08-17 10:10:48.923623+00:00
21107,CRS_342,postgres,courses_db,courses,341,v1,loaded,2026-08-17 10:10:48.923623+00:00
21108,CRS_343,postgres,courses_db,courses,342,v1,loaded,2026-08-17 10:10:48.923623+00:00
21109,CRS_344,postgres,courses_db,courses,343,v1,loaded,2026-08-17 10:10:48.923623+00:00
21110,CRS_345,postgres,courses_db,courses,344,v1,loaded,2026-08-17 10:10:48.923623+00:00
21111,CRS_346,postgres,courses_db,courses,345,v1,loaded,2026-08-17 10:10:48.923623+00:00
21112,CRS_347,postgres,courses_db,courses,346,v1,loaded,2026-08-17 10:10:48.923623+00:00
21113,CRS_348,postgres,courses_db,courses,347,v1,loaded,2026-08-17 10:10:48.923623+00:00
21114,CRS_349,postgres,courses_db,courses,348,v1,loaded,2026-08-17 10:10:48.923623+00:00
21115,CRS_350,postgres,courses_db,courses,349,v1,loaded,2026-08-17 10:10:48.923623+00:00
21116,CRS_351,postgres,courses_db,courses,350,v1,loaded,2026-08-17 10:10:48.923623+00:00
21117,CRS_352,postgres,courses_db,courses,351,v1,loaded,2026-08-17 10:10:48.923623+00:00
21118,CRS_353,postgres,courses_db,courses,352,v1,loaded,2026-08-17 10:10:48.923623+00:00
21119,CRS_354,postgres,courses_db,courses,353,v1,loaded,2026-08-17 10:10:48.923623+00:00
21120,CRS_355,postgres,courses_db,courses,354,v1,loaded,2026-08-17 10:10:48.923623+00:00
21121,CRS_356,postgres,courses_db,courses,355,v1,loaded,2026-08-17 10:10:48.923623+00:00
21122,CRS_357,postgres,courses_db,courses,356,v1,loaded,2026-08-17 10:10:48.923623+00:00
21123,CRS_358,postgres,courses_db,courses,357,v1,loaded,2026-08-17 10:10:48.923623+00:00
21124,CRS_359,postgres,courses_db,courses,358,v1,loaded,2026-08-17 10:10:48.923623+00:00
21125,CRS_360,postgres,courses_db,courses,359,v1,loaded,2026-08-17 10:10:48.923623+00:00
21126,CRS_361,postgres,courses_db,courses,360,v1,loaded,2026-08-17 10:10:48.923623+00:00
21127,CRS_362,postgres,courses_db,courses,361,v1,loaded,2026-08-17 10:10:48.923623+00:00
21128,CRS_363,postgres,courses_db,courses,362,v1,loaded,2026-08-17 10:10:48.923623+00:00
21129,CRS_364,postgres,courses_db,courses,363,v1,loaded,2026-08-17 10:10:48.923623+00:00
21130,CRS_365,postgres,courses_db,courses,364,v1,loaded,2026-08-17 10:10:48.923623+00:00
21131,CRS_366,postgres,courses_db,courses,365,v1,loaded,2026-08-17 10:10:48.923623+00:00
21132,CRS_367,postgres,courses_db,courses,366,v1,loaded,2026-08-17 10:10:48.923623+00:00
21133,CRS_368,postgres,courses_db,courses,367,v1,loaded,2026-08-17 10:10:48.923623+00:00
21134,CRS_369,postgres,courses_db,courses,368,v1,loaded,2026-08-17 10:10:48.923623+00:00
21135,CRS_370,postgres,courses_db,courses,369,v1,loaded,2026-08-17 10:10:48.923623+00:00
21136,CRS_371,postgres,courses_db,courses,370,v1,loaded,2026-08-17 10:10:48.923623+00:00
21137,CRS_372,postgres,courses_db,courses,371,v1,loaded,2026-08-17 10:10:48.923623+00:00
21138,CRS_373,postgres,courses_db,courses,372,v1,loaded,2026-08-17 10:10:48.923623+00:00
21139,CRS_374,postgres,courses_db,courses,373,v1,loaded,2026-08-17 10:10:48.923623+00:00
21140,CRS_375,postgres,courses_db,courses,374,v1,loaded,2026-08-17 10:10:48.923623+00:00
21141,CRS_376,postgres,courses_db,courses,375,v1,loaded,2026-08-17 10:10:48.923623+00:00
21142,CRS_377,postgres,courses_db,courses,376,v1,loaded,2026-08-17 10:10:48.923623+00:00
21143,CRS_378,postgres,courses_db,courses,377,v1,loaded,2026-08-17 10:10:48.923623+00:00
21144,CRS_379,postgres,courses_db,courses,378,v1,loaded,2026-08-17 10:10:48.923623+00:00
21145,CRS_435,postgres,courses_db,courses,379,v1,loaded,2026-08-17 10:10:48.923623+00:00
21146,CRS_380,postgres,courses_db,courses,380,v1,loaded,2026-08-17 10:10:48.923623+00:00
21147,CRS_381,postgres,courses_db,courses,381,v1,loaded,2026-08-17 10:10:48.923623+00:00
21148,CRS_382,postgres,courses_db,courses,382,v1,loaded,2026-08-17 10:10:48.923623+00:00
21149,CRS_383,postgres,courses_db,courses,383,v1,loaded,2026-08-17 10:10:48.923623+00:00
21150,CRS_384,postgres,courses_db,courses,384,v1,loaded,2026-08-17 10:10:48.923623+00:00
21151,CRS_385,postgres,courses_db,courses,385,v1,loaded,2026-08-17 10:10:48.923623+00:00
21152,CRS_386,postgres,courses_db,courses,386,v1,loaded,2026-08-17 10:10:48.923623+00:00
21153,CRS_387,postgres,courses_db,courses,387,v1,loaded,2026-08-17 10:10:48.923623+00:00
21154,CRS_388,postgres,courses_db,courses,388,v1,loaded,2026-08-17 10:10:48.923623+00:00
21155,CRS_389,postgres,courses_db,courses,389,v1,loaded,2026-08-17 10:10:48.923623+00:00
21156,CRS_390,postgres,courses_db,courses,390,v1,loaded,2026-08-17 10:10:48.923623+00:00
21157,CRS_391,postgres,courses_db,courses,391,v1,loaded,2026-08-17 10:10:48.923623+00:00
21158,CRS_392,postgres,courses_db,courses,392,v1,loaded,2026-08-17 10:10:48.923623+00:00
21159,CRS_393,postgres,courses_db,courses,393,v1,loaded,2026-08-17 10:10:48.923623+00:00
21160,CRS_394,postgres,courses_db,courses,394,v1,loaded,2026-08-17 10:10:48.923623+00:00
21161,CRS_395,postgres,courses_db,courses,395,v1,loaded,2026-08-17 10:10:48.923623+00:00
21162,CRS_396,postgres,courses_db,courses,396,v1,loaded,2026-08-17 10:10:48.923623+00:00
21163,CRS_397,postgres,courses_db,courses,397,v1,loaded,2026-08-17 10:10:48.923623+00:00
21164,CRS_398,postgres,courses_db,courses,398,v1,loaded,2026-08-17 10:10:48.923623+00:00
21165,CRS_399,postgres,courses_db,courses,399,v1,loaded,2026-08-17 10:10:48.923623+00:00
21166,CRS_400,postgres,courses_db,courses,400,v1,loaded,2026-08-17 10:10:48.923623+00:00
21167,CRS_401,postgres,courses_db,courses,401,v1,loaded,2026-08-17 10:10:48.923623+00:00
21168,CRS_402,postgres,courses_db,courses,402,v1,loaded,2026-08-17 10:10:48.923623+00:00
21169,CRS_403,postgres,courses_db,courses,403,v1,loaded,2026-08-17 10:10:48.923623+00:00
21170,CRS_404,postgres,courses_db,courses,404,v1,loaded,2026-08-17 10:10:48.923623+00:00
21171,CRS_405,postgres,courses_db,courses,405,v1,loaded,2026-08-17 10:10:48.923623+00:00
21172,CRS_406,postgres,courses_db,courses,406,v1,loaded,2026-08-17 10:10:48.923623+00:00
21173,CRS_407,postgres,courses_db,courses,407,v1,loaded,2026-08-17 10:10:48.923623+00:00
21174,CRS_408,postgres,courses_db,courses,408,v1,loaded,2026-08-17 10:10:48.923623+00:00
21175,CRS_409,postgres,courses_db,courses,409,v1,loaded,2026-08-17 10:10:48.923623+00:00
21176,CRS_410,postgres,courses_db,courses,410,v1,loaded,2026-08-17 10:10:48.923623+00:00
21177,CRS_411,postgres,courses_db,courses,411,v1,loaded,2026-08-17 10:10:48.923623+00:00
21178,CRS_412,postgres,courses_db,courses,412,v1,loaded,2026-08-17 10:10:48.923623+00:00
21179,CRS_413,postgres,courses_db,courses,413,v1,loaded,2026-08-17 10:10:48.923623+00:00
21180,CRS_414,postgres,courses_db,courses,414,v1,loaded,2026-08-17 10:10:48.923623+00:00
21181,CRS_415,postgres,courses_db,courses,415,v1,loaded,2026-08-17 10:10:48.923623+00:00
21182,CRS_416,postgres,courses_db,courses,416,v1,loaded,2026-08-17 10:10:48.923623+00:00
21183,CRS_417,postgres,courses_db,courses,417,v1,loaded,2026-08-17 10:10:48.923623+00:00
21184,CRS_418,postgres,courses_db,courses,418,v1,loaded,2026-08-17 10:10:48.923623+00:00
21185,CRS_419,postgres,courses_db,courses,419,v1,loaded,2026-08-17 10:10:48.923623+00:00
21186,CRS_420,postgres,courses_db,courses,420,v1,loaded,2026-08-17 10:10:48.923623+00:00
21187,CRS_421,postgres,courses_db,courses,421,v1,loaded,2026-08-17 10:10:48.923623+00:00
21188,CRS_422,postgres,courses_db,courses,422,v1,loaded,2026-08-17 10:10:48.923623+00:00
21189,CRS_423,postgres,courses_db,courses,423,v1,loaded,2026-08-17 10:10:48.923623+00:00
21190,CRS_424,postgres,courses_db,courses,424,v1,loaded,2026-08-17 10:10:48.923623+00:00
21191,CRS_425,postgres,courses_db,courses,425,v1,loaded,2026-08-17 10:10:48.923623+00:00
21192,CRS_426,postgres,courses_db,courses,426,v1,loaded,2026-08-17 10:10:48.923623+00:00
21193,CRS_427,postgres,courses_db,courses,427,v1,loaded,2026-08-17 10:10:48.923623+00:00
21194,CRS_428,postgres,courses_db,courses,428,v1,loaded,2026-08-17 10:10:48.923623+00:00
21195,CRS_429,postgres,courses_db,courses,429,v1,loaded,2026-08-17 10:10:48.923623+00:00
21196,CRS_430,postgres,courses_db,courses,430,v1,loaded,2026-08-17 10:10:48.923623+00:00
21197,CRS_431,postgres,courses_db,courses,431,v1,loaded,2026-08-17 10:10:48.923623+00:00
21198,CRS_432,postgres,courses_db,courses,432,v1,loaded,2026-08-17 10:10:48.923623+00:00
21199,CRS_433,postgres,courses_db,courses,433,v1,loaded,2026-08-17 10:10:48.923623+00:00
21200,CRS_434,postgres,courses_db,courses,434,v1,loaded,2026-08-17 10:10:48.923623+00:00
21201,CRS_436,postgres,courses_db,courses,435,v1,loaded,2026-08-17 10:10:48.923623+00:00
21202,CRS_437,postgres,courses_db,courses,436,v1,loaded,2026-08-17 10:10:48.923623+00:00
21203,CRS_438,postgres,courses_db,courses,437,v1,loaded,2026-08-17 10:10:48.923623+00:00
21204,CRS_439,postgres,courses_db,courses,438,v1,loaded,2026-08-17 10:10:48.923623+00:00
21205,CRS_440,postgres,courses_db,courses,439,v1,loaded,2026-08-17 10:10:48.923623+00:00
21206,CRS_441,postgres,courses_db,courses,440,v1,loaded,2026-08-17 10:10:48.923623+00:00
21207,CRS_442,postgres,courses_db,courses,441,v1,loaded,2026-08-17 10:10:48.923623+00:00
21208,CRS_443,postgres,courses_db,courses,442,v1,loaded,2026-08-17 10:10:48.923623+00:00
21209,CRS_444,postgres,courses_db,courses,443,v1,loaded,2026-08-17 10:10:48.923623+00:00
21210,CRS_445,postgres,courses_db,courses,444,v1,loaded,2026-08-17 10:10:48.923623+00:00
21211,CRS_446,postgres,courses_db,courses,445,v1,loaded,2026-08-17 10:10:48.923623+00:00
21212,CRS_447,postgres,courses_db,courses,446,v1,loaded,2026-08-17 10:10:48.923623+00:00
21213,CRS_448,postgres,courses_db,courses,447,v1,loaded,2026-08-17 10:10:48.923623+00:00
21214,CRS_449,postgres,courses_db,courses,448,v1,loaded,2026-08-17 10:10:48.923623+00:00
21215,CRS_450,postgres,courses_db,courses,449,v1,loaded,2026-08-17 10:10:48.923623+00:00
21216,CRS_451,postgres,courses_db,courses,450,v1,loaded,2026-08-17 10:10:48.923623+00:00
21217,CRS_452,postgres,courses_db,courses,451,v1,loaded,2026-08-17 10:10:48.923623+00:00
21218,CRS_453,postgres,courses_db,courses,452,v1,loaded,2026-08-17 10:10:48.923623+00:00
21219,CRS_454,postgres,courses_db,courses,453,v1,loaded,2026-08-17 10:10:48.923623+00:00
21220,CRS_455,postgres,courses_db,courses,454,v1,loaded,2026-08-17 10:10:48.923623+00:00
21221,CRS_456,postgres,courses_db,courses,455,v1,loaded,2026-08-17 10:10:48.923623+00:00
21222,CRS_457,postgres,courses_db,courses,456,v1,loaded,2026-08-17 10:10:48.923623+00:00
21223,CRS_458,postgres,courses_db,courses,457,v1,loaded,2026-08-17 10:10:48.923623+00:00
21224,CRS_459,postgres,courses_db,courses,458,v1,loaded,2026-08-17 10:10:48.923623+00:00
21225,CRS_460,postgres,courses_db,courses,459,v1,loaded,2026-08-17 10:10:48.923623+00:00
21226,CRS_461,postgres,courses_db,courses,460,v1,loaded,2026-08-17 10:10:48.923623+00:00
21227,CRS_462,postgres,courses_db,courses,461,v1,loaded,2026-08-17 10:10:48.923623+00:00
21228,CRS_463,postgres,courses_db,courses,462,v1,loaded,2026-08-17 10:10:48.923623+00:00
21229,CRS_464,postgres,courses_db,courses,463,v1,loaded,2026-08-17 10:10:48.923623+00:00
21230,CRS_465,postgres,courses_db,courses,464,v1,loaded,2026-08-17 10:10:48.923623+00:00
21231,CRS_466,postgres,courses_db,courses,465,v1,loaded,2026-08-17 10:10:48.923623+00:00
21232,CRS_467,postgres,courses_db,courses,466,v1,loaded,2026-08-17 10:10:48.923623+00:00
21233,CRS_468,postgres,courses_db,courses,467,v1,loaded,2026-08-17 10:10:48.923623+00:00
21234,CRS_469,postgres,courses_db,courses,468,v1,loaded,2026-08-17 10:10:48.923623+00:00
21235,CRS_470,postgres,courses_db,courses,469,v1,loaded,2026-08-17 10:10:48.923623+00:00
21236,CRS_471,postgres,courses_db,courses,470,v1,loaded,2026-08-17 10:10:48.923623+00:00
21237,CRS_472,postgres,courses_db,courses,471,v1,loaded,2026-08-17 10:10:48.923623+00:00
21238,CRS_473,postgres,courses_db,courses,472,v1,loaded,2026-08-17 10:10:48.923623+00:00
21239,CRS_474,postgres,courses_db,courses,473,v1,loaded,2026-08-17 10:10:48.923623+00:00
21240,CRS_475,postgres,courses_db,courses,474,v1,loaded,2026-08-17 10:10:48.923623+00:00
21241,CRS_476,postgres,courses_db,courses,475,v1,loaded,2026-08-17 10:10:48.923623+00:00
21242,CRS_477,postgres,courses_db,courses,476,v1,loaded,2026-08-17 10:10:48.923623+00:00
21243,CRS_478,postgres,courses_db,courses,477,v1,loaded,2026-08-17 10:10:48.923623+00:00
21244,CRS_479,postgres,courses_db,courses,478,v1,loaded,2026-08-17 10:10:48.923623+00:00
21245,CRS_480,postgres,courses_db,courses,479,v1,loaded,2026-08-17 10:10:48.923623+00:00
21246,CRS_481,postgres,courses_db,courses,480,v1,loaded,2026-08-17 10:10:48.923623+00:00
21247,CRS_482,postgres,courses_db,courses,481,v1,loaded,2026-08-17 10:10:48.923623+00:00
21248,CRS_483,postgres,courses_db,courses,482,v1,loaded,2026-08-17 10:10:48.923623+00:00
21249,CRS_484,postgres,courses_db,courses,483,v1,loaded,2026-08-17 10:10:48.923623+00:00
21250,CRS_485,postgres,courses_db,courses,484,v1,loaded,2026-08-17 10:10:48.923623+00:00
21251,CRS_486,postgres,courses_db,courses,485,v1,loaded,2026-08-17 10:10:48.923623+00:00
21252,CRS_487,postgres,courses_db,courses,486,v1,loaded,2026-08-17 10:10:48.923623+00:00
21253,CRS_488,postgres,courses_db,courses,487,v1,loaded,2026-08-17 10:10:48.923623+00:00
21254,CRS_489,postgres,courses_db,courses,488,v1,loaded,2026-08-17 10:10:48.923623+00:00
21255,CRS_490,postgres,courses_db,courses,489,v1,loaded,2026-08-17 10:10:48.923623+00:00
21256,CRS_491,postgres,courses_db,courses,490,v1,loaded,2026-08-17 10:10:48.923623+00:00
21257,CRS_492,postgres,courses_db,courses,491,v1,loaded,2026-08-17 10:10:48.923623+00:00
21258,CRS_493,postgres,courses_db,courses,492,v1,loaded,2026-08-17 10:10:48.923623+00:00
21259,CRS_494,postgres,courses_db,courses,493,v1,loaded,2026-08-17 10:10:48.923623+00:00
21260,CRS_495,postgres,courses_db,courses,494,v1,loaded,2026-08-17 10:10:48.923623+00:00
21261,CRS_496,postgres,courses_db,courses,495,v1,loaded,2026-08-17 10:10:48.923623+00:00
21262,CRS_497,postgres,courses_db,courses,496,v1,loaded,2026-08-17 10:10:48.923623+00:00
21263,CRS_498,postgres,courses_db,courses,497,v1,loaded,2026-08-17 10:10:48.923623+00:00
21264,CRS_499,postgres,courses_db,courses,498,v1,loaded,2026-08-17 10:10:48.923623+00:00
21265,CRS_500,postgres,courses_db,courses,499,v1,loaded,2026-08-17 10:10:48.923623+00:00
21266,CRS_501,postgres,courses_db,courses,500,v1,loaded,2026-08-17 10:10:48.923623+00:00
21267,CRS_502,postgres,courses_db,courses,501,v1,loaded,2026-08-17 10:10:48.923623+00:00
21268,CRS_503,postgres,courses_db,courses,502,v1,loaded,2026-08-17 10:10:48.923623+00:00
21269,CRS_504,postgres,courses_db,courses,503,v1,loaded,2026-08-17 10:10:48.923623+00:00
21270,CRS_505,postgres,courses_db,courses,504,v1,loaded,2026-08-17 10:10:48.923623+00:00
21271,CRS_506,postgres,courses_db,courses,505,v1,loaded,2026-08-17 10:10:48.923623+00:00
21272,CRS_507,postgres,courses_db,courses,506,v1,loaded,2026-08-17 10:10:48.923623+00:00
21273,CRS_508,postgres,courses_db,courses,507,v1,loaded,2026-08-17 10:10:48.923623+00:00
21274,CRS_509,postgres,courses_db,courses,508,v1,loaded,2026-08-17 10:10:48.923623+00:00
21275,CRS_510,postgres,courses_db,courses,509,v1,loaded,2026-08-17 10:10:48.923623+00:00
21276,CRS_511,postgres,courses_db,courses,510,v1,loaded,2026-08-17 10:10:48.923623+00:00
21277,CRS_512,postgres,courses_db,courses,511,v1,loaded,2026-08-17 10:10:48.923623+00:00
21278,CRS_513,postgres,courses_db,courses,512,v1,loaded,2026-08-17 10:10:48.923623+00:00
21279,CRS_514,postgres,courses_db,courses,513,v1,loaded,2026-08-17 10:10:48.923623+00:00
21280,CRS_515,postgres,courses_db,courses,514,v1,loaded,2026-08-17 10:10:48.923623+00:00
21281,CRS_516,postgres,courses_db,courses,515,v1,loaded,2026-08-17 10:10:48.923623+00:00
21282,CRS_517,postgres,courses_db,courses,516,v1,loaded,2026-08-17 10:10:48.923623+00:00
21283,CRS_518,postgres,courses_db,courses,517,v1,loaded,2026-08-17 10:10:48.923623+00:00
21284,CRS_519,postgres,courses_db,courses,518,v1,loaded,2026-08-17 10:10:48.923623+00:00
21285,CRS_520,postgres,courses_db,courses,519,v1,loaded,2026-08-17 10:10:48.923623+00:00
21286,CRS_521,postgres,courses_db,courses,520,v1,loaded,2026-08-17 10:10:48.923623+00:00
21287,CRS_522,postgres,courses_db,courses,521,v1,loaded,2026-08-17 10:10:48.923623+00:00
21288,CRS_523,postgres,courses_db,courses,522,v1,loaded,2026-08-17 10:10:48.923623+00:00
21289,CRS_524,postgres,courses_db,courses,523,v1,loaded,2026-08-17 10:10:48.923623+00:00
21290,CRS_525,postgres,courses_db,courses,524,v1,loaded,2026-08-17 10:10:48.923623+00:00
21291,CRS_526,postgres,courses_db,courses,525,v1,loaded,2026-08-17 10:10:48.923623+00:00
21292,CRS_527,postgres,courses_db,courses,526,v1,loaded,2026-08-17 10:10:48.923623+00:00
21293,CRS_528,postgres,courses_db,courses,527,v1,loaded,2026-08-17 10:10:48.923623+00:00
21294,CRS_529,postgres,courses_db,courses,528,v1,loaded,2026-08-17 10:10:48.923623+00:00
21295,CRS_530,postgres,courses_db,courses,529,v1,loaded,2026-08-17 10:10:48.923623+00:00
21296,CRS_531,postgres,courses_db,courses,530,v1,loaded,2026-08-17 10:10:48.923623+00:00
21297,CRS_532,postgres,courses_db,courses,531,v1,loaded,2026-08-17 10:10:48.923623+00:00
21298,CRS_533,postgres,courses_db,courses,532,v1,loaded,2026-08-17 10:10:48.923623+00:00
21299,CRS_534,postgres,courses_db,courses,533,v1,loaded,2026-08-17 10:10:48.923623+00:00
21300,CRS_535,postgres,courses_db,courses,534,v1,loaded,2026-08-17 10:10:48.923623+00:00
21301,CRS_536,postgres,courses_db,courses,535,v1,loaded,2026-08-17 10:10:48.923623+00:00
21302,CRS_537,postgres,courses_db,courses,536,v1,loaded,2026-08-17 10:10:48.923623+00:00
21303,CRS_538,postgres,courses_db,courses,537,v1,loaded,2026-08-17 10:10:48.923623+00:00
21304,CRS_539,postgres,courses_db,courses,538,v1,loaded,2026-08-17 10:10:48.923623+00:00
21305,CRS_540,postgres,courses_db,courses,539,v1,loaded,2026-08-17 10:10:48.923623+00:00
21306,CRS_541,postgres,courses_db,courses,540,v1,loaded,2026-08-17 10:10:48.923623+00:00
21307,CRS_542,postgres,courses_db,courses,541,v1,loaded,2026-08-17 10:10:48.923623+00:00
21308,CRS_543,postgres,courses_db,courses,542,v1,loaded,2026-08-17 10:10:48.923623+00:00
21309,CRS_544,postgres,courses_db,courses,543,v1,loaded,2026-08-17 10:10:48.923623+00:00
21310,CRS_545,postgres,courses_db,courses,544,v1,loaded,2026-08-17 10:10:48.923623+00:00
21311,CRS_546,postgres,courses_db,courses,545,v1,loaded,2026-08-17 10:10:48.923623+00:00
21312,CRS_547,postgres,courses_db,courses,546,v1,loaded,2026-08-17 10:10:48.923623+00:00
21313,CRS_548,postgres,courses_db,courses,547,v1,loaded,2026-08-17 10:10:48.923623+00:00
21314,CRS_549,postgres,courses_db,courses,548,v1,loaded,2026-08-17 10:10:48.923623+00:00
21315,CRS_550,postgres,courses_db,courses,549,v1,loaded,2026-08-17 10:10:48.923623+00:00
21316,CRS_551,postgres,courses_db,courses,550,v1,loaded,2026-08-17 10:10:48.923623+00:00
21317,CRS_552,postgres,courses_db,courses,551,v1,loaded,2026-08-17 10:10:48.923623+00:00
21318,CRS_553,postgres,courses_db,courses,552,v1,loaded,2026-08-17 10:10:48.923623+00:00
21319,CRS_554,postgres,courses_db,courses,553,v1,loaded,2026-08-17 10:10:48.923623+00:00
21320,CRS_555,postgres,courses_db,courses,554,v1,loaded,2026-08-17 10:10:48.923623+00:00
21321,CRS_556,postgres,courses_db,courses,555,v1,loaded,2026-08-17 10:10:48.923623+00:00
21322,CRS_557,postgres,courses_db,courses,556,v1,loaded,2026-08-17 10:10:48.923623+00:00
21323,CRS_558,postgres,courses_db,courses,557,v1,loaded,2026-08-17 10:10:48.923623+00:00
21324,CRS_559,postgres,courses_db,courses,558,v1,loaded,2026-08-17 10:10:48.923623+00:00
21325,CRS_560,postgres,courses_db,courses,559,v1,loaded,2026-08-17 10:10:48.923623+00:00
21326,CRS_561,postgres,courses_db,courses,560,v1,loaded,2026-08-17 10:10:48.923623+00:00
21327,CRS_562,postgres,courses_db,courses,561,v1,loaded,2026-08-17 10:10:48.923623+00:00
21328,CRS_563,postgres,courses_db,courses,562,v1,loaded,2026-08-17 10:10:48.923623+00:00
21329,CRS_564,postgres,courses_db,courses,563,v1,loaded,2026-08-17 10:10:48.923623+00:00
21330,CRS_565,postgres,courses_db,courses,564,v1,loaded,2026-08-17 10:10:48.923623+00:00
21331,CRS_566,postgres,courses_db,courses,565,v1,loaded,2026-08-17 10:10:48.923623+00:00
21332,CRS_567,postgres,courses_db,courses,566,v1,loaded,2026-08-17 10:10:48.923623+00:00
21333,CRS_568,postgres,courses_db,courses,567,v1,loaded,2026-08-17 10:10:48.923623+00:00
21334,CRS_569,postgres,courses_db,courses,568,v1,loaded,2026-08-17 10:10:48.923623+00:00
21335,CRS_570,postgres,courses_db,courses,569,v1,loaded,2026-08-17 10:10:48.923623+00:00
21336,CRS_571,postgres,courses_db,courses,570,v1,loaded,2026-08-17 10:10:48.923623+00:00
21337,CRS_572,postgres,courses_db,courses,571,v1,loaded,2026-08-17 10:10:48.923623+00:00
21338,CRS_573,postgres,courses_db,courses,572,v1,loaded,2026-08-17 10:10:48.923623+00:00
21339,CRS_574,postgres,courses_db,courses,573,v1,loaded,2026-08-17 10:10:48.923623+00:00
21340,CRS_575,postgres,courses_db,courses,574,v1,loaded,2026-08-17 10:10:48.923623+00:00
21341,CRS_576,postgres,courses_db,courses,575,v1,loaded,2026-08-17 10:10:48.923623+00:00
21342,CRS_577,postgres,courses_db,courses,576,v1,loaded,2026-08-17 10:10:48.923623+00:00
21343,CRS_578,postgres,courses_db,courses,577,v1,loaded,2026-08-17 10:10:48.923623+00:00
21344,CRS_579,postgres,courses_db,courses,578,v1,loaded,2026-08-17 10:10:48.923623+00:00
21345,CRS_580,postgres,courses_db,courses,579,v1,loaded,2026-08-17 10:10:48.923623+00:00
21346,CRS_581,postgres,courses_db,courses,580,v1,loaded,2026-08-17 10:10:48.923623+00:00
21347,CRS_582,postgres,courses_db,courses,581,v1,loaded,2026-08-17 10:10:48.923623+00:00
21348,CRS_583,postgres,courses_db,courses,582,v1,loaded,2026-08-17 10:10:48.923623+00:00
21349,CRS_584,postgres,courses_db,courses,583,v1,loaded,2026-08-17 10:10:48.923623+00:00
21350,CRS_585,postgres,courses_db,courses,584,v1,loaded,2026-08-17 10:10:48.923623+00:00
21351,CRS_586,postgres,courses_db,courses,585,v1,loaded,2026-08-17 10:10:48.923623+00:00
21352,CRS_587,postgres,courses_db,courses,586,v1,loaded,2026-08-17 10:10:48.923623+00:00
21353,CRS_588,postgres,courses_db,courses,587,v1,loaded,2026-08-17 10:10:48.923623+00:00
21354,CRS_589,postgres,courses_db,courses,588,v1,loaded,2026-08-17 10:10:48.923623+00:00
21355,CRS_590,postgres,courses_db,courses,589,v1,loaded,2026-08-17 10:10:48.923623+00:00
21356,CRS_591,postgres,courses_db,courses,590,v1,loaded,2026-08-17 10:10:48.923623+00:00
21357,CRS_592,postgres,courses_db,courses,591,v1,loaded,2026-08-17 10:10:48.923623+00:00
21358,CRS_593,postgres,courses_db,courses,592,v1,loaded,2026-08-17 10:10:48.923623+00:00
21359,CRS_594,postgres,courses_db,courses,593,v1,loaded,2026-08-17 10:10:48.923623+00:00
21360,CRS_595,postgres,courses_db,courses,594,v1,loaded,2026-08-17 10:10:48.923623+00:00
21361,CRS_596,postgres,courses_db,courses,595,v1,loaded,2026-08-17 10:10:48.923623+00:00
21362,CRS_597,postgres,courses_db,courses,596,v1,loaded,2026-08-17 10:10:48.923623+00:00
21363,CRS_598,postgres,courses_db,courses,597,v1,loaded,2026-08-17 10:10:48.923623+00:00
21364,CRS_599,postgres,courses_db,courses,598,v1,loaded,2026-08-17 10:10:48.923623+00:00
21365,CRS_600,postgres,courses_db,courses,599,v1,loaded,2026-08-17 10:10:48.923623+00:00
21366,CRS_601,postgres,courses_db,courses,600,v1,loaded,2026-08-17 10:10:48.923623+00:00
21367,CRS_602,postgres,courses_db,courses,601,v1,loaded,2026-08-17 10:10:48.923623+00:00
21368,CRS_603,postgres,courses_db,courses,602,v1,loaded,2026-08-17 10:10:48.923623+00:00
21369,CRS_604,postgres,courses_db,courses,603,v1,loaded,2026-08-17 10:10:48.923623+00:00
21370,CRS_605,postgres,courses_db,courses,604,v1,loaded,2026-08-17 10:10:48.923623+00:00
21371,CRS_606,postgres,courses_db,courses,605,v1,loaded,2026-08-17 10:10:48.923623+00:00
21372,CRS_607,postgres,courses_db,courses,606,v1,loaded,2026-08-17 10:10:48.923623+00:00
21373,CRS_608,postgres,courses_db,courses,607,v1,loaded,2026-08-17 10:10:48.923623+00:00
21374,CRS_609,postgres,courses_db,courses,608,v1,loaded,2026-08-17 10:10:48.923623+00:00
21375,CRS_610,postgres,courses_db,courses,609,v1,loaded,2026-08-17 10:10:48.923623+00:00
21376,CRS_611,postgres,courses_db,courses,610,v1,loaded,2026-08-17 10:10:48.923623+00:00
21377,CRS_612,postgres,courses_db,courses,611,v1,loaded,2026-08-17 10:10:48.923623+00:00
21378,CRS_613,postgres,courses_db,courses,612,v1,loaded,2026-08-17 10:10:48.923623+00:00
21379,CRS_614,postgres,courses_db,courses,613,v1,loaded,2026-08-17 10:10:48.923623+00:00
21380,CRS_615,postgres,courses_db,courses,614,v1,loaded,2026-08-17 10:10:48.923623+00:00
21381,CRS_616,postgres,courses_db,courses,615,v1,loaded,2026-08-17 10:10:48.923623+00:00
21382,CRS_617,postgres,courses_db,courses,616,v1,loaded,2026-08-17 10:10:48.923623+00:00
21383,CRS_618,postgres,courses_db,courses,617,v1,loaded,2026-08-17 10:10:48.923623+00:00
21384,CRS_619,postgres,courses_db,courses,618,v1,loaded,2026-08-17 10:10:48.923623+00:00
21385,CRS_620,postgres,courses_db,courses,619,v1,loaded,2026-08-17 10:10:48.923623+00:00
21386,CRS_621,postgres,courses_db,courses,620,v1,loaded,2026-08-17 10:10:48.923623+00:00
21387,CRS_622,postgres,courses_db,courses,621,v1,loaded,2026-08-17 10:10:48.923623+00:00
21388,CRS_623,postgres,courses_db,courses,622,v1,loaded,2026-08-17 10:10:48.923623+00:00
21389,CRS_624,postgres,courses_db,courses,623,v1,loaded,2026-08-17 10:10:48.923623+00:00
21390,CRS_625,postgres,courses_db,courses,624,v1,loaded,2026-08-17 10:10:48.923623+00:00
21391,CRS_626,postgres,courses_db,courses,625,v1,loaded,2026-08-17 10:10:48.923623+00:00
21392,CRS_627,postgres,courses_db,courses,626,v1,loaded,2026-08-17 10:10:48.923623+00:00
21393,CRS_628,postgres,courses_db,courses,627,v1,loaded,2026-08-17 10:10:48.923623+00:00
21394,CRS_629,postgres,courses_db,courses,628,v1,loaded,2026-08-17 10:10:48.923623+00:00
21395,CRS_630,postgres,courses_db,courses,629,v1,loaded,2026-08-17 10:10:48.923623+00:00
21396,CRS_631,postgres,courses_db,courses,630,v1,loaded,2026-08-17 10:10:48.923623+00:00
21397,CRS_632,postgres,courses_db,courses,631,v1,loaded,2026-08-17 10:10:48.923623+00:00
21398,CRS_633,postgres,courses_db,courses,632,v1,loaded,2026-08-17 10:10:48.923623+00:00
21399,CRS_634,postgres,courses_db,courses,633,v1,loaded,2026-08-17 10:10:48.923623+00:00
21400,CRS_635,postgres,courses_db,courses,634,v1,loaded,2026-08-17 10:10:48.923623+00:00
21401,CRS_636,postgres,courses_db,courses,635,v1,loaded,2026-08-17 10:10:48.923623+00:00
21402,CRS_637,postgres,courses_db,courses,636,v1,loaded,2026-08-17 10:10:48.923623+00:00
21403,CRS_638,postgres,courses_db,courses,637,v1,loaded,2026-08-17 10:10:48.923623+00:00
21404,CRS_639,postgres,courses_db,courses,638,v1,loaded,2026-08-17 10:10:48.923623+00:00
21405,CRS_640,postgres,courses_db,courses,639,v1,loaded,2026-08-17 10:10:48.923623+00:00
21406,CRS_641,postgres,courses_db,courses,640,v1,loaded,2026-08-17 10:10:48.923623+00:00
21407,CRS_642,postgres,courses_db,courses,641,v1,loaded,2026-08-17 10:10:48.923623+00:00
21408,CRS_643,postgres,courses_db,courses,642,v1,loaded,2026-08-17 10:10:48.923623+00:00
21409,CRS_644,postgres,courses_db,courses,643,v1,loaded,2026-08-17 10:10:48.923623+00:00
21410,CRS_645,postgres,courses_db,courses,644,v1,loaded,2026-08-17 10:10:48.923623+00:00
21411,CRS_646,postgres,courses_db,courses,645,v1,loaded,2026-08-17 10:10:48.923623+00:00
21412,CRS_647,postgres,courses_db,courses,646,v1,loaded,2026-08-17 10:10:48.923623+00:00
21413,CRS_648,postgres,courses_db,courses,647,v1,loaded,2026-08-17 10:10:48.923623+00:00
21414,CRS_649,postgres,courses_db,courses,648,v1,loaded,2026-08-17 10:10:48.923623+00:00
21415,CRS_650,postgres,courses_db,courses,649,v1,loaded,2026-08-17 10:10:48.923623+00:00
21416,CRS_651,postgres,courses_db,courses,650,v1,loaded,2026-08-17 10:10:48.923623+00:00
21417,CRS_652,postgres,courses_db,courses,651,v1,loaded,2026-08-17 10:10:48.923623+00:00
21418,CRS_653,postgres,courses_db,courses,652,v1,loaded,2026-08-17 10:10:48.923623+00:00
21419,CRS_654,postgres,courses_db,courses,653,v1,loaded,2026-08-17 10:10:48.923623+00:00
21420,CRS_655,postgres,courses_db,courses,654,v1,loaded,2026-08-17 10:10:48.923623+00:00
21421,CRS_656,postgres,courses_db,courses,655,v1,loaded,2026-08-17 10:10:48.923623+00:00
21422,CRS_657,postgres,courses_db,courses,656,v1,loaded,2026-08-17 10:10:48.923623+00:00
21423,CRS_658,postgres,courses_db,courses,657,v1,loaded,2026-08-17 10:10:48.923623+00:00
21424,CRS_659,postgres,courses_db,courses,658,v1,loaded,2026-08-17 10:10:48.923623+00:00
21425,CRS_660,postgres,courses_db,courses,659,v1,loaded,2026-08-17 10:10:48.923623+00:00
21426,CRS_661,postgres,courses_db,courses,660,v1,loaded,2026-08-17 10:10:48.923623+00:00
21427,CRS_662,postgres,courses_db,courses,661,v1,loaded,2026-08-17 10:10:48.923623+00:00
21428,CRS_663,postgres,courses_db,courses,662,v1,loaded,2026-08-17 10:10:48.923623+00:00
21429,CRS_664,postgres,courses_db,courses,663,v1,loaded,2026-08-17 10:10:48.923623+00:00
21430,CRS_665,postgres,courses_db,courses,664,v1,loaded,2026-08-17 10:10:48.923623+00:00
21431,CRS_666,postgres,courses_db,courses,665,v1,loaded,2026-08-17 10:10:48.923623+00:00
21432,CRS_667,postgres,courses_db,courses,666,v1,loaded,2026-08-17 10:10:48.923623+00:00
21433,CRS_668,postgres,courses_db,courses,667,v1,loaded,2026-08-17 10:10:48.923623+00:00
21434,CRS_669,postgres,courses_db,courses,668,v1,loaded,2026-08-17 10:10:48.923623+00:00
21435,CRS_670,postgres,courses_db,courses,669,v1,loaded,2026-08-17 10:10:48.923623+00:00
21436,CRS_671,postgres,courses_db,courses,670,v1,loaded,2026-08-17 10:10:48.923623+00:00
21437,CRS_672,postgres,courses_db,courses,671,v1,loaded,2026-08-17 10:10:48.923623+00:00
21438,CRS_673,postgres,courses_db,courses,672,v1,loaded,2026-08-17 10:10:48.923623+00:00
21439,CRS_674,postgres,courses_db,courses,673,v1,loaded,2026-08-17 10:10:48.923623+00:00
21440,CRS_675,postgres,courses_db,courses,674,v1,loaded,2026-08-17 10:10:48.923623+00:00
21441,CRS_676,postgres,courses_db,courses,675,v1,loaded,2026-08-17 10:10:48.923623+00:00
21442,CRS_677,postgres,courses_db,courses,676,v1,loaded,2026-08-17 10:10:48.923623+00:00
21443,CRS_678,postgres,courses_db,courses,677,v1,loaded,2026-08-17 10:10:48.923623+00:00
21444,CRS_679,postgres,courses_db,courses,678,v1,loaded,2026-08-17 10:10:48.923623+00:00
21445,CRS_680,postgres,courses_db,courses,679,v1,loaded,2026-08-17 10:10:48.923623+00:00
21446,CRS_681,postgres,courses_db,courses,680,v1,loaded,2026-08-17 10:10:48.923623+00:00
21447,CRS_682,postgres,courses_db,courses,681,v1,loaded,2026-08-17 10:10:48.923623+00:00
21448,CRS_683,postgres,courses_db,courses,682,v1,loaded,2026-08-17 10:10:48.923623+00:00
21449,CRS_684,postgres,courses_db,courses,683,v1,loaded,2026-08-17 10:10:48.923623+00:00
21450,CRS_685,postgres,courses_db,courses,684,v1,loaded,2026-08-17 10:10:48.923623+00:00
21451,CRS_686,postgres,courses_db,courses,685,v1,loaded,2026-08-17 10:10:48.923623+00:00
21452,CRS_687,postgres,courses_db,courses,686,v1,loaded,2026-08-17 10:10:48.923623+00:00
21453,CRS_688,postgres,courses_db,courses,687,v1,loaded,2026-08-17 10:10:48.923623+00:00
21454,CRS_689,postgres,courses_db,courses,688,v1,loaded,2026-08-17 10:10:48.923623+00:00
21455,CRS_690,postgres,courses_db,courses,689,v1,loaded,2026-08-17 10:10:48.923623+00:00
21456,CRS_691,postgres,courses_db,courses,690,v1,loaded,2026-08-17 10:10:48.923623+00:00
21457,CRS_692,postgres,courses_db,courses,691,v1,loaded,2026-08-17 10:10:48.923623+00:00
21458,CRS_693,postgres,courses_db,courses,692,v1,loaded,2026-08-17 10:10:48.923623+00:00
21459,CRS_694,postgres,courses_db,courses,693,v1,loaded,2026-08-17 10:10:48.923623+00:00
21460,CRS_695,postgres,courses_db,courses,694,v1,loaded,2026-08-17 10:10:48.923623+00:00
21461,CRS_696,postgres,courses_db,courses,695,v1,loaded,2026-08-17 10:10:48.923623+00:00
21462,CRS_697,postgres,courses_db,courses,696,v1,loaded,2026-08-17 10:10:48.923623+00:00
21463,CRS_698,postgres,courses_db,courses,697,v1,loaded,2026-08-17 10:10:48.923623+00:00
21464,CRS_699,postgres,courses_db,courses,698,v1,loaded,2026-08-17 10:10:48.923623+00:00
21465,CRS_700,postgres,courses_db,courses,699,v1,loaded,2026-08-17 10:10:48.923623+00:00
21466,CRS_701,postgres,courses_db,courses,700,v1,loaded,2026-08-17 10:10:48.923623+00:00
21467,CRS_702,postgres,courses_db,courses,701,v1,loaded,2026-08-17 10:10:48.923623+00:00
21468,CRS_703,postgres,courses_db,courses,702,v1,loaded,2026-08-17 10:10:48.923623+00:00
21469,CRS_704,postgres,courses_db,courses,703,v1,loaded,2026-08-17 10:10:48.923623+00:00
21470,CRS_705,postgres,courses_db,courses,704,v1,loaded,2026-08-17 10:10:48.923623+00:00
21471,CRS_706,postgres,courses_db,courses,705,v1,loaded,2026-08-17 10:10:48.923623+00:00
21472,CRS_707,postgres,courses_db,courses,706,v1,loaded,2026-08-17 10:10:48.923623+00:00
21473,CRS_708,postgres,courses_db,courses,707,v1,loaded,2026-08-17 10:10:48.923623+00:00
21474,CRS_709,postgres,courses_db,courses,708,v1,loaded,2026-08-17 10:10:48.923623+00:00
21475,CRS_710,postgres,courses_db,courses,709,v1,loaded,2026-08-17 10:10:48.923623+00:00
21476,CRS_711,postgres,courses_db,courses,710,v1,loaded,2026-08-17 10:10:48.923623+00:00
21477,CRS_712,postgres,courses_db,courses,711,v1,loaded,2026-08-17 10:10:48.923623+00:00
21478,CRS_713,postgres,courses_db,courses,712,v1,loaded,2026-08-17 10:10:48.923623+00:00
21479,CRS_714,postgres,courses_db,courses,713,v1,loaded,2026-08-17 10:10:48.923623+00:00
21480,CRS_715,postgres,courses_db,courses,714,v1,loaded,2026-08-17 10:10:48.923623+00:00
21481,CRS_716,postgres,courses_db,courses,715,v1,loaded,2026-08-17 10:10:48.923623+00:00
21482,CRS_717,postgres,courses_db,courses,716,v1,loaded,2026-08-17 10:10:48.923623+00:00
21483,CRS_718,postgres,courses_db,courses,717,v1,loaded,2026-08-17 10:10:48.923623+00:00
21484,CRS_719,postgres,courses_db,courses,718,v1,loaded,2026-08-17 10:10:48.923623+00:00
21485,CRS_720,postgres,courses_db,courses,719,v1,loaded,2026-08-17 10:10:48.923623+00:00
21486,CRS_721,postgres,courses_db,courses,720,v1,loaded,2026-08-17 10:10:48.923623+00:00
21487,CRS_722,postgres,courses_db,courses,721,v1,loaded,2026-08-17 10:10:48.923623+00:00
21488,CRS_723,postgres,courses_db,courses,722,v1,loaded,2026-08-17 10:10:48.923623+00:00
21489,CRS_724,postgres,courses_db,courses,723,v1,loaded,2026-08-17 10:10:48.923623+00:00
21490,CRS_725,postgres,courses_db,courses,724,v1,loaded,2026-08-17 10:10:48.923623+00:00
21491,CRS_726,postgres,courses_db,courses,725,v1,loaded,2026-08-17 10:10:48.923623+00:00
21492,CRS_727,postgres,courses_db,courses,726,v1,loaded,2026-08-17 10:10:48.923623+00:00
21493,CRS_728,postgres,courses_db,courses,727,v1,loaded,2026-08-17 10:10:48.923623+00:00
21494,CRS_729,postgres,courses_db,courses,728,v1,loaded,2026-08-17 10:10:48.923623+00:00
21495,CRS_730,postgres,courses_db,courses,729,v1,loaded,2026-08-17 10:10:48.923623+00:00
21496,CRS_731,postgres,courses_db,courses,730,v1,loaded,2026-08-17 10:10:48.923623+00:00
21497,CRS_732,postgres,courses_db,courses,731,v1,loaded,2026-08-17 10:10:48.923623+00:00
21498,CRS_733,postgres,courses_db,courses,732,v1,loaded,2026-08-17 10:10:48.923623+00:00
21499,CRS_734,postgres,courses_db,courses,733,v1,loaded,2026-08-17 10:10:48.923623+00:00
21500,CRS_735,postgres,courses_db,courses,734,v1,loaded,2026-08-17 10:10:48.923623+00:00
21501,CRS_736,postgres,courses_db,courses,735,v1,loaded,2026-08-17 10:10:48.923623+00:00
21502,CRS_737,postgres,courses_db,courses,736,v1,loaded,2026-08-17 10:10:48.923623+00:00
21503,CRS_738,postgres,courses_db,courses,737,v1,loaded,2026-08-17 10:10:48.923623+00:00
21504,CRS_739,postgres,courses_db,courses,738,v1,loaded,2026-08-17 10:10:48.923623+00:00
21505,CRS_740,postgres,courses_db,courses,739,v1,loaded,2026-08-17 10:10:48.923623+00:00
21506,CRS_741,postgres,courses_db,courses,740,v1,loaded,2026-08-17 10:10:48.923623+00:00
21507,CRS_742,postgres,courses_db,courses,741,v1,loaded,2026-08-17 10:10:48.923623+00:00
21508,CRS_743,postgres,courses_db,courses,742,v1,loaded,2026-08-17 10:10:48.923623+00:00
21509,CRS_744,postgres,courses_db,courses,743,v1,loaded,2026-08-17 10:10:48.923623+00:00
21510,CRS_745,postgres,courses_db,courses,744,v1,loaded,2026-08-17 10:10:48.923623+00:00
21511,CRS_746,postgres,courses_db,courses,745,v1,loaded,2026-08-17 10:10:48.923623+00:00
21512,CRS_747,postgres,courses_db,courses,746,v1,loaded,2026-08-17 10:10:48.923623+00:00
21513,CRS_748,postgres,courses_db,courses,747,v1,loaded,2026-08-17 10:10:48.923623+00:00
21514,CRS_749,postgres,courses_db,courses,748,v1,loaded,2026-08-17 10:10:48.923623+00:00
21515,CRS_750,postgres,courses_db,courses,749,v1,loaded,2026-08-17 10:10:48.923623+00:00
21516,CRS_751,postgres,courses_db,courses,750,v1,loaded,2026-08-17 10:10:48.923623+00:00
21517,CRS_752,postgres,courses_db,courses,751,v1,loaded,2026-08-17 10:10:48.923623+00:00
21518,CRS_753,postgres,courses_db,courses,752,v1,loaded,2026-08-17 10:10:48.923623+00:00
21519,CRS_754,postgres,courses_db,courses,753,v1,loaded,2026-08-17 10:10:48.923623+00:00
21520,CRS_755,postgres,courses_db,courses,754,v1,loaded,2026-08-17 10:10:48.923623+00:00
21521,CRS_756,postgres,courses_db,courses,755,v1,loaded,2026-08-17 10:10:48.923623+00:00
21522,CRS_757,postgres,courses_db,courses,756,v1,loaded,2026-08-17 10:10:48.923623+00:00
21523,CRS_758,postgres,courses_db,courses,757,v1,loaded,2026-08-17 10:10:48.923623+00:00
21524,CRS_759,postgres,courses_db,courses,758,v1,loaded,2026-08-17 10:10:48.923623+00:00
21525,CRS_760,postgres,courses_db,courses,759,v1,loaded,2026-08-17 10:10:48.923623+00:00
21526,CRS_761,postgres,courses_db,courses,760,v1,loaded,2026-08-17 10:10:48.923623+00:00
21527,CRS_762,postgres,courses_db,courses,761,v1,loaded,2026-08-17 10:10:48.923623+00:00
21528,CRS_763,postgres,courses_db,courses,762,v1,loaded,2026-08-17 10:10:48.923623+00:00
21529,CRS_764,postgres,courses_db,courses,763,v1,loaded,2026-08-17 10:10:48.923623+00:00
21530,CRS_765,postgres,courses_db,courses,764,v1,loaded,2026-08-17 10:10:48.923623+00:00
21531,CRS_766,postgres,courses_db,courses,765,v1,loaded,2026-08-17 10:10:48.923623+00:00
21532,CRS_767,postgres,courses_db,courses,766,v1,loaded,2026-08-17 10:10:48.923623+00:00
21533,CRS_768,postgres,courses_db,courses,767,v1,loaded,2026-08-17 10:10:48.923623+00:00
21534,CRS_769,postgres,courses_db,courses,768,v1,loaded,2026-08-17 10:10:48.923623+00:00
21535,CRS_770,postgres,courses_db,courses,769,v1,loaded,2026-08-17 10:10:48.923623+00:00
21536,CRS_771,postgres,courses_db,courses,770,v1,loaded,2026-08-17 10:10:48.923623+00:00
21537,CRS_772,postgres,courses_db,courses,771,v1,loaded,2026-08-17 10:10:48.923623+00:00
21538,CRS_773,postgres,courses_db,courses,772,v1,loaded,2026-08-17 10:10:48.923623+00:00
21539,CRS_774,postgres,courses_db,courses,773,v1,loaded,2026-08-17 10:10:48.923623+00:00
21540,CRS_775,postgres,courses_db,courses,774,v1,loaded,2026-08-17 10:10:48.923623+00:00
21541,CRS_776,postgres,courses_db,courses,775,v1,loaded,2026-08-17 10:10:48.923623+00:00
21542,CRS_777,postgres,courses_db,courses,776,v1,loaded,2026-08-17 10:10:48.923623+00:00
21543,CRS_778,postgres,courses_db,courses,777,v1,loaded,2026-08-17 10:10:48.923623+00:00
21544,CRS_779,postgres,courses_db,courses,778,v1,loaded,2026-08-17 10:10:48.923623+00:00
21545,CRS_780,postgres,courses_db,courses,779,v1,loaded,2026-08-17 10:10:48.923623+00:00
21546,CRS_781,postgres,courses_db,courses,780,v1,loaded,2026-08-17 10:10:48.923623+00:00
21547,CRS_782,postgres,courses_db,courses,781,v1,loaded,2026-08-17 10:10:48.923623+00:00
21548,CRS_783,postgres,courses_db,courses,782,v1,loaded,2026-08-17 10:10:48.923623+00:00
21549,CRS_784,postgres,courses_db,courses,783,v1,loaded,2026-08-17 10:10:48.923623+00:00
21550,CRS_785,postgres,courses_db,courses,784,v1,loaded,2026-08-17 10:10:48.923623+00:00
21551,CRS_786,postgres,courses_db,courses,785,v1,loaded,2026-08-17 10:10:48.923623+00:00
21552,CRS_787,postgres,courses_db,courses,786,v1,loaded,2026-08-17 10:10:48.923623+00:00
21553,CRS_788,postgres,courses_db,courses,787,v1,loaded,2026-08-17 10:10:48.923623+00:00
21554,CRS_789,postgres,courses_db,courses,788,v1,loaded,2026-08-17 10:10:48.923623+00:00
21555,CRS_790,postgres,courses_db,courses,789,v1,loaded,2026-08-17 10:10:48.923623+00:00
21556,CRS_791,postgres,courses_db,courses,790,v1,loaded,2026-08-17 10:10:48.923623+00:00
21557,CRS_792,postgres,courses_db,courses,791,v1,loaded,2026-08-17 10:10:48.923623+00:00
21558,CRS_793,postgres,courses_db,courses,792,v1,loaded,2026-08-17 10:10:48.923623+00:00
21559,CRS_794,postgres,courses_db,courses,793,v1,loaded,2026-08-17 10:10:48.923623+00:00
21560,CRS_795,postgres,courses_db,courses,794,v1,loaded,2026-08-17 10:10:48.923623+00:00
21561,CRS_796,postgres,courses_db,courses,795,v1,loaded,2026-08-17 10:10:48.923623+00:00
21562,CRS_797,postgres,courses_db,courses,796,v1,loaded,2026-08-17 10:10:48.923623+00:00
21563,CRS_798,postgres,courses_db,courses,797,v1,loaded,2026-08-17 10:10:48.923623+00:00
21564,CRS_799,postgres,courses_db,courses,798,v1,loaded,2026-08-17 10:10:48.923623+00:00
21565,CRS_800,postgres,courses_db,courses,799,v1,loaded,2026-08-17 10:10:48.923623+00:00
21566,CRS_801,postgres,courses_db,courses,800,v1,loaded,2026-08-17 10:10:48.923623+00:00
21567,CRS_802,postgres,courses_db,courses,801,v1,loaded,2026-08-17 10:10:48.923623+00:00
21568,CRS_803,postgres,courses_db,courses,802,v1,loaded,2026-08-17 10:10:48.923623+00:00
21569,CRS_804,postgres,courses_db,courses,803,v1,loaded,2026-08-17 10:10:48.923623+00:00
21570,CRS_805,postgres,courses_db,courses,804,v1,loaded,2026-08-17 10:10:48.923623+00:00
21571,CRS_806,postgres,courses_db,courses,805,v1,loaded,2026-08-17 10:10:48.923623+00:00
21572,CRS_807,postgres,courses_db,courses,806,v1,loaded,2026-08-17 10:10:48.923623+00:00
21573,CRS_808,postgres,courses_db,courses,807,v1,loaded,2026-08-17 10:10:48.923623+00:00
21574,CRS_809,postgres,courses_db,courses,808,v1,loaded,2026-08-17 10:10:48.923623+00:00
21575,CRS_810,postgres,courses_db,courses,809,v1,loaded,2026-08-17 10:10:48.923623+00:00
21576,CRS_811,postgres,courses_db,courses,810,v1,loaded,2026-08-17 10:10:48.923623+00:00
21577,CRS_812,postgres,courses_db,courses,811,v1,loaded,2026-08-17 10:10:48.923623+00:00
21578,CRS_813,postgres,courses_db,courses,812,v1,loaded,2026-08-17 10:10:48.923623+00:00
21579,CRS_814,postgres,courses_db,courses,813,v1,loaded,2026-08-17 10:10:48.923623+00:00
21580,CRS_815,postgres,courses_db,courses,814,v1,loaded,2026-08-17 10:10:48.923623+00:00
21581,CRS_816,postgres,courses_db,courses,815,v1,loaded,2026-08-17 10:10:48.923623+00:00
21582,CRS_817,postgres,courses_db,courses,816,v1,loaded,2026-08-17 10:10:48.923623+00:00
21583,CRS_818,postgres,courses_db,courses,817,v1,loaded,2026-08-17 10:10:48.923623+00:00
21584,CRS_819,postgres,courses_db,courses,818,v1,loaded,2026-08-17 10:10:48.923623+00:00
21585,CRS_820,postgres,courses_db,courses,819,v1,loaded,2026-08-17 10:10:48.923623+00:00
21586,CRS_821,postgres,courses_db,courses,820,v1,loaded,2026-08-17 10:10:48.923623+00:00
21587,CRS_822,postgres,courses_db,courses,821,v1,loaded,2026-08-17 10:10:48.923623+00:00
21588,CRS_823,postgres,courses_db,courses,822,v1,loaded,2026-08-17 10:10:48.923623+00:00
21589,CRS_824,postgres,courses_db,courses,823,v1,loaded,2026-08-17 10:10:48.923623+00:00
21590,CRS_825,postgres,courses_db,courses,824,v1,loaded,2026-08-17 10:10:48.923623+00:00
21591,CRS_826,postgres,courses_db,courses,825,v1,loaded,2026-08-17 10:10:48.923623+00:00
21592,CRS_827,postgres,courses_db,courses,826,v1,loaded,2026-08-17 10:10:48.923623+00:00
21593,CRS_828,postgres,courses_db,courses,827,v1,loaded,2026-08-17 10:10:48.923623+00:00
21594,CRS_829,postgres,courses_db,courses,828,v1,loaded,2026-08-17 10:10:48.923623+00:00
21595,CRS_830,postgres,courses_db,courses,829,v1,loaded,2026-08-17 10:10:48.923623+00:00
21596,CRS_831,postgres,courses_db,courses,830,v1,loaded,2026-08-17 10:10:48.923623+00:00
21597,CRS_832,postgres,courses_db,courses,831,v1,loaded,2026-08-17 10:10:48.923623+00:00
21598,CRS_833,postgres,courses_db,courses,832,v1,loaded,2026-08-17 10:10:48.923623+00:00
21599,CRS_834,postgres,courses_db,courses,833,v1,loaded,2026-08-17 10:10:48.923623+00:00
21600,CRS_835,postgres,courses_db,courses,834,v1,loaded,2026-08-17 10:10:48.923623+00:00
21601,CRS_836,postgres,courses_db,courses,835,v1,loaded,2026-08-17 10:10:48.923623+00:00
21602,CRS_837,postgres,courses_db,courses,836,v1,loaded,2026-08-17 10:10:48.923623+00:00
21603,CRS_838,postgres,courses_db,courses,837,v1,loaded,2026-08-17 10:10:48.923623+00:00
21604,CRS_839,postgres,courses_db,courses,838,v1,loaded,2026-08-17 10:10:48.923623+00:00
21605,CRS_840,postgres,courses_db,courses,839,v1,loaded,2026-08-17 10:10:48.923623+00:00
21606,CRS_841,postgres,courses_db,courses,840,v1,loaded,2026-08-17 10:10:48.923623+00:00
21607,CRS_842,postgres,courses_db,courses,841,v1,loaded,2026-08-17 10:10:48.923623+00:00
21608,CRS_843,postgres,courses_db,courses,842,v1,loaded,2026-08-17 10:10:48.923623+00:00
21609,CRS_844,postgres,courses_db,courses,843,v1,loaded,2026-08-17 10:10:48.923623+00:00
21610,CRS_845,postgres,courses_db,courses,844,v1,loaded,2026-08-17 10:10:48.923623+00:00
21611,CRS_846,postgres,courses_db,courses,845,v1,loaded,2026-08-17 10:10:48.923623+00:00
21612,CRS_847,postgres,courses_db,courses,846,v1,loaded,2026-08-17 10:10:48.923623+00:00
21613,CRS_848,postgres,courses_db,courses,847,v1,loaded,2026-08-17 10:10:48.923623+00:00
21614,CRS_849,postgres,courses_db,courses,848,v1,loaded,2026-08-17 10:10:48.923623+00:00
21615,CRS_850,postgres,courses_db,courses,849,v1,loaded,2026-08-17 10:10:48.923623+00:00
21616,CRS_851,postgres,courses_db,courses,850,v1,loaded,2026-08-17 10:10:48.923623+00:00
21617,CRS_852,postgres,courses_db,courses,851,v1,loaded,2026-08-17 10:10:48.923623+00:00
21618,CRS_853,postgres,courses_db,courses,852,v1,loaded,2026-08-17 10:10:48.923623+00:00
21619,CRS_854,postgres,courses_db,courses,853,v1,loaded,2026-08-17 10:10:48.923623+00:00
21620,CRS_855,postgres,courses_db,courses,854,v1,loaded,2026-08-17 10:10:48.923623+00:00
21621,CRS_856,postgres,courses_db,courses,855,v1,loaded,2026-08-17 10:10:48.923623+00:00
21622,CRS_857,postgres,courses_db,courses,856,v1,loaded,2026-08-17 10:10:48.923623+00:00
21623,CRS_858,postgres,courses_db,courses,857,v1,loaded,2026-08-17 10:10:48.923623+00:00
21624,CRS_859,postgres,courses_db,courses,858,v1,loaded,2026-08-17 10:10:48.923623+00:00
21625,CRS_860,postgres,courses_db,courses,859,v1,loaded,2026-08-17 10:10:48.923623+00:00
21626,CRS_861,postgres,courses_db,courses,860,v1,loaded,2026-08-17 10:10:48.923623+00:00
21627,CRS_862,postgres,courses_db,courses,861,v1,loaded,2026-08-17 10:10:48.923623+00:00
21628,CRS_863,postgres,courses_db,courses,862,v1,loaded,2026-08-17 10:10:48.923623+00:00
21629,CRS_864,postgres,courses_db,courses,863,v1,loaded,2026-08-17 10:10:48.923623+00:00
21630,CRS_865,postgres,courses_db,courses,864,v1,loaded,2026-08-17 10:10:48.923623+00:00
21631,CRS_866,postgres,courses_db,courses,865,v1,loaded,2026-08-17 10:10:48.923623+00:00
21632,CRS_867,postgres,courses_db,courses,866,v1,loaded,2026-08-17 10:10:48.923623+00:00
21633,CRS_868,postgres,courses_db,courses,867,v1,loaded,2026-08-17 10:10:48.923623+00:00
21634,CRS_869,postgres,courses_db,courses,868,v1,loaded,2026-08-17 10:10:48.923623+00:00
21635,CRS_870,postgres,courses_db,courses,869,v1,loaded,2026-08-17 10:10:48.923623+00:00
21636,CRS_871,postgres,courses_db,courses,870,v1,loaded,2026-08-17 10:10:48.923623+00:00
21637,CRS_872,postgres,courses_db,courses,871,v1,loaded,2026-08-17 10:10:48.923623+00:00
21638,CRS_873,postgres,courses_db,courses,872,v1,loaded,2026-08-17 10:10:48.923623+00:00
21639,CRS_874,postgres,courses_db,courses,873,v1,loaded,2026-08-17 10:10:48.923623+00:00
21640,CRS_875,postgres,courses_db,courses,874,v1,loaded,2026-08-17 10:10:48.923623+00:00
21641,CRS_876,postgres,courses_db,courses,875,v1,loaded,2026-08-17 10:10:48.923623+00:00
21642,CRS_877,postgres,courses_db,courses,876,v1,loaded,2026-08-17 10:10:48.923623+00:00
21643,CRS_878,postgres,courses_db,courses,877,v1,loaded,2026-08-17 10:10:48.923623+00:00
21644,CRS_879,postgres,courses_db,courses,878,v1,loaded,2026-08-17 10:10:48.923623+00:00
21645,CRS_880,postgres,courses_db,courses,879,v1,loaded,2026-08-17 10:10:48.923623+00:00
21646,CRS_881,postgres,courses_db,courses,880,v1,loaded,2026-08-17 10:10:48.923623+00:00
21647,CRS_882,postgres,courses_db,courses,881,v1,loaded,2026-08-17 10:10:48.923623+00:00
21648,CRS_883,postgres,courses_db,courses,882,v1,loaded,2026-08-17 10:10:48.923623+00:00
21649,CRS_884,postgres,courses_db,courses,883,v1,loaded,2026-08-17 10:10:48.923623+00:00
21650,CRS_885,postgres,courses_db,courses,884,v1,loaded,2026-08-17 10:10:48.923623+00:00
21651,CRS_886,postgres,courses_db,courses,885,v1,loaded,2026-08-17 10:10:48.923623+00:00
21652,CRS_887,postgres,courses_db,courses,886,v1,loaded,2026-08-17 10:10:48.923623+00:00
21653,CRS_888,postgres,courses_db,courses,887,v1,loaded,2026-08-17 10:10:48.923623+00:00
21654,CRS_889,postgres,courses_db,courses,888,v1,loaded,2026-08-17 10:10:48.923623+00:00
21655,CRS_890,postgres,courses_db,courses,889,v1,loaded,2026-08-17 10:10:48.923623+00:00
21656,CRS_891,postgres,courses_db,courses,890,v1,loaded,2026-08-17 10:10:48.923623+00:00
21657,CRS_892,postgres,courses_db,courses,891,v1,loaded,2026-08-17 10:10:48.923623+00:00
21658,CRS_893,postgres,courses_db,courses,892,v1,loaded,2026-08-17 10:10:48.923623+00:00
21659,CRS_894,postgres,courses_db,courses,893,v1,loaded,2026-08-17 10:10:48.923623+00:00
21660,CRS_895,postgres,courses_db,courses,894,v1,loaded,2026-08-17 10:10:48.923623+00:00
21661,CRS_896,postgres,courses_db,courses,895,v1,loaded,2026-08-17 10:10:48.923623+00:00
21662,CRS_897,postgres,courses_db,courses,896,v1,loaded,2026-08-17 10:10:48.923623+00:00
21663,CRS_898,postgres,courses_db,courses,897,v1,loaded,2026-08-17 10:10:48.923623+00:00
21664,CRS_899,postgres,courses_db,courses,898,v1,loaded,2026-08-17 10:10:48.923623+00:00
21665,CRS_900,postgres,courses_db,courses,899,v1,loaded,2026-08-17 10:10:48.923623+00:00
21666,CRS_901,postgres,courses_db,courses,900,v1,loaded,2026-08-17 10:10:48.923623+00:00
21667,CRS_902,postgres,courses_db,courses,901,v1,loaded,2026-08-17 10:10:48.923623+00:00
21668,CRS_903,postgres,courses_db,courses,902,v1,loaded,2026-08-17 10:10:48.923623+00:00
21669,CRS_904,postgres,courses_db,courses,903,v1,loaded,2026-08-17 10:10:48.923623+00:00
21670,CRS_905,postgres,courses_db,courses,904,v1,loaded,2026-08-17 10:10:48.923623+00:00
21671,CRS_906,postgres,courses_db,courses,905,v1,loaded,2026-08-17 10:10:48.923623+00:00
21672,CRS_907,postgres,courses_db,courses,906,v1,loaded,2026-08-17 10:10:48.923623+00:00
21673,CRS_908,postgres,courses_db,courses,907,v1,loaded,2026-08-17 10:10:48.923623+00:00
21674,CRS_909,postgres,courses_db,courses,908,v1,loaded,2026-08-17 10:10:48.923623+00:00
21675,CRS_910,postgres,courses_db,courses,909,v1,loaded,2026-08-17 10:10:48.923623+00:00
21676,CRS_911,postgres,courses_db,courses,910,v1,loaded,2026-08-17 10:10:48.923623+00:00
21677,CRS_912,postgres,courses_db,courses,911,v1,loaded,2026-08-17 10:10:48.923623+00:00
21678,CRS_913,postgres,courses_db,courses,912,v1,loaded,2026-08-17 10:10:48.923623+00:00
21679,CRS_914,postgres,courses_db,courses,913,v1,loaded,2026-08-17 10:10:48.923623+00:00
21680,CRS_915,postgres,courses_db,courses,914,v1,loaded,2026-08-17 10:10:48.923623+00:00
21681,CRS_916,postgres,courses_db,courses,915,v1,loaded,2026-08-17 10:10:48.923623+00:00
21682,CRS_917,postgres,courses_db,courses,916,v1,loaded,2026-08-17 10:10:48.923623+00:00
21683,CRS_918,postgres,courses_db,courses,917,v1,loaded,2026-08-17 10:10:48.923623+00:00
21684,CRS_919,postgres,courses_db,courses,918,v1,loaded,2026-08-17 10:10:48.923623+00:00
21685,CRS_920,postgres,courses_db,courses,919,v1,loaded,2026-08-17 10:10:48.923623+00:00
21686,CRS_921,postgres,courses_db,courses,920,v1,loaded,2026-08-17 10:10:48.923623+00:00
21687,CRS_922,postgres,courses_db,courses,921,v1,loaded,2026-08-17 10:10:48.923623+00:00
21688,CRS_923,postgres,courses_db,courses,922,v1,loaded,2026-08-17 10:10:48.923623+00:00
21689,CRS_924,postgres,courses_db,courses,923,v1,loaded,2026-08-17 10:10:48.923623+00:00
21690,CRS_925,postgres,courses_db,courses,924,v1,loaded,2026-08-17 10:10:48.923623+00:00
21691,CRS_926,postgres,courses_db,courses,925,v1,loaded,2026-08-17 10:10:48.923623+00:00
21692,CRS_927,postgres,courses_db,courses,926,v1,loaded,2026-08-17 10:10:48.923623+00:00
21693,CRS_928,postgres,courses_db,courses,927,v1,loaded,2026-08-17 10:10:48.923623+00:00
21694,CRS_929,postgres,courses_db,courses,928,v1,loaded,2026-08-17 10:10:48.923623+00:00
21695,CRS_930,postgres,courses_db,courses,929,v1,loaded,2026-08-17 10:10:48.923623+00:00
21696,CRS_931,postgres,courses_db,courses,930,v1,loaded,2026-08-17 10:10:48.923623+00:00
21697,CRS_932,postgres,courses_db,courses,931,v1,loaded,2026-08-17 10:10:48.923623+00:00
21698,CRS_933,postgres,courses_db,courses,932,v1,loaded,2026-08-17 10:10:48.923623+00:00
21699,CRS_934,postgres,courses_db,courses,933,v1,loaded,2026-08-17 10:10:48.923623+00:00
21700,CRS_935,postgres,courses_db,courses,934,v1,loaded,2026-08-17 10:10:48.923623+00:00
21701,CRS_936,postgres,courses_db,courses,935,v1,loaded,2026-08-17 10:10:48.923623+00:00
21702,CRS_937,postgres,courses_db,courses,936,v1,loaded,2026-08-17 10:10:48.923623+00:00
21703,CRS_938,postgres,courses_db,courses,937,v1,loaded,2026-08-17 10:10:48.923623+00:00
21704,CRS_939,postgres,courses_db,courses,938,v1,loaded,2026-08-17 10:10:48.923623+00:00
21705,CRS_940,postgres,courses_db,courses,939,v1,loaded,2026-08-17 10:10:48.923623+00:00
21706,CRS_941,postgres,courses_db,courses,940,v1,loaded,2026-08-17 10:10:48.923623+00:00
21707,CRS_942,postgres,courses_db,courses,941,v1,loaded,2026-08-17 10:10:48.923623+00:00
21708,CRS_943,postgres,courses_db,courses,942,v1,loaded,2026-08-17 10:10:48.923623+00:00
21709,CRS_944,postgres,courses_db,courses,943,v1,loaded,2026-08-17 10:10:48.923623+00:00
21710,CRS_945,postgres,courses_db,courses,944,v1,loaded,2026-08-17 10:10:48.923623+00:00
21711,CRS_946,postgres,courses_db,courses,945,v1,loaded,2026-08-17 10:10:48.923623+00:00
21712,CRS_947,postgres,courses_db,courses,946,v1,loaded,2026-08-17 10:10:48.923623+00:00
21713,CRS_948,postgres,courses_db,courses,947,v1,loaded,2026-08-17 10:10:48.923623+00:00
21714,CRS_949,postgres,courses_db,courses,948,v1,loaded,2026-08-17 10:10:48.923623+00:00
21715,CRS_950,postgres,courses_db,courses,949,v1,loaded,2026-08-17 10:10:48.923623+00:00
21716,CRS_951,postgres,courses_db,courses,950,v1,loaded,2026-08-17 10:10:48.923623+00:00
21717,CRS_952,postgres,courses_db,courses,951,v1,loaded,2026-08-17 10:10:48.923623+00:00
21718,CRS_953,postgres,courses_db,courses,952,v1,loaded,2026-08-17 10:10:48.923623+00:00
21719,CRS_954,postgres,courses_db,courses,953,v1,loaded,2026-08-17 10:10:48.923623+00:00
21720,CRS_955,postgres,courses_db,courses,954,v1,loaded,2026-08-17 10:10:48.923623+00:00
21721,CRS_956,postgres,courses_db,courses,955,v1,loaded,2026-08-17 10:10:48.923623+00:00
21722,CRS_957,postgres,courses_db,courses,956,v1,loaded,2026-08-17 10:10:48.923623+00:00
21723,CRS_958,postgres,courses_db,courses,957,v1,loaded,2026-08-17 10:10:48.923623+00:00
21724,CRS_959,postgres,courses_db,courses,958,v1,loaded,2026-08-17 10:10:48.923623+00:00
21725,CRS_960,postgres,courses_db,courses,959,v1,loaded,2026-08-17 10:10:48.923623+00:00
21726,CRS_961,postgres,courses_db,courses,960,v1,loaded,2026-08-17 10:10:48.923623+00:00
21727,CRS_962,postgres,courses_db,courses,961,v1,loaded,2026-08-17 10:10:48.923623+00:00
21728,CRS_963,postgres,courses_db,courses,962,v1,loaded,2026-08-17 10:10:48.923623+00:00
21729,CRS_964,postgres,courses_db,courses,963,v1,loaded,2026-08-17 10:10:48.923623+00:00
21730,CRS_965,postgres,courses_db,courses,964,v1,loaded,2026-08-17 10:10:48.923623+00:00
21731,CRS_966,postgres,courses_db,courses,965,v1,loaded,2026-08-17 10:10:48.923623+00:00
21732,CRS_967,postgres,courses_db,courses,966,v1,loaded,2026-08-17 10:10:48.923623+00:00
21733,CRS_968,postgres,courses_db,courses,967,v1,loaded,2026-08-17 10:10:48.923623+00:00
21734,CRS_969,postgres,courses_db,courses,968,v1,loaded,2026-08-17 10:10:48.923623+00:00
21735,CRS_970,postgres,courses_db,courses,969,v1,loaded,2026-08-17 10:10:48.923623+00:00
21736,CRS_971,postgres,courses_db,courses,970,v1,loaded,2026-08-17 10:10:48.923623+00:00
21737,CRS_972,postgres,courses_db,courses,971,v1,loaded,2026-08-17 10:10:48.923623+00:00
21738,CRS_973,postgres,courses_db,courses,972,v1,loaded,2026-08-17 10:10:48.923623+00:00
21739,CRS_974,postgres,courses_db,courses,973,v1,loaded,2026-08-17 10:10:48.923623+00:00
21740,CRS_975,postgres,courses_db,courses,974,v1,loaded,2026-08-17 10:10:48.923623+00:00
21741,CRS_976,postgres,courses_db,courses,975,v1,loaded,2026-08-17 10:10:48.923623+00:00
21742,CRS_977,postgres,courses_db,courses,976,v1,loaded,2026-08-17 10:10:48.923623+00:00
21743,CRS_978,postgres,courses_db,courses,977,v1,loaded,2026-08-17 10:10:48.923623+00:00
21744,CRS_979,postgres,courses_db,courses,978,v1,loaded,2026-08-17 10:10:48.923623+00:00
21745,CRS_980,postgres,courses_db,courses,979,v1,loaded,2026-08-17 10:10:48.923623+00:00
21746,CRS_981,postgres,courses_db,courses,980,v1,loaded,2026-08-17 10:10:48.923623+00:00
21747,CRS_982,postgres,courses_db,courses,981,v1,loaded,2026-08-17 10:10:48.923623+00:00
21748,CRS_983,postgres,courses_db,courses,982,v1,loaded,2026-08-17 10:10:48.923623+00:00
21749,CRS_984,postgres,courses_db,courses,983,v1,loaded,2026-08-17 10:10:48.923623+00:00
21750,CRS_985,postgres,courses_db,courses,984,v1,loaded,2026-08-17 10:10:48.923623+00:00
21751,CRS_986,postgres,courses_db,courses,985,v1,loaded,2026-08-17 10:10:48.923623+00:00
21752,CRS_987,postgres,courses_db,courses,986,v1,loaded,2026-08-17 10:10:48.923623+00:00
21753,CRS_988,postgres,courses_db,courses,987,v1,loaded,2026-08-17 10:10:48.923623+00:00
21754,CRS_989,postgres,courses_db,courses,988,v1,loaded,2026-08-17 10:10:48.923623+00:00
21755,CRS_990,postgres,courses_db,courses,989,v1,loaded,2026-08-17 10:10:48.923623+00:00
21756,CRS_991,postgres,courses_db,courses,990,v1,loaded,2026-08-17 10:10:48.923623+00:00
21757,CRS_992,postgres,courses_db,courses,991,v1,loaded,2026-08-17 10:10:48.923623+00:00
21758,CRS_993,postgres,courses_db,courses,992,v1,loaded,2026-08-17 10:10:48.923623+00:00
21759,CRS_994,postgres,courses_db,courses,993,v1,loaded,2026-08-17 10:10:48.923623+00:00
21760,CRS_995,postgres,courses_db,courses,994,v1,loaded,2026-08-17 10:10:48.923623+00:00
21761,CRS_996,postgres,courses_db,courses,995,v1,loaded,2026-08-17 10:10:48.923623+00:00
21762,CRS_997,postgres,courses_db,courses,996,v1,loaded,2026-08-17 10:10:48.923623+00:00
21763,CRS_998,postgres,courses_db,courses,997,v1,loaded,2026-08-17 10:10:48.923623+00:00
21764,CRS_999,postgres,courses_db,courses,998,v1,loaded,2026-08-17 10:10:48.923623+00:00
21765,CRS_1000,postgres,courses_db,courses,999,v1,loaded,2026-08-17 10:10:48.923623+00:00
21766,CRS_1001,postgres,courses_db,courses,1000,v1,loaded,2026-08-17 10:10:48.923623+00:00
21767,CRS_1002,postgres,courses_db,courses,1001,v1,loaded,2026-08-17 10:10:48.923623+00:00
21768,CRS_1003,postgres,courses_db,courses,1002,v1,loaded,2026-08-17 10:10:48.923623+00:00
21769,CRS_1004,postgres,courses_db,courses,1003,v1,loaded,2026-08-17 10:10:48.923623+00:00
21770,CRS_1005,postgres,courses_db,courses,1004,v1,loaded,2026-08-17 10:10:48.923623+00:00
21771,CRS_1006,postgres,courses_db,courses,1005,v1,loaded,2026-08-17 10:10:48.923623+00:00
21772,CRS_1007,postgres,courses_db,courses,1006,v1,loaded,2026-08-17 10:10:48.923623+00:00
21773,CRS_1008,postgres,courses_db,courses,1007,v1,loaded,2026-08-17 10:10:48.923623+00:00
21774,CRS_1009,postgres,courses_db,courses,1008,v1,loaded,2026-08-17 10:10:48.923623+00:00
21775,CRS_1010,postgres,courses_db,courses,1009,v1,loaded,2026-08-17 10:10:48.923623+00:00
21776,CRS_1011,postgres,courses_db,courses,1010,v1,loaded,2026-08-17 10:10:48.923623+00:00
21777,CRS_1012,postgres,courses_db,courses,1011,v1,loaded,2026-08-17 10:10:48.923623+00:00
21778,CRS_1013,postgres,courses_db,courses,1012,v1,loaded,2026-08-17 10:10:48.923623+00:00
21779,CRS_1014,postgres,courses_db,courses,1013,v1,loaded,2026-08-17 10:10:48.923623+00:00
21780,CRS_1015,postgres,courses_db,courses,1014,v1,loaded,2026-08-17 10:10:48.923623+00:00
21781,CRS_1016,postgres,courses_db,courses,1015,v1,loaded,2026-08-17 10:10:48.923623+00:00
21782,CRS_1017,postgres,courses_db,courses,1016,v1,loaded,2026-08-17 10:10:48.923623+00:00
21783,CRS_1018,postgres,courses_db,courses,1017,v1,loaded,2026-08-17 10:10:48.923623+00:00
21784,CRS_1019,postgres,courses_db,courses,1018,v1,loaded,2026-08-17 10:10:48.923623+00:00
21785,CRS_1020,postgres,courses_db,courses,1019,v1,loaded,2026-08-17 10:10:48.923623+00:00
21786,CRS_1021,postgres,courses_db,courses,1020,v1,loaded,2026-08-17 10:10:48.923623+00:00
21787,CRS_1022,postgres,courses_db,courses,1021,v1,loaded,2026-08-17 10:10:48.923623+00:00
21788,CRS_1023,postgres,courses_db,courses,1022,v1,loaded,2026-08-17 10:10:48.923623+00:00
21789,CRS_1024,postgres,courses_db,courses,1023,v1,loaded,2026-08-17 10:10:48.923623+00:00
21790,CRS_1025,postgres,courses_db,courses,1024,v1,loaded,2026-08-17 10:10:48.923623+00:00
21791,CRS_1026,postgres,courses_db,courses,1025,v1,loaded,2026-08-17 10:10:48.923623+00:00
21792,CRS_1027,postgres,courses_db,courses,1026,v1,loaded,2026-08-17 10:10:48.923623+00:00
21793,CRS_1028,postgres,courses_db,courses,1027,v1,loaded,2026-08-17 10:10:48.923623+00:00
21794,CRS_1029,postgres,courses_db,courses,1028,v1,loaded,2026-08-17 10:10:48.923623+00:00
21795,CRS_1030,postgres,courses_db,courses,1029,v1,loaded,2026-08-17 10:10:48.923623+00:00
21796,CRS_1031,postgres,courses_db,courses,1030,v1,loaded,2026-08-17 10:10:48.923623+00:00
21797,CRS_1032,postgres,courses_db,courses,1031,v1,loaded,2026-08-17 10:10:48.923623+00:00
21798,CRS_1033,postgres,courses_db,courses,1032,v1,loaded,2026-08-17 10:10:48.923623+00:00
21799,CRS_1034,postgres,courses_db,courses,1033,v1,loaded,2026-08-17 10:10:48.923623+00:00
21800,CRS_1035,postgres,courses_db,courses,1034,v1,loaded,2026-08-17 10:10:48.923623+00:00
21801,CRS_1036,postgres,courses_db,courses,1035,v1,loaded,2026-08-17 10:10:48.923623+00:00
21802,CRS_1037,postgres,courses_db,courses,1036,v1,loaded,2026-08-17 10:10:48.923623+00:00
21803,CRS_1038,postgres,courses_db,courses,1037,v1,loaded,2026-08-17 10:10:48.923623+00:00
21804,CRS_1039,postgres,courses_db,courses,1038,v1,loaded,2026-08-17 10:10:48.923623+00:00
21805,CRS_1040,postgres,courses_db,courses,1039,v1,loaded,2026-08-17 10:10:48.923623+00:00
21806,CRS_1041,postgres,courses_db,courses,1040,v1,loaded,2026-08-17 10:10:48.923623+00:00
21807,CRS_1042,postgres,courses_db,courses,1041,v1,loaded,2026-08-17 10:10:48.923623+00:00
21808,CRS_1043,postgres,courses_db,courses,1042,v1,loaded,2026-08-17 10:10:48.923623+00:00
21809,CRS_1044,postgres,courses_db,courses,1043,v1,loaded,2026-08-17 10:10:48.923623+00:00
21810,CRS_1045,postgres,courses_db,courses,1044,v1,loaded,2026-08-17 10:10:48.923623+00:00
21811,CRS_1046,postgres,courses_db,courses,1045,v1,loaded,2026-08-17 10:10:48.923623+00:00
21812,CRS_1047,postgres,courses_db,courses,1046,v1,loaded,2026-08-17 10:10:48.923623+00:00
21813,CRS_1048,postgres,courses_db,courses,1047,v1,loaded,2026-08-17 10:10:48.923623+00:00
21814,CRS_1049,postgres,courses_db,courses,1048,v1,loaded,2026-08-17 10:10:48.923623+00:00
21815,CRS_1050,postgres,courses_db,courses,1049,v1,loaded,2026-08-17 10:10:48.923623+00:00
21816,CRS_1051,postgres,courses_db,courses,1050,v1,loaded,2026-08-17 10:10:48.923623+00:00
21817,CRS_1052,postgres,courses_db,courses,1051,v1,loaded,2026-08-17 10:10:48.923623+00:00
21818,CRS_1053,postgres,courses_db,courses,1052,v1,loaded,2026-08-17 10:10:48.923623+00:00
21819,CRS_1054,postgres,courses_db,courses,1053,v1,loaded,2026-08-17 10:10:48.923623+00:00
21820,CRS_1055,postgres,courses_db,courses,1054,v1,loaded,2026-08-17 10:10:48.923623+00:00
21821,CRS_1056,postgres,courses_db,courses,1055,v1,loaded,2026-08-17 10:10:48.923623+00:00
21822,CRS_1057,postgres,courses_db,courses,1056,v1,loaded,2026-08-17 10:10:48.923623+00:00
21823,CRS_1058,postgres,courses_db,courses,1057,v1,loaded,2026-08-17 10:10:48.923623+00:00
21824,CRS_1059,postgres,courses_db,courses,1058,v1,loaded,2026-08-17 10:10:48.923623+00:00
21825,CRS_1060,postgres,courses_db,courses,1059,v1,loaded,2026-08-17 10:10:48.923623+00:00
21826,CRS_1061,postgres,courses_db,courses,1060,v1,loaded,2026-08-17 10:10:48.923623+00:00
21827,CRS_1062,postgres,courses_db,courses,1061,v1,loaded,2026-08-17 10:10:48.923623+00:00
21828,CRS_1063,postgres,courses_db,courses,1062,v1,loaded,2026-08-17 10:10:48.923623+00:00
21829,CRS_1064,postgres,courses_db,courses,1063,v1,loaded,2026-08-17 10:10:48.923623+00:00
21830,CRS_1065,postgres,courses_db,courses,1064,v1,loaded,2026-08-17 10:10:48.923623+00:00
21831,CRS_1066,postgres,courses_db,courses,1065,v1,loaded,2026-08-17 10:10:48.923623+00:00
21832,CRS_1067,postgres,courses_db,courses,1066,v1,loaded,2026-08-17 10:10:48.923623+00:00
21833,CRS_1068,postgres,courses_db,courses,1067,v1,loaded,2026-08-17 10:10:48.923623+00:00
21834,CRS_1069,postgres,courses_db,courses,1068,v1,loaded,2026-08-17 10:10:48.923623+00:00
21835,CRS_1070,postgres,courses_db,courses,1069,v1,loaded,2026-08-17 10:10:48.923623+00:00
21836,CRS_1071,postgres,courses_db,courses,1070,v1,loaded,2026-08-17 10:10:48.923623+00:00
21837,CRS_1072,postgres,courses_db,courses,1071,v1,loaded,2026-08-17 10:10:48.923623+00:00
21838,CRS_1073,postgres,courses_db,courses,1072,v1,loaded,2026-08-17 10:10:48.923623+00:00
21839,CRS_1074,postgres,courses_db,courses,1073,v1,loaded,2026-08-17 10:10:48.923623+00:00
21840,CRS_1075,postgres,courses_db,courses,1074,v1,loaded,2026-08-17 10:10:48.923623+00:00
21841,CRS_1076,postgres,courses_db,courses,1075,v1,loaded,2026-08-17 10:10:48.923623+00:00
21842,CRS_1077,postgres,courses_db,courses,1076,v1,loaded,2026-08-17 10:10:48.923623+00:00
21843,CRS_1078,postgres,courses_db,courses,1077,v1,loaded,2026-08-17 10:10:48.923623+00:00
21844,CRS_1079,postgres,courses_db,courses,1078,v1,loaded,2026-08-17 10:10:48.923623+00:00
21845,CRS_1080,postgres,courses_db,courses,1079,v1,loaded,2026-08-17 10:10:48.923623+00:00
21846,CRS_1081,postgres,courses_db,courses,1080,v1,loaded,2026-08-17 10:10:48.923623+00:00
21847,CRS_1082,postgres,courses_db,courses,1081,v1,loaded,2026-08-17 10:10:48.923623+00:00
21848,CRS_1083,postgres,courses_db,courses,1082,v1,loaded,2026-08-17 10:10:48.923623+00:00
21849,CRS_1084,postgres,courses_db,courses,1083,v1,loaded,2026-08-17 10:10:48.923623+00:00
21850,CRS_1085,postgres,courses_db,courses,1084,v1,loaded,2026-08-17 10:10:48.923623+00:00
21851,CRS_1086,postgres,courses_db,courses,1085,v1,loaded,2026-08-17 10:10:48.923623+00:00
21852,CRS_1087,postgres,courses_db,courses,1086,v1,loaded,2026-08-17 10:10:48.923623+00:00
21853,CRS_1088,postgres,courses_db,courses,1087,v1,loaded,2026-08-17 10:10:48.923623+00:00
21854,CRS_1089,postgres,courses_db,courses,1088,v1,loaded,2026-08-17 10:10:48.923623+00:00
21855,CRS_1090,postgres,courses_db,courses,1089,v1,loaded,2026-08-17 10:10:48.923623+00:00
21856,CRS_1091,postgres,courses_db,courses,1090,v1,loaded,2026-08-17 10:10:48.923623+00:00
21857,CRS_1092,postgres,courses_db,courses,1091,v1,loaded,2026-08-17 10:10:48.923623+00:00
21858,CRS_1093,postgres,courses_db,courses,1092,v1,loaded,2026-08-17 10:10:48.923623+00:00
21859,CRS_1094,postgres,courses_db,courses,1093,v1,loaded,2026-08-17 10:10:48.923623+00:00
21860,CRS_1095,postgres,courses_db,courses,1094,v1,loaded,2026-08-17 10:10:48.923623+00:00
21861,CRS_1096,postgres,courses_db,courses,1095,v1,loaded,2026-08-17 10:10:48.923623+00:00
21862,CRS_1097,postgres,courses_db,courses,1096,v1,loaded,2026-08-17 10:10:48.923623+00:00
21863,CRS_1098,postgres,courses_db,courses,1097,v1,loaded,2026-08-17 10:10:48.923623+00:00
21864,CRS_1099,postgres,courses_db,courses,1098,v1,loaded,2026-08-17 10:10:48.923623+00:00
21865,CRS_1100,postgres,courses_db,courses,1099,v1,loaded,2026-08-17 10:10:48.923623+00:00
21866,CRS_1101,postgres,courses_db,courses,1100,v1,loaded,2026-08-17 10:10:48.923623+00:00
21867,CRS_1102,postgres,courses_db,courses,1101,v1,loaded,2026-08-17 10:10:48.923623+00:00
21868,CRS_1103,postgres,courses_db,courses,1102,v1,loaded,2026-08-17 10:10:48.923623+00:00
21869,CRS_1104,postgres,courses_db,courses,1103,v1,loaded,2026-08-17 10:10:48.923623+00:00
21870,CRS_1105,postgres,courses_db,courses,1104,v1,loaded,2026-08-17 10:10:48.923623+00:00
21871,CRS_1106,postgres,courses_db,courses,1105,v1,loaded,2026-08-17 10:10:48.923623+00:00
21872,CRS_1107,postgres,courses_db,courses,1106,v1,loaded,2026-08-17 10:10:48.923623+00:00
21873,CRS_1108,postgres,courses_db,courses,1107,v1,loaded,2026-08-17 10:10:48.923623+00:00
21874,CRS_1109,postgres,courses_db,courses,1108,v1,loaded,2026-08-17 10:10:48.923623+00:00
21875,CRS_1110,postgres,courses_db,courses,1109,v1,loaded,2026-08-17 10:10:48.923623+00:00
21876,CRS_1111,postgres,courses_db,courses,1110,v1,loaded,2026-08-17 10:10:48.923623+00:00
21877,CRS_1112,postgres,courses_db,courses,1111,v1,loaded,2026-08-17 10:10:48.923623+00:00
21878,CRS_1113,postgres,courses_db,courses,1112,v1,loaded,2026-08-17 10:10:48.923623+00:00
21879,CRS_1114,postgres,courses_db,courses,1113,v1,loaded,2026-08-17 10:10:48.923623+00:00
21880,CRS_1115,postgres,courses_db,courses,1114,v1,loaded,2026-08-17 10:10:48.923623+00:00
21881,CRS_1116,postgres,courses_db,courses,1115,v1,loaded,2026-08-17 10:10:48.923623+00:00
21882,CRS_1117,postgres,courses_db,courses,1116,v1,loaded,2026-08-17 10:10:48.923623+00:00
21883,CRS_1118,postgres,courses_db,courses,1117,v1,loaded,2026-08-17 10:10:48.923623+00:00
21884,CRS_1119,postgres,courses_db,courses,1118,v1,loaded,2026-08-17 10:10:48.923623+00:00
21885,CRS_1120,postgres,courses_db,courses,1119,v1,loaded,2026-08-17 10:10:48.923623+00:00
21886,CRS_1121,postgres,courses_db,courses,1120,v1,loaded,2026-08-17 10:10:48.923623+00:00
21887,CRS_1122,postgres,courses_db,courses,1121,v1,loaded,2026-08-17 10:10:48.923623+00:00
21888,CRS_1123,postgres,courses_db,courses,1122,v1,loaded,2026-08-17 10:10:48.923623+00:00
21889,CRS_1124,postgres,courses_db,courses,1123,v1,loaded,2026-08-17 10:10:48.923623+00:00
21890,CRS_1125,postgres,courses_db,courses,1124,v1,loaded,2026-08-17 10:10:48.923623+00:00
21891,CRS_1126,postgres,courses_db,courses,1125,v1,loaded,2026-08-17 10:10:48.923623+00:00
21892,CRS_1127,postgres,courses_db,courses,1126,v1,loaded,2026-08-17 10:10:48.923623+00:00
21893,CRS_1128,postgres,courses_db,courses,1127,v1,loaded,2026-08-17 10:10:48.923623+00:00
21894,CRS_1129,postgres,courses_db,courses,1128,v1,loaded,2026-08-17 10:10:48.923623+00:00
21895,CRS_1130,postgres,courses_db,courses,1129,v1,loaded,2026-08-17 10:10:48.923623+00:00
21896,CRS_1131,postgres,courses_db,courses,1130,v1,loaded,2026-08-17 10:10:48.923623+00:00
21897,CRS_1132,postgres,courses_db,courses,1131,v1,loaded,2026-08-17 10:10:48.923623+00:00
21898,CRS_1133,postgres,courses_db,courses,1132,v1,loaded,2026-08-17 10:10:48.923623+00:00
21899,CRS_1134,postgres,courses_db,courses,1133,v1,loaded,2026-08-17 10:10:48.923623+00:00
21900,CRS_1135,postgres,courses_db,courses,1134,v1,loaded,2026-08-17 10:10:48.923623+00:00
21901,CRS_1136,postgres,courses_db,courses,1135,v1,loaded,2026-08-17 10:10:48.923623+00:00
21902,CRS_1137,postgres,courses_db,courses,1136,v1,loaded,2026-08-17 10:10:48.923623+00:00
21903,CRS_1138,postgres,courses_db,courses,1137,v1,loaded,2026-08-17 10:10:48.923623+00:00
21904,CRS_1139,postgres,courses_db,courses,1138,v1,loaded,2026-08-17 10:10:48.923623+00:00
21905,CRS_1140,postgres,courses_db,courses,1139,v1,loaded,2026-08-17 10:10:48.923623+00:00
21906,CRS_1141,postgres,courses_db,courses,1140,v1,loaded,2026-08-17 10:10:48.923623+00:00
21907,CRS_1142,postgres,courses_db,courses,1141,v1,loaded,2026-08-17 10:10:48.923623+00:00
21908,CRS_1143,postgres,courses_db,courses,1142,v1,loaded,2026-08-17 10:10:48.923623+00:00
21909,CRS_1144,postgres,courses_db,courses,1143,v1,loaded,2026-08-17 10:10:48.923623+00:00
21910,CRS_1145,postgres,courses_db,courses,1144,v1,loaded,2026-08-17 10:10:48.923623+00:00
21911,CRS_1146,postgres,courses_db,courses,1145,v1,loaded,2026-08-17 10:10:48.923623+00:00
21912,CRS_1147,postgres,courses_db,courses,1146,v1,loaded,2026-08-17 10:10:48.923623+00:00
21913,CRS_1148,postgres,courses_db,courses,1147,v1,loaded,2026-08-17 10:10:48.923623+00:00
21914,CRS_1149,postgres,courses_db,courses,1148,v1,loaded,2026-08-17 10:10:48.923623+00:00
21915,CRS_1150,postgres,courses_db,courses,1149,v1,loaded,2026-08-17 10:10:48.923623+00:00
21916,CRS_1151,postgres,courses_db,courses,1150,v1,loaded,2026-08-17 10:10:48.923623+00:00
21917,CRS_1152,postgres,courses_db,courses,1151,v1,loaded,2026-08-17 10:10:48.923623+00:00
21918,CRS_1153,postgres,courses_db,courses,1152,v1,loaded,2026-08-17 10:10:48.923623+00:00
21919,CRS_1154,postgres,courses_db,courses,1153,v1,loaded,2026-08-17 10:10:48.923623+00:00
21920,CRS_1155,postgres,courses_db,courses,1154,v1,loaded,2026-08-17 10:10:48.923623+00:00
21921,CRS_1156,postgres,courses_db,courses,1155,v1,loaded,2026-08-17 10:10:48.923623+00:00
21922,CRS_1157,postgres,courses_db,courses,1156,v1,loaded,2026-08-17 10:10:48.923623+00:00
21923,CRS_1158,postgres,courses_db,courses,1157,v1,loaded,2026-08-17 10:10:48.923623+00:00
21924,CRS_1159,postgres,courses_db,courses,1158,v1,loaded,2026-08-17 10:10:48.923623+00:00
21925,CRS_1160,postgres,courses_db,courses,1159,v1,loaded,2026-08-17 10:10:48.923623+00:00
21926,CRS_1161,postgres,courses_db,courses,1160,v1,loaded,2026-08-17 10:10:48.923623+00:00
21927,CRS_1162,postgres,courses_db,courses,1161,v1,loaded,2026-08-17 10:10:48.923623+00:00
21928,CRS_1163,postgres,courses_db,courses,1162,v1,loaded,2026-08-17 10:10:48.923623+00:00
21929,CRS_1164,postgres,courses_db,courses,1163,v1,loaded,2026-08-17 10:10:48.923623+00:00
21930,CRS_1165,postgres,courses_db,courses,1164,v1,loaded,2026-08-17 10:10:48.923623+00:00
21931,CRS_1166,postgres,courses_db,courses,1165,v1,loaded,2026-08-17 10:10:48.923623+00:00
21932,CRS_1167,postgres,courses_db,courses,1166,v1,loaded,2026-08-17 10:10:48.923623+00:00
21933,CRS_1168,postgres,courses_db,courses,1167,v1,loaded,2026-08-17 10:10:48.923623+00:00
21934,CRS_1169,postgres,courses_db,courses,1168,v1,loaded,2026-08-17 10:10:48.923623+00:00
21935,CRS_1170,postgres,courses_db,courses,1169,v1,loaded,2026-08-17 10:10:48.923623+00:00
21936,CRS_1171,postgres,courses_db,courses,1170,v1,loaded,2026-08-17 10:10:48.923623+00:00
21937,CRS_1172,postgres,courses_db,courses,1171,v1,loaded,2026-08-17 10:10:48.923623+00:00
21938,CRS_1173,postgres,courses_db,courses,1172,v1,loaded,2026-08-17 10:10:48.923623+00:00
21939,CRS_1174,postgres,courses_db,courses,1173,v1,loaded,2026-08-17 10:10:48.923623+00:00
21940,CRS_1175,postgres,courses_db,courses,1174,v1,loaded,2026-08-17 10:10:48.923623+00:00
21941,CRS_1176,postgres,courses_db,courses,1175,v1,loaded,2026-08-17 10:10:48.923623+00:00
21942,CRS_1177,postgres,courses_db,courses,1176,v1,loaded,2026-08-17 10:10:48.923623+00:00
21943,CRS_1178,postgres,courses_db,courses,1177,v1,loaded,2026-08-17 10:10:48.923623+00:00
21944,CRS_1179,postgres,courses_db,courses,1178,v1,loaded,2026-08-17 10:10:48.923623+00:00
21945,CRS_1180,postgres,courses_db,courses,1179,v1,loaded,2026-08-17 10:10:48.923623+00:00
21946,CRS_1181,postgres,courses_db,courses,1180,v1,loaded,2026-08-17 10:10:48.923623+00:00
21947,CRS_1182,postgres,courses_db,courses,1181,v1,loaded,2026-08-17 10:10:48.923623+00:00
21948,CRS_1183,postgres,courses_db,courses,1182,v1,loaded,2026-08-17 10:10:48.923623+00:00
21949,CRS_1184,postgres,courses_db,courses,1183,v1,loaded,2026-08-17 10:10:48.923623+00:00
21950,CRS_1185,postgres,courses_db,courses,1184,v1,loaded,2026-08-17 10:10:48.923623+00:00
21951,CRS_1186,postgres,courses_db,courses,1185,v1,loaded,2026-08-17 10:10:48.923623+00:00
21952,CRS_1187,postgres,courses_db,courses,1186,v1,loaded,2026-08-17 10:10:48.923623+00:00
21953,CRS_1188,postgres,courses_db,courses,1187,v1,loaded,2026-08-17 10:10:48.923623+00:00
21954,CRS_1189,postgres,courses_db,courses,1188,v1,loaded,2026-08-17 10:10:48.923623+00:00
21955,CRS_1190,postgres,courses_db,courses,1189,v1,loaded,2026-08-17 10:10:48.923623+00:00
21956,CRS_1191,postgres,courses_db,courses,1190,v1,loaded,2026-08-17 10:10:48.923623+00:00
21957,CRS_1192,postgres,courses_db,courses,1191,v1,loaded,2026-08-17 10:10:48.923623+00:00
21958,CRS_1193,postgres,courses_db,courses,1192,v1,loaded,2026-08-17 10:10:48.923623+00:00
21959,CRS_1194,postgres,courses_db,courses,1193,v1,loaded,2026-08-17 10:10:48.923623+00:00
21960,CRS_1195,postgres,courses_db,courses,1194,v1,loaded,2026-08-17 10:10:48.923623+00:00
21961,CRS_1196,postgres,courses_db,courses,1195,v1,loaded,2026-08-17 10:10:48.923623+00:00
21962,CRS_1197,postgres,courses_db,courses,1196,v1,loaded,2026-08-17 10:10:48.923623+00:00
21963,CRS_1198,postgres,courses_db,courses,1197,v1,loaded,2026-08-17 10:10:48.923623+00:00
21964,CRS_1199,postgres,courses_db,courses,1198,v1,loaded,2026-08-17 10:10:48.923623+00:00
21965,CRS_1200,postgres,courses_db,courses,1199,v1,loaded,2026-08-17 10:10:48.923623+00:00
21966,CRS_1201,postgres,courses_db,courses,1200,v1,loaded,2026-08-17 10:10:48.923623+00:00
21967,CRS_1202,postgres,courses_db,courses,1201,v1,loaded,2026-08-17 10:10:48.923623+00:00
21968,CRS_1203,postgres,courses_db,courses,1202,v1,loaded,2026-08-17 10:10:48.923623+00:00
21969,CRS_1204,postgres,courses_db,courses,1203,v1,loaded,2026-08-17 10:10:48.923623+00:00
21970,CRS_1205,postgres,courses_db,courses,1204,v1,loaded,2026-08-17 10:10:48.923623+00:00
21971,CRS_1206,postgres,courses_db,courses,1205,v1,loaded,2026-08-17 10:10:48.923623+00:00
21972,CRS_1207,postgres,courses_db,courses,1206,v1,loaded,2026-08-17 10:10:48.923623+00:00
21973,CRS_1208,postgres,courses_db,courses,1207,v1,loaded,2026-08-17 10:10:48.923623+00:00
21974,CRS_1209,postgres,courses_db,courses,1208,v1,loaded,2026-08-17 10:10:48.923623+00:00
21975,CRS_1210,postgres,courses_db,courses,1209,v1,loaded,2026-08-17 10:10:48.923623+00:00
21976,CRS_1211,postgres,courses_db,courses,1210,v1,loaded,2026-08-17 10:10:48.923623+00:00
21977,CRS_1212,postgres,courses_db,courses,1211,v1,loaded,2026-08-17 10:10:48.923623+00:00
21978,CRS_1213,postgres,courses_db,courses,1212,v1,loaded,2026-08-17 10:10:48.923623+00:00
21979,CRS_1214,postgres,courses_db,courses,1213,v1,loaded,2026-08-17 10:10:48.923623+00:00
21980,CRS_1215,postgres,courses_db,courses,1214,v1,loaded,2026-08-17 10:10:48.923623+00:00
21981,CRS_1216,postgres,courses_db,courses,1215,v1,loaded,2026-08-17 10:10:48.923623+00:00
21982,CRS_1217,postgres,courses_db,courses,1216,v1,loaded,2026-08-17 10:10:48.923623+00:00
21983,CRS_1218,postgres,courses_db,courses,1217,v1,loaded,2026-08-17 10:10:48.923623+00:00
21984,CRS_1219,postgres,courses_db,courses,1218,v1,loaded,2026-08-17 10:10:48.923623+00:00
21985,CRS_1220,postgres,courses_db,courses,1219,v1,loaded,2026-08-17 10:10:48.923623+00:00
21986,CRS_1221,postgres,courses_db,courses,1220,v1,loaded,2026-08-17 10:10:48.923623+00:00
21987,CRS_1222,postgres,courses_db,courses,1221,v1,loaded,2026-08-17 10:10:48.923623+00:00
21988,CRS_1223,postgres,courses_db,courses,1222,v1,loaded,2026-08-17 10:10:48.923623+00:00
21989,CRS_1224,postgres,courses_db,courses,1223,v1,loaded,2026-08-17 10:10:48.923623+00:00
21990,CRS_1225,postgres,courses_db,courses,1224,v1,loaded,2026-08-17 10:10:48.923623+00:00
21991,CRS_1226,postgres,courses_db,courses,1225,v1,loaded,2026-08-17 10:10:48.923623+00:00
21992,CRS_1227,postgres,courses_db,courses,1226,v1,loaded,2026-08-17 10:10:48.923623+00:00
21993,CRS_1228,postgres,courses_db,courses,1227,v1,loaded,2026-08-17 10:10:48.923623+00:00
21994,CRS_1229,postgres,courses_db,courses,1228,v1,loaded,2026-08-17 10:10:48.923623+00:00
21995,CRS_1230,postgres,courses_db,courses,1229,v1,loaded,2026-08-17 10:10:48.923623+00:00
21996,CRS_1231,postgres,courses_db,courses,1230,v1,loaded,2026-08-17 10:10:48.923623+00:00
21997,CRS_1232,postgres,courses_db,courses,1231,v1,loaded,2026-08-17 10:10:48.923623+00:00
21998,CRS_1233,postgres,courses_db,courses,1232,v1,loaded,2026-08-17 10:10:48.923623+00:00
21999,CRS_1234,postgres,courses_db,courses,1233,v1,loaded,2026-08-17 10:10:48.923623+00:00
22000,CRS_1235,postgres,courses_db,courses,1234,v1,loaded,2026-08-17 10:10:48.923623+00:00
22001,CRS_1236,postgres,courses_db,courses,1235,v1,loaded,2026-08-17 10:10:48.923623+00:00
22002,CRS_1237,postgres,courses_db,courses,1236,v1,loaded,2026-08-17 10:10:48.923623+00:00
22003,CRS_1238,postgres,courses_db,courses,1237,v1,loaded,2026-08-17 10:10:48.923623+00:00
22004,CRS_1239,postgres,courses_db,courses,1238,v1,loaded,2026-08-17 10:10:48.923623+00:00
22005,CRS_1240,postgres,courses_db,courses,1239,v1,loaded,2026-08-17 10:10:48.923623+00:00
22006,CRS_1241,postgres,courses_db,courses,1240,v1,loaded,2026-08-17 10:10:48.923623+00:00
22007,CRS_1242,postgres,courses_db,courses,1241,v1,loaded,2026-08-17 10:10:48.923623+00:00
22008,CRS_1243,postgres,courses_db,courses,1242,v1,loaded,2026-08-17 10:10:48.923623+00:00
22009,CRS_1244,postgres,courses_db,courses,1243,v1,loaded,2026-08-17 10:10:48.923623+00:00
22010,CRS_1245,postgres,courses_db,courses,1244,v1,loaded,2026-08-17 10:10:48.923623+00:00
22011,CRS_1246,postgres,courses_db,courses,1245,v1,loaded,2026-08-17 10:10:48.923623+00:00
22012,CRS_1247,postgres,courses_db,courses,1246,v1,loaded,2026-08-17 10:10:48.923623+00:00
22013,CRS_1248,postgres,courses_db,courses,1247,v1,loaded,2026-08-17 10:10:48.923623+00:00
22014,CRS_1249,postgres,courses_db,courses,1248,v1,loaded,2026-08-17 10:10:48.923623+00:00
22015,CRS_1250,postgres,courses_db,courses,1249,v1,loaded,2026-08-17 10:10:48.923623+00:00
22016,CRS_1251,postgres,courses_db,courses,1250,v1,loaded,2026-08-17 10:10:48.923623+00:00
22017,CRS_1252,postgres,courses_db,courses,1251,v1,loaded,2026-08-17 10:10:48.923623+00:00
22018,CRS_1253,postgres,courses_db,courses,1252,v1,loaded,2026-08-17 10:10:48.923623+00:00
22019,CRS_1254,postgres,courses_db,courses,1253,v1,loaded,2026-08-17 10:10:48.923623+00:00
22020,CRS_1255,postgres,courses_db,courses,1254,v1,loaded,2026-08-17 10:10:48.923623+00:00
22021,CRS_1256,postgres,courses_db,courses,1255,v1,loaded,2026-08-17 10:10:48.923623+00:00
22022,CRS_1257,postgres,courses_db,courses,1256,v1,loaded,2026-08-17 10:10:48.923623+00:00
22023,CRS_1258,postgres,courses_db,courses,1257,v1,loaded,2026-08-17 10:10:48.923623+00:00
22024,CRS_1259,postgres,courses_db,courses,1258,v1,loaded,2026-08-17 10:10:48.923623+00:00
22025,CRS_1260,postgres,courses_db,courses,1259,v1,loaded,2026-08-17 10:10:48.923623+00:00
22026,CRS_1261,postgres,courses_db,courses,1260,v1,loaded,2026-08-17 10:10:48.923623+00:00
22027,CRS_1262,postgres,courses_db,courses,1261,v1,loaded,2026-08-17 10:10:48.923623+00:00
22028,CRS_1263,postgres,courses_db,courses,1262,v1,loaded,2026-08-17 10:10:48.923623+00:00
22029,CRS_1264,postgres,courses_db,courses,1263,v1,loaded,2026-08-17 10:10:48.923623+00:00
22030,CRS_1265,postgres,courses_db,courses,1264,v1,loaded,2026-08-17 10:10:48.923623+00:00
22031,CRS_1266,postgres,courses_db,courses,1265,v1,loaded,2026-08-17 10:10:48.923623+00:00
22032,CRS_1267,postgres,courses_db,courses,1266,v1,loaded,2026-08-17 10:10:48.923623+00:00
22033,CRS_1268,postgres,courses_db,courses,1267,v1,loaded,2026-08-17 10:10:48.923623+00:00
22034,CRS_1269,postgres,courses_db,courses,1268,v1,loaded,2026-08-17 10:10:48.923623+00:00
22035,CRS_1270,postgres,courses_db,courses,1269,v1,loaded,2026-08-17 10:10:48.923623+00:00
22036,CRS_1271,postgres,courses_db,courses,1270,v1,loaded,2026-08-17 10:10:48.923623+00:00
22037,CRS_1272,postgres,courses_db,courses,1271,v1,loaded,2026-08-17 10:10:48.923623+00:00
22038,CRS_1273,postgres,courses_db,courses,1272,v1,loaded,2026-08-17 10:10:48.923623+00:00
22039,CRS_1274,postgres,courses_db,courses,1273,v1,loaded,2026-08-17 10:10:48.923623+00:00
22040,CRS_1275,postgres,courses_db,courses,1274,v1,loaded,2026-08-17 10:10:48.923623+00:00
22041,CRS_1276,postgres,courses_db,courses,1275,v1,loaded,2026-08-17 10:10:48.923623+00:00
22042,CRS_1277,postgres,courses_db,courses,1276,v1,loaded,2026-08-17 10:10:48.923623+00:00
22043,CRS_1278,postgres,courses_db,courses,1277,v1,loaded,2026-08-17 10:10:48.923623+00:00
22044,CRS_1279,postgres,courses_db,courses,1278,v1,loaded,2026-08-17 10:10:48.923623+00:00
22045,CRS_1280,postgres,courses_db,courses,1279,v1,loaded,2026-08-17 10:10:48.923623+00:00
22046,CRS_1281,postgres,courses_db,courses,1280,v1,loaded,2026-08-17 10:10:48.923623+00:00
22047,CRS_1282,postgres,courses_db,courses,1281,v1,loaded,2026-08-17 10:10:48.923623+00:00
22048,CRS_1283,postgres,courses_db,courses,1282,v1,loaded,2026-08-17 10:10:48.923623+00:00
22049,CRS_1284,postgres,courses_db,courses,1283,v1,loaded,2026-08-17 10:10:48.923623+00:00
22050,CRS_1285,postgres,courses_db,courses,1284,v1,loaded,2026-08-17 10:10:48.923623+00:00
22051,CRS_1286,postgres,courses_db,courses,1285,v1,loaded,2026-08-17 10:10:48.923623+00:00
22052,CRS_1287,postgres,courses_db,courses,1286,v1,loaded,2026-08-17 10:10:48.923623+00:00
22053,CRS_1288,postgres,courses_db,courses,1287,v1,loaded,2026-08-17 10:10:48.923623+00:00
22054,CRS_1289,postgres,courses_db,courses,1288,v1,loaded,2026-08-17 10:10:48.923623+00:00
22055,CRS_1290,postgres,courses_db,courses,1289,v1,loaded,2026-08-17 10:10:48.923623+00:00
22056,CRS_1291,postgres,courses_db,courses,1290,v1,loaded,2026-08-17 10:10:48.923623+00:00
22057,CRS_1292,postgres,courses_db,courses,1291,v1,loaded,2026-08-17 10:10:48.923623+00:00
22058,CRS_1293,postgres,courses_db,courses,1292,v1,loaded,2026-08-17 10:10:48.923623+00:00
22059,CRS_1294,postgres,courses_db,courses,1293,v1,loaded,2026-08-17 10:10:48.923623+00:00
22060,CRS_1295,postgres,courses_db,courses,1294,v1,loaded,2026-08-17 10:10:48.923623+00:00
22061,CRS_1296,postgres,courses_db,courses,1295,v1,loaded,2026-08-17 10:10:48.923623+00:00
22062,CRS_1297,postgres,courses_db,courses,1296,v1,loaded,2026-08-17 10:10:48.923623+00:00
22063,CRS_1298,postgres,courses_db,courses,1297,v1,loaded,2026-08-17 10:10:48.923623+00:00
22064,CRS_1299,postgres,courses_db,courses,1298,v1,loaded,2026-08-17 10:10:48.923623+00:00
22065,CRS_1300,postgres,courses_db,courses,1299,v1,loaded,2026-08-17 10:10:48.923623+00:00
22066,CRS_1301,postgres,courses_db,courses,1300,v1,loaded,2026-08-17 10:10:48.923623+00:00
22067,CRS_1302,postgres,courses_db,courses,1301,v1,loaded,2026-08-17 10:10:48.923623+00:00
22068,CRS_1303,postgres,courses_db,courses,1302,v1,loaded,2026-08-17 10:10:48.923623+00:00
22069,CRS_1304,postgres,courses_db,courses,1303,v1,loaded,2026-08-17 10:10:48.923623+00:00
22070,CRS_1305,postgres,courses_db,courses,1304,v1,loaded,2026-08-17 10:10:48.923623+00:00
22071,CRS_1306,postgres,courses_db,courses,1305,v1,loaded,2026-08-17 10:10:48.923623+00:00
22072,CRS_1307,postgres,courses_db,courses,1306,v1,loaded,2026-08-17 10:10:48.923623+00:00
22073,CRS_1308,postgres,courses_db,courses,1307,v1,loaded,2026-08-17 10:10:48.923623+00:00
22074,CRS_1309,postgres,courses_db,courses,1308,v1,loaded,2026-08-17 10:10:48.923623+00:00
22075,CRS_1310,postgres,courses_db,courses,1309,v1,loaded,2026-08-17 10:10:48.923623+00:00
22076,CRS_1311,postgres,courses_db,courses,1310,v1,loaded,2026-08-17 10:10:48.923623+00:00
22077,CRS_1312,postgres,courses_db,courses,1311,v1,loaded,2026-08-17 10:10:48.923623+00:00
22078,CRS_1313,postgres,courses_db,courses,1312,v1,loaded,2026-08-17 10:10:48.923623+00:00
22079,CRS_1314,postgres,courses_db,courses,1313,v1,loaded,2026-08-17 10:10:48.923623+00:00
22080,CRS_1315,postgres,courses_db,courses,1314,v1,loaded,2026-08-17 10:10:48.923623+00:00
22081,CRS_1316,postgres,courses_db,courses,1315,v1,loaded,2026-08-17 10:10:48.923623+00:00
22082,CRS_1317,postgres,courses_db,courses,1316,v1,loaded,2026-08-17 10:10:48.923623+00:00
22083,CRS_1318,postgres,courses_db,courses,1317,v1,loaded,2026-08-17 10:10:48.923623+00:00
22084,CRS_1319,postgres,courses_db,courses,1318,v1,loaded,2026-08-17 10:10:48.923623+00:00
22085,CRS_1320,postgres,courses_db,courses,1319,v1,loaded,2026-08-17 10:10:48.923623+00:00
22086,CRS_1321,postgres,courses_db,courses,1320,v1,loaded,2026-08-17 10:10:48.923623+00:00
22087,CRS_1322,postgres,courses_db,courses,1321,v1,loaded,2026-08-17 10:10:48.923623+00:00
22088,CRS_1323,postgres,courses_db,courses,1322,v1,loaded,2026-08-17 10:10:48.923623+00:00
22089,CRS_1324,postgres,courses_db,courses,1323,v1,loaded,2026-08-17 10:10:48.923623+00:00
22090,CRS_1325,postgres,courses_db,courses,1324,v1,loaded,2026-08-17 10:10:48.923623+00:00
22091,CRS_1326,postgres,courses_db,courses,1325,v1,loaded,2026-08-17 10:10:48.923623+00:00
22092,CRS_1327,postgres,courses_db,courses,1326,v1,loaded,2026-08-17 10:10:48.923623+00:00
22093,CRS_1328,postgres,courses_db,courses,1327,v1,loaded,2026-08-17 10:10:48.923623+00:00
22094,CRS_1329,postgres,courses_db,courses,1328,v1,loaded,2026-08-17 10:10:48.923623+00:00
22095,CRS_1330,postgres,courses_db,courses,1329,v1,loaded,2026-08-17 10:10:48.923623+00:00
22096,CRS_1331,postgres,courses_db,courses,1330,v1,loaded,2026-08-17 10:10:48.923623+00:00
22097,CRS_1332,postgres,courses_db,courses,1331,v1,loaded,2026-08-17 10:10:48.923623+00:00
22098,CRS_1333,postgres,courses_db,courses,1332,v1,loaded,2026-08-17 10:10:48.923623+00:00
22099,CRS_1334,postgres,courses_db,courses,1333,v1,loaded,2026-08-17 10:10:48.923623+00:00
22100,CRS_1335,postgres,courses_db,courses,1334,v1,loaded,2026-08-17 10:10:48.923623+00:00
22101,CRS_1336,postgres,courses_db,courses,1335,v1,loaded,2026-08-17 10:10:48.923623+00:00
22102,CRS_1337,postgres,courses_db,courses,1336,v1,loaded,2026-08-17 10:10:48.923623+00:00
22103,CRS_1338,postgres,courses_db,courses,1337,v1,loaded,2026-08-17 10:10:48.923623+00:00
22104,CRS_1339,postgres,courses_db,courses,1338,v1,loaded,2026-08-17 10:10:48.923623+00:00
22105,CRS_1340,postgres,courses_db,courses,1339,v1,loaded,2026-08-17 10:10:48.923623+00:00
22106,CRS_1341,postgres,courses_db,courses,1340,v1,loaded,2026-08-17 10:10:48.923623+00:00
22107,CRS_1342,postgres,courses_db,courses,1341,v1,loaded,2026-08-17 10:10:48.923623+00:00
22108,CRS_1343,postgres,courses_db,courses,1342,v1,loaded,2026-08-17 10:10:48.923623+00:00
22109,CRS_1344,postgres,courses_db,courses,1343,v1,loaded,2026-08-17 10:10:48.923623+00:00
22110,CRS_1345,postgres,courses_db,courses,1344,v1,loaded,2026-08-17 10:10:48.923623+00:00
22111,CRS_1346,postgres,courses_db,courses,1345,v1,loaded,2026-08-17 10:10:48.923623+00:00
22112,CRS_1347,postgres,courses_db,courses,1346,v1,loaded,2026-08-17 10:10:48.923623+00:00
22113,CRS_1348,postgres,courses_db,courses,1347,v1,loaded,2026-08-17 10:10:48.923623+00:00
22114,CRS_1349,postgres,courses_db,courses,1348,v1,loaded,2026-08-17 10:10:48.923623+00:00
22115,CRS_1350,postgres,courses_db,courses,1349,v1,loaded,2026-08-17 10:10:48.923623+00:00
22116,CRS_1351,postgres,courses_db,courses,1350,v1,loaded,2026-08-17 10:10:48.923623+00:00
22117,CRS_1352,postgres,courses_db,courses,1351,v1,loaded,2026-08-17 10:10:48.923623+00:00
22118,CRS_1353,postgres,courses_db,courses,1352,v1,loaded,2026-08-17 10:10:48.923623+00:00
22119,CRS_1354,postgres,courses_db,courses,1353,v1,loaded,2026-08-17 10:10:48.923623+00:00
22120,CRS_1355,postgres,courses_db,courses,1354,v1,loaded,2026-08-17 10:10:48.923623+00:00
22121,CRS_1356,postgres,courses_db,courses,1355,v1,loaded,2026-08-17 10:10:48.923623+00:00
22122,CRS_1357,postgres,courses_db,courses,1356,v1,loaded,2026-08-17 10:10:48.923623+00:00
22123,CRS_1358,postgres,courses_db,courses,1357,v1,loaded,2026-08-17 10:10:48.923623+00:00
22124,CRS_1359,postgres,courses_db,courses,1358,v1,loaded,2026-08-17 10:10:48.923623+00:00
22125,CRS_1360,postgres,courses_db,courses,1359,v1,loaded,2026-08-17 10:10:48.923623+00:00
22126,CRS_1361,postgres,courses_db,courses,1360,v1,loaded,2026-08-17 10:10:48.923623+00:00
22127,CRS_1362,postgres,courses_db,courses,1361,v1,loaded,2026-08-17 10:10:48.923623+00:00
22128,CRS_1363,postgres,courses_db,courses,1362,v1,loaded,2026-08-17 10:10:48.923623+00:00
22129,CRS_1364,postgres,courses_db,courses,1363,v1,loaded,2026-08-17 10:10:48.923623+00:00
22130,CRS_1365,postgres,courses_db,courses,1364,v1,loaded,2026-08-17 10:10:48.923623+00:00
22131,CRS_1366,postgres,courses_db,courses,1365,v1,loaded,2026-08-17 10:10:48.923623+00:00
22132,CRS_1367,postgres,courses_db,courses,1366,v1,loaded,2026-08-17 10:10:48.923623+00:00
22133,CRS_1368,postgres,courses_db,courses,1367,v1,loaded,2026-08-17 10:10:48.923623+00:00
22134,CRS_1369,postgres,courses_db,courses,1368,v1,loaded,2026-08-17 10:10:48.923623+00:00
22135,CRS_1370,postgres,courses_db,courses,1369,v1,loaded,2026-08-17 10:10:48.923623+00:00
22136,CRS_1371,postgres,courses_db,courses,1370,v1,loaded,2026-08-17 10:10:48.923623+00:00
22137,CRS_1372,postgres,courses_db,courses,1371,v1,loaded,2026-08-17 10:10:48.923623+00:00
22138,CRS_1373,postgres,courses_db,courses,1372,v1,loaded,2026-08-17 10:10:48.923623+00:00
22139,CRS_1374,postgres,courses_db,courses,1373,v1,loaded,2026-08-17 10:10:48.923623+00:00
22140,CRS_1375,postgres,courses_db,courses,1374,v1,loaded,2026-08-17 10:10:48.923623+00:00
22141,CRS_1376,postgres,courses_db,courses,1375,v1,loaded,2026-08-17 10:10:48.923623+00:00
22142,CRS_1377,postgres,courses_db,courses,1376,v1,loaded,2026-08-17 10:10:48.923623+00:00
22143,CRS_1378,postgres,courses_db,courses,1377,v1,loaded,2026-08-17 10:10:48.923623+00:00
22144,CRS_1379,postgres,courses_db,courses,1378,v1,loaded,2026-08-17 10:10:48.923623+00:00
22145,CRS_1380,postgres,courses_db,courses,1379,v1,loaded,2026-08-17 10:10:48.923623+00:00
22146,CRS_1381,postgres,courses_db,courses,1380,v1,loaded,2026-08-17 10:10:48.923623+00:00
22147,CRS_1382,postgres,courses_db,courses,1381,v1,loaded,2026-08-17 10:10:48.923623+00:00
22148,CRS_1383,postgres,courses_db,courses,1382,v1,loaded,2026-08-17 10:10:48.923623+00:00
22149,CRS_1384,postgres,courses_db,courses,1383,v1,loaded,2026-08-17 10:10:48.923623+00:00
22150,CRS_1385,postgres,courses_db,courses,1384,v1,loaded,2026-08-17 10:10:48.923623+00:00
22151,CRS_1386,postgres,courses_db,courses,1385,v1,loaded,2026-08-17 10:10:48.923623+00:00
22152,CRS_1387,postgres,courses_db,courses,1386,v1,loaded,2026-08-17 10:10:48.923623+00:00
22153,CRS_1388,postgres,courses_db,courses,1387,v1,loaded,2026-08-17 10:10:48.923623+00:00
22154,CRS_1389,postgres,courses_db,courses,1388,v1,loaded,2026-08-17 10:10:48.923623+00:00
22155,CRS_1390,postgres,courses_db,courses,1389,v1,loaded,2026-08-17 10:10:48.923623+00:00
22156,CRS_1391,postgres,courses_db,courses,1390,v1,loaded,2026-08-17 10:10:48.923623+00:00
22157,CRS_1392,postgres,courses_db,courses,1391,v1,loaded,2026-08-17 10:10:48.923623+00:00
22158,CRS_1393,postgres,courses_db,courses,1392,v1,loaded,2026-08-17 10:10:48.923623+00:00
22159,CRS_1394,postgres,courses_db,courses,1393,v1,loaded,2026-08-17 10:10:48.923623+00:00
22160,CRS_1395,postgres,courses_db,courses,1394,v1,loaded,2026-08-17 10:10:48.923623+00:00
22161,CRS_1396,postgres,courses_db,courses,1395,v1,loaded,2026-08-17 10:10:48.923623+00:00
22162,CRS_1397,postgres,courses_db,courses,1396,v1,loaded,2026-08-17 10:10:48.923623+00:00
22163,CRS_1398,postgres,courses_db,courses,1397,v1,loaded,2026-08-17 10:10:48.923623+00:00
22164,CRS_1399,postgres,courses_db,courses,1398,v1,loaded,2026-08-17 10:10:48.923623+00:00
22165,CRS_1400,postgres,courses_db,courses,1399,v1,loaded,2026-08-17 10:10:48.923623+00:00
22166,CRS_1401,postgres,courses_db,courses,1400,v1,loaded,2026-08-17 10:10:48.923623+00:00
22167,CRS_1402,postgres,courses_db,courses,1401,v1,loaded,2026-08-17 10:10:48.923623+00:00
22168,CRS_1403,postgres,courses_db,courses,1402,v1,loaded,2026-08-17 10:10:48.923623+00:00
22169,FAC_1,postgres,faculty_db,faculty,0,v1,loaded,2026-08-17 10:10:49.024580+00:00
22170,FAC_2,postgres,faculty_db,faculty,1,v1,loaded,2026-08-17 10:10:49.024580+00:00
22171,FAC_3,postgres,faculty_db,faculty,2,v1,loaded,2026-08-17 10:10:49.024580+00:00
22172,FAC_4,postgres,faculty_db,faculty,3,v1,loaded,2026-08-17 10:10:49.024580+00:00
22173,FAC_5,postgres,faculty_db,faculty,4,v1,loaded,2026-08-17 10:10:49.024580+00:00
22174,FAC_6,postgres,faculty_db,faculty,5,v1,loaded,2026-08-17 10:10:49.024580+00:00
22175,FAC_7,postgres,faculty_db,faculty,6,v1,loaded,2026-08-17 10:10:49.024580+00:00
22176,FAC_8,postgres,faculty_db,faculty,7,v1,loaded,2026-08-17 10:10:49.024580+00:00
22177,FAC_9,postgres,faculty_db,faculty,8,v1,loaded,2026-08-17 10:10:49.024580+00:00
22178,FAC_10,postgres,faculty_db,faculty,9,v1,loaded,2026-08-17 10:10:49.024580+00:00
22179,FAC_11,postgres,faculty_db,faculty,10,v1,loaded,2026-08-17 10:10:49.024580+00:00
22180,FAC_12,postgres,faculty_db,faculty,11,v1,loaded,2026-08-17 10:10:49.024580+00:00
22181,FAC_13,postgres,faculty_db,faculty,12,v1,loaded,2026-08-17 10:10:49.024580+00:00
22182,FAC_14,postgres,faculty_db,faculty,13,v1,loaded,2026-08-17 10:10:49.024580+00:00
22183,FAC_15,postgres,faculty_db,faculty,14,v1,loaded,2026-08-17 10:10:49.024580+00:00
22184,FAC_16,postgres,faculty_db,faculty,15,v1,loaded,2026-08-17 10:10:49.024580+00:00
22185,FAC_17,postgres,faculty_db,faculty,16,v1,loaded,2026-08-17 10:10:49.024580+00:00
22186,FAC_18,postgres,faculty_db,faculty,17,v1,loaded,2026-08-17 10:10:49.024580+00:00
22187,FAC_19,postgres,faculty_db,faculty,18,v1,loaded,2026-08-17 10:10:49.024580+00:00
22188,FAC_20,postgres,faculty_db,faculty,19,v1,loaded,2026-08-17 10:10:49.024580+00:00
22189,FAC_21,postgres,faculty_db,faculty,20,v1,loaded,2026-08-17 10:10:49.024580+00:00
22190,FAC_22,postgres,faculty_db,faculty,21,v1,loaded,2026-08-17 10:10:49.024580+00:00
22191,FAC_23,postgres,faculty_db,faculty,22,v1,loaded,2026-08-17 10:10:49.024580+00:00
22192,FAC_24,postgres,faculty_db,faculty,23,v1,loaded,2026-08-17 10:10:49.024580+00:00
22193,FAC_25,postgres,faculty_db,faculty,24,v1,loaded,2026-08-17 10:10:49.024580+00:00
22194,FAC_26,postgres,faculty_db,faculty,25,v1,loaded,2026-08-17 10:10:49.024580+00:00
22195,FAC_27,postgres,faculty_db,faculty,26,v1,loaded,2026-08-17 10:10:49.024580+00:00
22196,FAC_28,postgres,faculty_db,faculty,27,v1,loaded,2026-08-17 10:10:49.024580+00:00
22197,FAC_29,postgres,faculty_db,faculty,28,v1,loaded,2026-08-17 10:10:49.024580+00:00
22198,FAC_30,postgres,faculty_db,faculty,29,v1,loaded,2026-08-17 10:10:49.024580+00:00
22199,FAC_31,postgres,faculty_db,faculty,30,v1,loaded,2026-08-17 10:10:49.024580+00:00
22200,FAC_32,postgres,faculty_db,faculty,31,v1,loaded,2026-08-17 10:10:49.024580+00:00
22201,FAC_33,postgres,faculty_db,faculty,32,v1,loaded,2026-08-17 10:10:49.024580+00:00
22202,FAC_34,postgres,faculty_db,faculty,33,v1,loaded,2026-08-17 10:10:49.024580+00:00
22203,FAC_35,postgres,faculty_db,faculty,34,v1,loaded,2026-08-17 10:10:49.024580+00:00
22204,FAC_36,postgres,faculty_db,faculty,35,v1,loaded,2026-08-17 10:10:49.024580+00:00
22205,FAC_37,postgres,faculty_db,faculty,36,v1,loaded,2026-08-17 10:10:49.024580+00:00
22206,FAC_38,postgres,faculty_db,faculty,37,v1,loaded,2026-08-17 10:10:49.024580+00:00
22207,FAC_39,postgres,faculty_db,faculty,38,v1,loaded,2026-08-17 10:10:49.024580+00:00
22208,FAC_40,postgres,faculty_db,faculty,39,v1,loaded,2026-08-17 10:10:49.024580+00:00
22209,FAC_41,postgres,faculty_db,faculty,40,v1,loaded,2026-08-17 10:10:49.024580+00:00
22210,FAC_42,postgres,faculty_db,faculty,41,v1,loaded,2026-08-17 10:10:49.024580+00:00
22211,FAC_43,postgres,faculty_db,faculty,42,v1,loaded,2026-08-17 10:10:49.024580+00:00
22212,FAC_44,postgres,faculty_db,faculty,43,v1,loaded,2026-08-17 10:10:49.024580+00:00
22213,FAC_45,postgres,faculty_db,faculty,44,v1,loaded,2026-08-17 10:10:49.024580+00:00
22214,FAC_46,postgres,faculty_db,faculty,45,v1,loaded,2026-08-17 10:10:49.024580+00:00
22215,FAC_47,postgres,faculty_db,faculty,46,v1,loaded,2026-08-17 10:10:49.024580+00:00
22216,FAC_48,postgres,faculty_db,faculty,47,v1,loaded,2026-08-17 10:10:49.024580+00:00
22217,FAC_49,postgres,faculty_db,faculty,48,v1,loaded,2026-08-17 10:10:49.024580+00:00
22218,FAC_50,postgres,faculty_db,faculty,49,v1,loaded,2026-08-17 10:10:49.024580+00:00
22219,FAC_51,postgres,faculty_db,faculty,50,v1,loaded,2026-08-17 10:10:49.024580+00:00
22220,FAC_52,postgres,faculty_db,faculty,51,v1,loaded,2026-08-17 10:10:49.024580+00:00
22221,FAC_53,postgres,faculty_db,faculty,52,v1,loaded,2026-08-17 10:10:49.024580+00:00
22222,FAC_54,postgres,faculty_db,faculty,53,v1,loaded,2026-08-17 10:10:49.024580+00:00
22223,FAC_55,postgres,faculty_db,faculty,54,v1,loaded,2026-08-17 10:10:49.024580+00:00
22224,FAC_56,postgres,faculty_db,faculty,55,v1,loaded,2026-08-17 10:10:49.024580+00:00
22225,FAC_57,postgres,faculty_db,faculty,56,v1,loaded,2026-08-17 10:10:49.024580+00:00
22226,FAC_58,postgres,faculty_db,faculty,57,v1,loaded,2026-08-17 10:10:49.024580+00:00
22227,FAC_59,postgres,faculty_db,faculty,58,v1,loaded,2026-08-17 10:10:49.024580+00:00
22228,FAC_60,postgres,faculty_db,faculty,59,v1,loaded,2026-08-17 10:10:49.024580+00:00
22229,FAC_61,postgres,faculty_db,faculty,60,v1,loaded,2026-08-17 10:10:49.024580+00:00
22230,FAC_62,postgres,faculty_db,faculty,61,v1,loaded,2026-08-17 10:10:49.024580+00:00
22231,FAC_63,postgres,faculty_db,faculty,62,v1,loaded,2026-08-17 10:10:49.024580+00:00
22232,FAC_64,postgres,faculty_db,faculty,63,v1,loaded,2026-08-17 10:10:49.024580+00:00
22233,FAC_65,postgres,faculty_db,faculty,64,v1,loaded,2026-08-17 10:10:49.024580+00:00
22234,FAC_66,postgres,faculty_db,faculty,65,v1,loaded,2026-08-17 10:10:49.024580+00:00
22235,FAC_67,postgres,faculty_db,faculty,66,v1,loaded,2026-08-17 10:10:49.024580+00:00
22236,FAC_68,postgres,faculty_db,faculty,67,v1,loaded,2026-08-17 10:10:49.024580+00:00
22237,FAC_69,postgres,faculty_db,faculty,68,v1,loaded,2026-08-17 10:10:49.024580+00:00
22238,FAC_70,postgres,faculty_db,faculty,69,v1,loaded,2026-08-17 10:10:49.024580+00:00
22239,FAC_71,postgres,faculty_db,faculty,70,v1,loaded,2026-08-17 10:10:49.024580+00:00
22240,FAC_72,postgres,faculty_db,faculty,71,v1,loaded,2026-08-17 10:10:49.024580+00:00
22241,FAC_73,postgres,faculty_db,faculty,72,v1,loaded,2026-08-17 10:10:49.024580+00:00
22242,FAC_74,postgres,faculty_db,faculty,73,v1,loaded,2026-08-17 10:10:49.024580+00:00
22243,FAC_75,postgres,faculty_db,faculty,74,v1,loaded,2026-08-17 10:10:49.024580+00:00
22244,FAC_76,postgres,faculty_db,faculty,75,v1,loaded,2026-08-17 10:10:49.024580+00:00
22245,FAC_77,postgres,faculty_db,faculty,76,v1,loaded,2026-08-17 10:10:49.024580+00:00
22246,FAC_78,postgres,faculty_db,faculty,77,v1,loaded,2026-08-17 10:10:49.024580+00:00
22247,FAC_79,postgres,faculty_db,faculty,78,v1,loaded,2026-08-17 10:10:49.024580+00:00
22248,FAC_80,postgres,faculty_db,faculty,79,v1,loaded,2026-08-17 10:10:49.024580+00:00
22249,FAC_81,postgres,faculty_db,faculty,80,v1,loaded,2026-08-17 10:10:49.024580+00:00
22250,FAC_82,postgres,faculty_db,faculty,81,v1,loaded,2026-08-17 10:10:49.024580+00:00
22251,FAC_83,postgres,faculty_db,faculty,82,v1,loaded,2026-08-17 10:10:49.024580+00:00
22252,FAC_84,postgres,faculty_db,faculty,83,v1,loaded,2026-08-17 10:10:49.024580+00:00
22253,FAC_85,postgres,faculty_db,faculty,84,v1,loaded,2026-08-17 10:10:49.024580+00:00
22254,FAC_86,postgres,faculty_db,faculty,85,v1,loaded,2026-08-17 10:10:49.024580+00:00
22255,FAC_87,postgres,faculty_db,faculty,86,v1,loaded,2026-08-17 10:10:49.024580+00:00
22256,FAC_88,postgres,faculty_db,faculty,87,v1,loaded,2026-08-17 10:10:49.024580+00:00
22257,FAC_89,postgres,faculty_db,faculty,88,v1,loaded,2026-08-17 10:10:49.024580+00:00
22258,FAC_90,postgres,faculty_db,faculty,89,v1,loaded,2026-08-17 10:10:49.024580+00:00
22259,FAC_91,postgres,faculty_db,faculty,90,v1,loaded,2026-08-17 10:10:49.024580+00:00
22260,FAC_92,postgres,faculty_db,faculty,91,v1,loaded,2026-08-17 10:10:49.024580+00:00
22261,FAC_93,postgres,faculty_db,faculty,92,v1,loaded,2026-08-17 10:10:49.024580+00:00
22262,FAC_94,postgres,faculty_db,faculty,93,v1,loaded,2026-08-17 10:10:49.024580+00:00
22263,FAC_95,postgres,faculty_db,faculty,94,v1,loaded,2026-08-17 10:10:49.024580+00:00
22264,FAC_96,postgres,faculty_db,faculty,95,v1,loaded,2026-08-17 10:10:49.024580+00:00
22265,FAC_97,postgres,faculty_db,faculty,96,v1,loaded,2026-08-17 10:10:49.024580+00:00
22266,FAC_98,postgres,faculty_db,faculty,97,v1,loaded,2026-08-17 10:10:49.024580+00:00
22267,FAC_99,postgres,faculty_db,faculty,98,v1,loaded,2026-08-17 10:10:49.024580+00:00
22268,FAC_100,postgres,faculty_db,faculty,99,v1,loaded,2026-08-17 10:10:49.024580+00:00
22269,FAC_101,postgres,faculty_db,faculty,100,v1,loaded,2026-08-17 10:10:49.024580+00:00
22270,FAC_102,postgres,faculty_db,faculty,101,v1,loaded,2026-08-17 10:10:49.024580+00:00
22271,FAC_103,postgres,faculty_db,faculty,102,v1,loaded,2026-08-17 10:10:49.024580+00:00
22272,FAC_104,postgres,faculty_db,faculty,103,v1,loaded,2026-08-17 10:10:49.024580+00:00
22273,FAC_105,postgres,faculty_db,faculty,104,v1,loaded,2026-08-17 10:10:49.024580+00:00
22274,FAC_106,postgres,faculty_db,faculty,105,v1,loaded,2026-08-17 10:10:49.024580+00:00
22275,FAC_107,postgres,faculty_db,faculty,106,v1,loaded,2026-08-17 10:10:49.024580+00:00
22276,FAC_108,postgres,faculty_db,faculty,107,v1,loaded,2026-08-17 10:10:49.024580+00:00
22277,FAC_109,postgres,faculty_db,faculty,108,v1,loaded,2026-08-17 10:10:49.024580+00:00
22278,FAC_110,postgres,faculty_db,faculty,109,v1,loaded,2026-08-17 10:10:49.024580+00:00
22279,FAC_111,postgres,faculty_db,faculty,110,v1,loaded,2026-08-17 10:10:49.024580+00:00
22280,FAC_112,postgres,faculty_db,faculty,111,v1,loaded,2026-08-17 10:10:49.024580+00:00
22281,FAC_113,postgres,faculty_db,faculty,112,v1,loaded,2026-08-17 10:10:49.024580+00:00
22282,FAC_114,postgres,faculty_db,faculty,113,v1,loaded,2026-08-17 10:10:49.024580+00:00
22283,FAC_115,postgres,faculty_db,faculty,114,v1,loaded,2026-08-17 10:10:49.024580+00:00
22284,FAC_116,postgres,faculty_db,faculty,115,v1,loaded,2026-08-17 10:10:49.024580+00:00
22285,FAC_117,postgres,faculty_db,faculty,116,v1,loaded,2026-08-17 10:10:49.024580+00:00
22286,FAC_118,postgres,faculty_db,faculty,117,v1,loaded,2026-08-17 10:10:49.024580+00:00
22287,FAC_119,postgres,faculty_db,faculty,118,v1,loaded,2026-08-17 10:10:49.024580+00:00
22288,FAC_120,postgres,faculty_db,faculty,119,v1,loaded,2026-08-17 10:10:49.024580+00:00
22289,FAC_121,postgres,faculty_db,faculty,120,v1,loaded,2026-08-17 10:10:49.024580+00:00
22290,FAC_122,postgres,faculty_db,faculty,121,v1,loaded,2026-08-17 10:10:49.024580+00:00
22291,FAC_123,postgres,faculty_db,faculty,122,v1,loaded,2026-08-17 10:10:49.024580+00:00
22292,FAC_124,postgres,faculty_db,faculty,123,v1,loaded,2026-08-17 10:10:49.024580+00:00
22293,FAC_125,postgres,faculty_db,faculty,124,v1,loaded,2026-08-17 10:10:49.024580+00:00
22294,FAC_126,postgres,faculty_db,faculty,125,v1,loaded,2026-08-17 10:10:49.024580+00:00
22295,FAC_127,postgres,faculty_db,faculty,126,v1,loaded,2026-08-17 10:10:49.024580+00:00
22296,FAC_128,postgres,faculty_db,faculty,127,v1,loaded,2026-08-17 10:10:49.024580+00:00
22297,FAC_129,postgres,faculty_db,faculty,128,v1,loaded,2026-08-17 10:10:49.024580+00:00
22298,FAC_130,postgres,faculty_db,faculty,129,v1,loaded,2026-08-17 10:10:49.024580+00:00
22299,FAC_131,postgres,faculty_db,faculty,130,v1,loaded,2026-08-17 10:10:49.024580+00:00
22300,FAC_132,postgres,faculty_db,faculty,131,v1,loaded,2026-08-17 10:10:49.024580+00:00
22301,FAC_133,postgres,faculty_db,faculty,132,v1,loaded,2026-08-17 10:10:49.024580+00:00
22302,FAC_134,postgres,faculty_db,faculty,133,v1,loaded,2026-08-17 10:10:49.024580+00:00
22303,FAC_135,postgres,faculty_db,faculty,134,v1,loaded,2026-08-17 10:10:49.024580+00:00
22304,FAC_136,postgres,faculty_db,faculty,135,v1,loaded,2026-08-17 10:10:49.024580+00:00
22305,FAC_137,postgres,faculty_db,faculty,136,v1,loaded,2026-08-17 10:10:49.024580+00:00
22306,FAC_138,postgres,faculty_db,faculty,137,v1,loaded,2026-08-17 10:10:49.024580+00:00
22307,FAC_139,postgres,faculty_db,faculty,138,v1,loaded,2026-08-17 10:10:49.024580+00:00
22308,FAC_140,postgres,faculty_db,faculty,139,v1,loaded,2026-08-17 10:10:49.024580+00:00
22309,FAC_141,postgres,faculty_db,faculty,140,v1,loaded,2026-08-17 10:10:49.024580+00:00
22310,FAC_142,postgres,faculty_db,faculty,141,v1,loaded,2026-08-17 10:10:49.024580+00:00
22311,FAC_143,postgres,faculty_db,faculty,142,v1,loaded,2026-08-17 10:10:49.024580+00:00
22312,FAC_144,postgres,faculty_db,faculty,143,v1,loaded,2026-08-17 10:10:49.024580+00:00
22313,FAC_145,postgres,faculty_db,faculty,144,v1,loaded,2026-08-17 10:10:49.024580+00:00
22314,FAC_146,postgres,faculty_db,faculty,145,v1,loaded,2026-08-17 10:10:49.024580+00:00
22315,FAC_147,postgres,faculty_db,faculty,146,v1,loaded,2026-08-17 10:10:49.024580+00:00
22316,FAC_148,postgres,faculty_db,faculty,147,v1,loaded,2026-08-17 10:10:49.024580+00:00
22317,FAC_149,postgres,faculty_db,faculty,148,v1,loaded,2026-08-17 10:10:49.024580+00:00
22318,FAC_150,postgres,faculty_db,faculty,149,v1,loaded,2026-08-17 10:10:49.024580+00:00
22319,FAC_151,postgres,faculty_db,faculty,150,v1,loaded,2026-08-17 10:10:49.024580+00:00
22320,FAC_152,postgres,faculty_db,faculty,151,v1,loaded,2026-08-17 10:10:49.024580+00:00
22321,FAC_153,postgres,faculty_db,faculty,152,v1,loaded,2026-08-17 10:10:49.024580+00:00
22322,FAC_154,postgres,faculty_db,faculty,153,v1,loaded,2026-08-17 10:10:49.024580+00:00
22323,FAC_155,postgres,faculty_db,faculty,154,v1,loaded,2026-08-17 10:10:49.024580+00:00
22324,FAC_156,postgres,faculty_db,faculty,155,v1,loaded,2026-08-17 10:10:49.024580+00:00
22325,FAC_157,postgres,faculty_db,faculty,156,v1,loaded,2026-08-17 10:10:49.024580+00:00
22326,FAC_158,postgres,faculty_db,faculty,157,v1,loaded,2026-08-17 10:10:49.024580+00:00
22327,FAC_159,postgres,faculty_db,faculty,158,v1,loaded,2026-08-17 10:10:49.024580+00:00
22328,FAC_160,postgres,faculty_db,faculty,159,v1,loaded,2026-08-17 10:10:49.024580+00:00
22329,FAC_161,postgres,faculty_db,faculty,160,v1,loaded,2026-08-17 10:10:49.024580+00:00
22330,FAC_162,postgres,faculty_db,faculty,161,v1,loaded,2026-08-17 10:10:49.024580+00:00
22331,FAC_163,postgres,faculty_db,faculty,162,v1,loaded,2026-08-17 10:10:49.024580+00:00
22332,FAC_164,postgres,faculty_db,faculty,163,v1,loaded,2026-08-17 10:10:49.024580+00:00
22333,FAC_165,postgres,faculty_db,faculty,164,v1,loaded,2026-08-17 10:10:49.024580+00:00
22334,FAC_166,postgres,faculty_db,faculty,165,v1,loaded,2026-08-17 10:10:49.024580+00:00
22335,FAC_167,postgres,faculty_db,faculty,166,v1,loaded,2026-08-17 10:10:49.024580+00:00
22336,FAC_168,postgres,faculty_db,faculty,167,v1,loaded,2026-08-17 10:10:49.024580+00:00
22337,FAC_169,postgres,faculty_db,faculty,168,v1,loaded,2026-08-17 10:10:49.024580+00:00
22338,FAC_170,postgres,faculty_db,faculty,169,v1,loaded,2026-08-17 10:10:49.024580+00:00
22339,FAC_171,postgres,faculty_db,faculty,170,v1,loaded,2026-08-17 10:10:49.024580+00:00
22340,FAC_172,postgres,faculty_db,faculty,171,v1,loaded,2026-08-17 10:10:49.024580+00:00
22341,FAC_173,postgres,faculty_db,faculty,172,v1,loaded,2026-08-17 10:10:49.024580+00:00
22342,FAC_174,postgres,faculty_db,faculty,173,v1,loaded,2026-08-17 10:10:49.024580+00:00
22343,FAC_175,postgres,faculty_db,faculty,174,v1,loaded,2026-08-17 10:10:49.024580+00:00
22344,FAC_176,postgres,faculty_db,faculty,175,v1,loaded,2026-08-17 10:10:49.024580+00:00
22345,FAC_177,postgres,faculty_db,faculty,176,v1,loaded,2026-08-17 10:10:49.024580+00:00
22346,FAC_178,postgres,faculty_db,faculty,177,v1,loaded,2026-08-17 10:10:49.024580+00:00
22347,FAC_179,postgres,faculty_db,faculty,178,v1,loaded,2026-08-17 10:10:49.024580+00:00
22348,FAC_180,postgres,faculty_db,faculty,179,v1,loaded,2026-08-17 10:10:49.024580+00:00
22349,FAC_181,postgres,faculty_db,faculty,180,v1,loaded,2026-08-17 10:10:49.024580+00:00
22350,FAC_182,postgres,faculty_db,faculty,181,v1,loaded,2026-08-17 10:10:49.024580+00:00
22351,FAC_183,postgres,faculty_db,faculty,182,v1,loaded,2026-08-17 10:10:49.024580+00:00
22352,FAC_184,postgres,faculty_db,faculty,183,v1,loaded,2026-08-17 10:10:49.024580+00:00
22353,FAC_185,postgres,faculty_db,faculty,184,v1,loaded,2026-08-17 10:10:49.024580+00:00
22354,FAC_186,postgres,faculty_db,faculty,185,v1,loaded,2026-08-17 10:10:49.024580+00:00
22355,FAC_187,postgres,faculty_db,faculty,186,v1,loaded,2026-08-17 10:10:49.024580+00:00
22356,FAC_188,postgres,faculty_db,faculty,187,v1,loaded,2026-08-17 10:10:49.024580+00:00
22357,FAC_189,postgres,faculty_db,faculty,188,v1,loaded,2026-08-17 10:10:49.024580+00:00
22358,FAC_190,postgres,faculty_db,faculty,189,v1,loaded,2026-08-17 10:10:49.024580+00:00
22359,FAC_191,postgres,faculty_db,faculty,190,v1,loaded,2026-08-17 10:10:49.024580+00:00
22360,FAC_192,postgres,faculty_db,faculty,191,v1,loaded,2026-08-17 10:10:49.024580+00:00
22361,FAC_193,postgres,faculty_db,faculty,192,v1,loaded,2026-08-17 10:10:49.024580+00:00
22362,FAC_194,postgres,faculty_db,faculty,193,v1,loaded,2026-08-17 10:10:49.024580+00:00
22363,FAC_195,postgres,faculty_db,faculty,194,v1,loaded,2026-08-17 10:10:49.024580+00:00
22364,FAC_196,postgres,faculty_db,faculty,195,v1,loaded,2026-08-17 10:10:49.024580+00:00
22365,FAC_197,postgres,faculty_db,faculty,196,v1,loaded,2026-08-17 10:10:49.024580+00:00
22366,FAC_198,postgres,faculty_db,faculty,197,v1,loaded,2026-08-17 10:10:49.024580+00:00
22367,FAC_199,postgres,faculty_db,faculty,198,v1,loaded,2026-08-17 10:10:49.024580+00:00
22368,FAC_200,postgres,faculty_db,faculty,199,v1,loaded,2026-08-17 10:10:49.024580+00:00
22369,FAC_201,postgres,faculty_db,faculty,200,v1,loaded,2026-08-17 10:10:49.024580+00:00
22370,FAC_202,postgres,faculty_db,faculty,201,v1,loaded,2026-08-17 10:10:49.024580+00:00
22371,FAC_203,postgres,faculty_db,faculty,202,v1,loaded,2026-08-17 10:10:49.024580+00:00
22372,FAC_204,postgres,faculty_db,faculty,203,v1,loaded,2026-08-17 10:10:49.024580+00:00
22373,FAC_205,postgres,faculty_db,faculty,204,v1,loaded,2026-08-17 10:10:49.024580+00:00
22374,FAC_206,postgres,faculty_db,faculty,205,v1,loaded,2026-08-17 10:10:49.024580+00:00
22375,FAC_207,postgres,faculty_db,faculty,206,v1,loaded,2026-08-17 10:10:49.024580+00:00
22376,FAC_208,postgres,faculty_db,faculty,207,v1,loaded,2026-08-17 10:10:49.024580+00:00
22377,FAC_209,postgres,faculty_db,faculty,208,v1,loaded,2026-08-17 10:10:49.024580+00:00
22378,FAC_210,postgres,faculty_db,faculty,209,v1,loaded,2026-08-17 10:10:49.024580+00:00
22379,FAC_211,postgres,faculty_db,faculty,210,v1,loaded,2026-08-17 10:10:49.024580+00:00
22380,FAC_212,postgres,faculty_db,faculty,211,v1,loaded,2026-08-17 10:10:49.024580+00:00
22381,FAC_213,postgres,faculty_db,faculty,212,v1,loaded,2026-08-17 10:10:49.024580+00:00
22382,FAC_214,postgres,faculty_db,faculty,213,v1,loaded,2026-08-17 10:10:49.024580+00:00
22383,FAC_215,postgres,faculty_db,faculty,214,v1,loaded,2026-08-17 10:10:49.024580+00:00
22384,FAC_216,postgres,faculty_db,faculty,215,v1,loaded,2026-08-17 10:10:49.024580+00:00
22385,FAC_217,postgres,faculty_db,faculty,216,v1,loaded,2026-08-17 10:10:49.024580+00:00
22386,FAC_218,postgres,faculty_db,faculty,217,v1,loaded,2026-08-17 10:10:49.024580+00:00
22387,FAC_219,postgres,faculty_db,faculty,218,v1,loaded,2026-08-17 10:10:49.024580+00:00
22388,FAC_220,postgres,faculty_db,faculty,219,v1,loaded,2026-08-17 10:10:49.024580+00:00
22389,FAC_221,postgres,faculty_db,faculty,220,v1,loaded,2026-08-17 10:10:49.024580+00:00
22390,FAC_222,postgres,faculty_db,faculty,221,v1,loaded,2026-08-17 10:10:49.024580+00:00
22391,FAC_223,postgres,faculty_db,faculty,222,v1,loaded,2026-08-17 10:10:49.024580+00:00
22392,FAC_224,postgres,faculty_db,faculty,223,v1,loaded,2026-08-17 10:10:49.024580+00:00
22393,FAC_225,postgres,faculty_db,faculty,224,v1,loaded,2026-08-17 10:10:49.024580+00:00
22394,FAC_226,postgres,faculty_db,faculty,225,v1,loaded,2026-08-17 10:10:49.024580+00:00
22395,FAC_227,postgres,faculty_db,faculty,226,v1,loaded,2026-08-17 10:10:49.024580+00:00
22396,FAC_228,postgres,faculty_db,faculty,227,v1,loaded,2026-08-17 10:10:49.024580+00:00
22397,FAC_229,postgres,faculty_db,faculty,228,v1,loaded,2026-08-17 10:10:49.024580+00:00
22398,FAC_230,postgres,faculty_db,faculty,229,v1,loaded,2026-08-17 10:10:49.024580+00:00
22399,FAC_231,postgres,faculty_db,faculty,230,v1,loaded,2026-08-17 10:10:49.024580+00:00
22400,FAC_232,postgres,faculty_db,faculty,231,v1,loaded,2026-08-17 10:10:49.024580+00:00
22401,FAC_233,postgres,faculty_db,faculty,232,v1,loaded,2026-08-17 10:10:49.024580+00:00
22402,FAC_234,postgres,faculty_db,faculty,233,v1,loaded,2026-08-17 10:10:49.024580+00:00
22403,FAC_235,postgres,faculty_db,faculty,234,v1,loaded,2026-08-17 10:10:49.024580+00:00
22404,FAC_236,postgres,faculty_db,faculty,235,v1,loaded,2026-08-17 10:10:49.024580+00:00
22405,FAC_237,postgres,faculty_db,faculty,236,v1,loaded,2026-08-17 10:10:49.024580+00:00
22406,FAC_238,postgres,faculty_db,faculty,237,v1,loaded,2026-08-17 10:10:49.024580+00:00
22407,FAC_239,postgres,faculty_db,faculty,238,v1,loaded,2026-08-17 10:10:49.024580+00:00
22408,FAC_240,postgres,faculty_db,faculty,239,v1,loaded,2026-08-17 10:10:49.024580+00:00
22409,FAC_241,postgres,faculty_db,faculty,240,v1,loaded,2026-08-17 10:10:49.024580+00:00
22410,FAC_242,postgres,faculty_db,faculty,241,v1,loaded,2026-08-17 10:10:49.024580+00:00
22411,FAC_243,postgres,faculty_db,faculty,242,v1,loaded,2026-08-17 10:10:49.024580+00:00
22412,FAC_244,postgres,faculty_db,faculty,243,v1,loaded,2026-08-17 10:10:49.024580+00:00
22413,FAC_245,postgres,faculty_db,faculty,244,v1,loaded,2026-08-17 10:10:49.024580+00:00
22414,FAC_246,postgres,faculty_db,faculty,245,v1,loaded,2026-08-17 10:10:49.024580+00:00
22415,FAC_247,postgres,faculty_db,faculty,246,v1,loaded,2026-08-17 10:10:49.024580+00:00
22416,FAC_248,postgres,faculty_db,faculty,247,v1,loaded,2026-08-17 10:10:49.024580+00:00
22417,FAC_249,postgres,faculty_db,faculty,248,v1,loaded,2026-08-17 10:10:49.024580+00:00
22418,FAC_250,postgres,faculty_db,faculty,249,v1,loaded,2026-08-17 10:10:49.024580+00:00
22419,FAC_251,postgres,faculty_db,faculty,250,v1,loaded,2026-08-17 10:10:49.024580+00:00
22420,FAC_252,postgres,faculty_db,faculty,251,v1,loaded,2026-08-17 10:10:49.024580+00:00
22421,FAC_253,postgres,faculty_db,faculty,252,v1,loaded,2026-08-17 10:10:49.024580+00:00
22422,FAC_254,postgres,faculty_db,faculty,253,v1,loaded,2026-08-17 10:10:49.024580+00:00
22423,FAC_255,postgres,faculty_db,faculty,254,v1,loaded,2026-08-17 10:10:49.024580+00:00
22424,FAC_256,postgres,faculty_db,faculty,255,v1,loaded,2026-08-17 10:10:49.024580+00:00
22425,FAC_257,postgres,faculty_db,faculty,256,v1,loaded,2026-08-17 10:10:49.024580+00:00
22426,FAC_258,postgres,faculty_db,faculty,257,v1,loaded,2026-08-17 10:10:49.024580+00:00
22427,FAC_259,postgres,faculty_db,faculty,258,v1,loaded,2026-08-17 10:10:49.024580+00:00
22428,FAC_260,postgres,faculty_db,faculty,259,v1,loaded,2026-08-17 10:10:49.024580+00:00
22429,FAC_261,postgres,faculty_db,faculty,260,v1,loaded,2026-08-17 10:10:49.024580+00:00
22430,FAC_262,postgres,faculty_db,faculty,261,v1,loaded,2026-08-17 10:10:49.024580+00:00
22431,FAC_263,postgres,faculty_db,faculty,262,v1,loaded,2026-08-17 10:10:49.024580+00:00
22432,FAC_264,postgres,faculty_db,faculty,263,v1,loaded,2026-08-17 10:10:49.024580+00:00
22433,FAC_265,postgres,faculty_db,faculty,264,v1,loaded,2026-08-17 10:10:49.024580+00:00
22434,FAC_266,postgres,faculty_db,faculty,265,v1,loaded,2026-08-17 10:10:49.024580+00:00
22435,FAC_267,postgres,faculty_db,faculty,266,v1,loaded,2026-08-17 10:10:49.024580+00:00
22436,FAC_268,postgres,faculty_db,faculty,267,v1,loaded,2026-08-17 10:10:49.024580+00:00
22437,FAC_269,postgres,faculty_db,faculty,268,v1,loaded,2026-08-17 10:10:49.024580+00:00
22438,FAC_270,postgres,faculty_db,faculty,269,v1,loaded,2026-08-17 10:10:49.024580+00:00
22439,FAC_271,postgres,faculty_db,faculty,270,v1,loaded,2026-08-17 10:10:49.024580+00:00
22440,FAC_272,postgres,faculty_db,faculty,271,v1,loaded,2026-08-17 10:10:49.024580+00:00
22441,FAC_273,postgres,faculty_db,faculty,272,v1,loaded,2026-08-17 10:10:49.024580+00:00
22442,FAC_274,postgres,faculty_db,faculty,273,v1,loaded,2026-08-17 10:10:49.024580+00:00
22443,FAC_275,postgres,faculty_db,faculty,274,v1,loaded,2026-08-17 10:10:49.024580+00:00
22444,FAC_276,postgres,faculty_db,faculty,275,v1,loaded,2026-08-17 10:10:49.024580+00:00
22445,FAC_277,postgres,faculty_db,faculty,276,v1,loaded,2026-08-17 10:10:49.024580+00:00
22446,FAC_278,postgres,faculty_db,faculty,277,v1,loaded,2026-08-17 10:10:49.024580+00:00
22447,FAC_279,postgres,faculty_db,faculty,278,v1,loaded,2026-08-17 10:10:49.024580+00:00
22448,FAC_280,postgres,faculty_db,faculty,279,v1,loaded,2026-08-17 10:10:49.024580+00:00
22449,FAC_281,postgres,faculty_db,faculty,280,v1,loaded,2026-08-17 10:10:49.024580+00:00
22450,FAC_282,postgres,faculty_db,faculty,281,v1,loaded,2026-08-17 10:10:49.024580+00:00
22451,FAC_283,postgres,faculty_db,faculty,282,v1,loaded,2026-08-17 10:10:49.024580+00:00
22452,FAC_284,postgres,faculty_db,faculty,283,v1,loaded,2026-08-17 10:10:49.024580+00:00
22453,FAC_285,postgres,faculty_db,faculty,284,v1,loaded,2026-08-17 10:10:49.024580+00:00
22454,FAC_286,postgres,faculty_db,faculty,285,v1,loaded,2026-08-17 10:10:49.024580+00:00
22455,FAC_287,postgres,faculty_db,faculty,286,v1,loaded,2026-08-17 10:10:49.024580+00:00
22456,FAC_288,postgres,faculty_db,faculty,287,v1,loaded,2026-08-17 10:10:49.024580+00:00
22457,FAC_289,postgres,faculty_db,faculty,288,v1,loaded,2026-08-17 10:10:49.024580+00:00
22458,FAC_290,postgres,faculty_db,faculty,289,v1,loaded,2026-08-17 10:10:49.024580+00:00
22459,FAC_291,postgres,faculty_db,faculty,290,v1,loaded,2026-08-17 10:10:49.024580+00:00
22460,FAC_292,postgres,faculty_db,faculty,291,v1,loaded,2026-08-17 10:10:49.024580+00:00
22461,FAC_293,postgres,faculty_db,faculty,292,v1,loaded,2026-08-17 10:10:49.024580+00:00
22462,FAC_294,postgres,faculty_db,faculty,293,v1,loaded,2026-08-17 10:10:49.024580+00:00
22463,FAC_295,postgres,faculty_db,faculty,294,v1,loaded,2026-08-17 10:10:49.024580+00:00
22464,FAC_296,postgres,faculty_db,faculty,295,v1,loaded,2026-08-17 10:10:49.024580+00:00
22465,FAC_297,postgres,faculty_db,faculty,296,v1,loaded,2026-08-17 10:10:49.024580+00:00
22466,FAC_298,postgres,faculty_db,faculty,297,v1,loaded,2026-08-17 10:10:49.024580+00:00
22467,FAC_299,postgres,faculty_db,faculty,298,v1,loaded,2026-08-17 10:10:49.024580+00:00
22468,FAC_300,postgres,faculty_db,faculty,299,v1,loaded,2026-08-17 10:10:49.024580+00:00
22469,FAC_301,postgres,faculty_db,faculty,300,v1,loaded,2026-08-17 10:10:49.024580+00:00
22470,FAC_302,postgres,faculty_db,faculty,301,v1,loaded,2026-08-17 10:10:49.024580+00:00
22471,FAC_303,postgres,faculty_db,faculty,302,v1,loaded,2026-08-17 10:10:49.024580+00:00
22472,FAC_304,postgres,faculty_db,faculty,303,v1,loaded,2026-08-17 10:10:49.024580+00:00
22473,FAC_305,postgres,faculty_db,faculty,304,v1,loaded,2026-08-17 10:10:49.024580+00:00
22474,FAC_306,postgres,faculty_db,faculty,305,v1,loaded,2026-08-17 10:10:49.024580+00:00
22475,FAC_307,postgres,faculty_db,faculty,306,v1,loaded,2026-08-17 10:10:49.024580+00:00
22476,FAC_308,postgres,faculty_db,faculty,307,v1,loaded,2026-08-17 10:10:49.024580+00:00
22477,FAC_309,postgres,faculty_db,faculty,308,v1,loaded,2026-08-17 10:10:49.024580+00:00
22478,FAC_310,postgres,faculty_db,faculty,309,v1,loaded,2026-08-17 10:10:49.024580+00:00
22479,FAC_311,postgres,faculty_db,faculty,310,v1,loaded,2026-08-17 10:10:49.024580+00:00
22480,FAC_312,postgres,faculty_db,faculty,311,v1,loaded,2026-08-17 10:10:49.024580+00:00
22481,FAC_313,postgres,faculty_db,faculty,312,v1,loaded,2026-08-17 10:10:49.024580+00:00
22482,FAC_314,postgres,faculty_db,faculty,313,v1,loaded,2026-08-17 10:10:49.024580+00:00
22483,FAC_315,postgres,faculty_db,faculty,314,v1,loaded,2026-08-17 10:10:49.024580+00:00
22484,FAC_316,postgres,faculty_db,faculty,315,v1,loaded,2026-08-17 10:10:49.024580+00:00
22485,FAC_317,postgres,faculty_db,faculty,316,v1,loaded,2026-08-17 10:10:49.024580+00:00
22486,FAC_318,postgres,faculty_db,faculty,317,v1,loaded,2026-08-17 10:10:49.024580+00:00
22487,FAC_319,postgres,faculty_db,faculty,318,v1,loaded,2026-08-17 10:10:49.024580+00:00
22488,FAC_320,postgres,faculty_db,faculty,319,v1,loaded,2026-08-17 10:10:49.024580+00:00
22489,FAC_321,postgres,faculty_db,faculty,320,v1,loaded,2026-08-17 10:10:49.024580+00:00
22490,FAC_322,postgres,faculty_db,faculty,321,v1,loaded,2026-08-17 10:10:49.024580+00:00
22491,FAC_323,postgres,faculty_db,faculty,322,v1,loaded,2026-08-17 10:10:49.024580+00:00
22492,FAC_324,postgres,faculty_db,faculty,323,v1,loaded,2026-08-17 10:10:49.024580+00:00
22493,FAC_325,postgres,faculty_db,faculty,324,v1,loaded,2026-08-17 10:10:49.024580+00:00
22494,FAC_326,postgres,faculty_db,faculty,325,v1,loaded,2026-08-17 10:10:49.024580+00:00
22495,FAC_327,postgres,faculty_db,faculty,326,v1,loaded,2026-08-17 10:10:49.024580+00:00
22496,FAC_328,postgres,faculty_db,faculty,327,v1,loaded,2026-08-17 10:10:49.024580+00:00
22497,FAC_329,postgres,faculty_db,faculty,328,v1,loaded,2026-08-17 10:10:49.024580+00:00
22498,FAC_330,postgres,faculty_db,faculty,329,v1,loaded,2026-08-17 10:10:49.024580+00:00
22499,FAC_331,postgres,faculty_db,faculty,330,v1,loaded,2026-08-17 10:10:49.024580+00:00
22500,FAC_332,postgres,faculty_db,faculty,331,v1,loaded,2026-08-17 10:10:49.024580+00:00
22501,FAC_333,postgres,faculty_db,faculty,332,v1,loaded,2026-08-17 10:10:49.024580+00:00
22502,FAC_334,postgres,faculty_db,faculty,333,v1,loaded,2026-08-17 10:10:49.024580+00:00
22503,FAC_335,postgres,faculty_db,faculty,334,v1,loaded,2026-08-17 10:10:49.024580+00:00
22504,FAC_336,postgres,faculty_db,faculty,335,v1,loaded,2026-08-17 10:10:49.024580+00:00
22505,FAC_337,postgres,faculty_db,faculty,336,v1,loaded,2026-08-17 10:10:49.024580+00:00
22506,FAC_338,postgres,faculty_db,faculty,337,v1,loaded,2026-08-17 10:10:49.024580+00:00
22507,FAC_339,postgres,faculty_db,faculty,338,v1,loaded,2026-08-17 10:10:49.024580+00:00
22508,FAC_340,postgres,faculty_db,faculty,339,v1,loaded,2026-08-17 10:10:49.024580+00:00
22509,FAC_341,postgres,faculty_db,faculty,340,v1,loaded,2026-08-17 10:10:49.024580+00:00
22510,FAC_342,postgres,faculty_db,faculty,341,v1,loaded,2026-08-17 10:10:49.024580+00:00
22511,FAC_343,postgres,faculty_db,faculty,342,v1,loaded,2026-08-17 10:10:49.024580+00:00
22512,FAC_344,postgres,faculty_db,faculty,343,v1,loaded,2026-08-17 10:10:49.024580+00:00
22513,FAC_345,postgres,faculty_db,faculty,344,v1,loaded,2026-08-17 10:10:49.024580+00:00
22514,FAC_346,postgres,faculty_db,faculty,345,v1,loaded,2026-08-17 10:10:49.024580+00:00
22515,FAC_347,postgres,faculty_db,faculty,346,v1,loaded,2026-08-17 10:10:49.024580+00:00
22516,FAC_348,postgres,faculty_db,faculty,347,v1,loaded,2026-08-17 10:10:49.024580+00:00
22517,FAC_349,postgres,faculty_db,faculty,348,v1,loaded,2026-08-17 10:10:49.024580+00:00
22518,FAC_350,postgres,faculty_db,faculty,349,v1,loaded,2026-08-17 10:10:49.024580+00:00
22519,FAC_351,postgres,faculty_db,faculty,350,v1,loaded,2026-08-17 10:10:49.024580+00:00
22520,FAC_352,postgres,faculty_db,faculty,351,v1,loaded,2026-08-17 10:10:49.024580+00:00
22521,FAC_353,postgres,faculty_db,faculty,352,v1,loaded,2026-08-17 10:10:49.024580+00:00
22522,FAC_354,postgres,faculty_db,faculty,353,v1,loaded,2026-08-17 10:10:49.024580+00:00
22523,FAC_355,postgres,faculty_db,faculty,354,v1,loaded,2026-08-17 10:10:49.024580+00:00
22524,FAC_356,postgres,faculty_db,faculty,355,v1,loaded,2026-08-17 10:10:49.024580+00:00
22525,FAC_357,postgres,faculty_db,faculty,356,v1,loaded,2026-08-17 10:10:49.024580+00:00
22526,FAC_358,postgres,faculty_db,faculty,357,v1,loaded,2026-08-17 10:10:49.024580+00:00
22527,FAC_359,postgres,faculty_db,faculty,358,v1,loaded,2026-08-17 10:10:49.024580+00:00
22528,FAC_360,postgres,faculty_db,faculty,359,v1,loaded,2026-08-17 10:10:49.024580+00:00
22529,FAC_361,postgres,faculty_db,faculty,360,v1,loaded,2026-08-17 10:10:49.024580+00:00
22530,FAC_362,postgres,faculty_db,faculty,361,v1,loaded,2026-08-17 10:10:49.024580+00:00
22531,FAC_363,postgres,faculty_db,faculty,362,v1,loaded,2026-08-17 10:10:49.024580+00:00
22532,FAC_364,postgres,faculty_db,faculty,363,v1,loaded,2026-08-17 10:10:49.024580+00:00
22533,FAC_365,postgres,faculty_db,faculty,364,v1,loaded,2026-08-17 10:10:49.024580+00:00
22534,FAC_366,postgres,faculty_db,faculty,365,v1,loaded,2026-08-17 10:10:49.024580+00:00
22535,FAC_367,postgres,faculty_db,faculty,366,v1,loaded,2026-08-17 10:10:49.024580+00:00
22536,FAC_368,postgres,faculty_db,faculty,367,v1,loaded,2026-08-17 10:10:49.024580+00:00
22537,FAC_369,postgres,faculty_db,faculty,368,v1,loaded,2026-08-17 10:10:49.024580+00:00
22538,FAC_370,postgres,faculty_db,faculty,369,v1,loaded,2026-08-17 10:10:49.024580+00:00
22539,FAC_371,postgres,faculty_db,faculty,370,v1,loaded,2026-08-17 10:10:49.024580+00:00
22540,FAC_372,postgres,faculty_db,faculty,371,v1,loaded,2026-08-17 10:10:49.024580+00:00
22541,FAC_373,postgres,faculty_db,faculty,372,v1,loaded,2026-08-17 10:10:49.024580+00:00
22542,FAC_374,postgres,faculty_db,faculty,373,v1,loaded,2026-08-17 10:10:49.024580+00:00
22543,FAC_375,postgres,faculty_db,faculty,374,v1,loaded,2026-08-17 10:10:49.024580+00:00
22544,FAC_376,postgres,faculty_db,faculty,375,v1,loaded,2026-08-17 10:10:49.024580+00:00
22545,FAC_377,postgres,faculty_db,faculty,376,v1,loaded,2026-08-17 10:10:49.024580+00:00
22546,FAC_378,postgres,faculty_db,faculty,377,v1,loaded,2026-08-17 10:10:49.024580+00:00
22547,FAC_379,postgres,faculty_db,faculty,378,v1,loaded,2026-08-17 10:10:49.024580+00:00
22548,FAC_380,postgres,faculty_db,faculty,379,v1,loaded,2026-08-17 10:10:49.024580+00:00
22549,FAC_381,postgres,faculty_db,faculty,380,v1,loaded,2026-08-17 10:10:49.024580+00:00
22550,FAC_382,postgres,faculty_db,faculty,381,v1,loaded,2026-08-17 10:10:49.024580+00:00
22551,FAC_383,postgres,faculty_db,faculty,382,v1,loaded,2026-08-17 10:10:49.024580+00:00
22552,FAC_384,postgres,faculty_db,faculty,383,v1,loaded,2026-08-17 10:10:49.024580+00:00
22553,FAC_385,postgres,faculty_db,faculty,384,v1,loaded,2026-08-17 10:10:49.024580+00:00
22554,FAC_386,postgres,faculty_db,faculty,385,v1,loaded,2026-08-17 10:10:49.024580+00:00
22555,FAC_387,postgres,faculty_db,faculty,386,v1,loaded,2026-08-17 10:10:49.024580+00:00
22556,FAC_388,postgres,faculty_db,faculty,387,v1,loaded,2026-08-17 10:10:49.024580+00:00
22557,FAC_389,postgres,faculty_db,faculty,388,v1,loaded,2026-08-17 10:10:49.024580+00:00
22558,FAC_390,postgres,faculty_db,faculty,389,v1,loaded,2026-08-17 10:10:49.024580+00:00
22559,FAC_391,postgres,faculty_db,faculty,390,v1,loaded,2026-08-17 10:10:49.024580+00:00
22560,FAC_392,postgres,faculty_db,faculty,391,v1,loaded,2026-08-17 10:10:49.024580+00:00
22561,FAC_393,postgres,faculty_db,faculty,392,v1,loaded,2026-08-17 10:10:49.024580+00:00
22562,FAC_394,postgres,faculty_db,faculty,393,v1,loaded,2026-08-17 10:10:49.024580+00:00
22563,FAC_395,postgres,faculty_db,faculty,394,v1,loaded,2026-08-17 10:10:49.024580+00:00
22564,FAC_396,postgres,faculty_db,faculty,395,v1,loaded,2026-08-17 10:10:49.024580+00:00
22565,FAC_397,postgres,faculty_db,faculty,396,v1,loaded,2026-08-17 10:10:49.024580+00:00
22566,FAC_398,postgres,faculty_db,faculty,397,v1,loaded,2026-08-17 10:10:49.024580+00:00
22567,FAC_399,postgres,faculty_db,faculty,398,v1,loaded,2026-08-17 10:10:49.024580+00:00
22568,FAC_400,postgres,faculty_db,faculty,399,v1,loaded,2026-08-17 10:10:49.024580+00:00
22569,FAC_401,postgres,faculty_db,faculty,400,v1,loaded,2026-08-17 10:10:49.024580+00:00
22570,FAC_402,postgres,faculty_db,faculty,401,v1,loaded,2026-08-17 10:10:49.024580+00:00
22571,FAC_403,postgres,faculty_db,faculty,402,v1,loaded,2026-08-17 10:10:49.024580+00:00
22572,FAC_404,postgres,faculty_db,faculty,403,v1,loaded,2026-08-17 10:10:49.024580+00:00
22573,FAC_405,postgres,faculty_db,faculty,404,v1,loaded,2026-08-17 10:10:49.024580+00:00
22574,FAC_406,postgres,faculty_db,faculty,405,v1,loaded,2026-08-17 10:10:49.024580+00:00
22575,FAC_407,postgres,faculty_db,faculty,406,v1,loaded,2026-08-17 10:10:49.024580+00:00
22576,FAC_408,postgres,faculty_db,faculty,407,v1,loaded,2026-08-17 10:10:49.024580+00:00
22577,FAC_409,postgres,faculty_db,faculty,408,v1,loaded,2026-08-17 10:10:49.024580+00:00
22578,FAC_410,postgres,faculty_db,faculty,409,v1,loaded,2026-08-17 10:10:49.024580+00:00
22579,FAC_411,postgres,faculty_db,faculty,410,v1,loaded,2026-08-17 10:10:49.024580+00:00
22580,FAC_412,postgres,faculty_db,faculty,411,v1,loaded,2026-08-17 10:10:49.024580+00:00
22581,FAC_413,postgres,faculty_db,faculty,412,v1,loaded,2026-08-17 10:10:49.024580+00:00
22582,FAC_414,postgres,faculty_db,faculty,413,v1,loaded,2026-08-17 10:10:49.024580+00:00
22583,FAC_415,postgres,faculty_db,faculty,414,v1,loaded,2026-08-17 10:10:49.024580+00:00
22584,FAC_416,postgres,faculty_db,faculty,415,v1,loaded,2026-08-17 10:10:49.024580+00:00
22585,FAC_417,postgres,faculty_db,faculty,416,v1,loaded,2026-08-17 10:10:49.024580+00:00
22586,FAC_418,postgres,faculty_db,faculty,417,v1,loaded,2026-08-17 10:10:49.024580+00:00
22587,FAC_419,postgres,faculty_db,faculty,418,v1,loaded,2026-08-17 10:10:49.024580+00:00
22588,FAC_420,postgres,faculty_db,faculty,419,v1,loaded,2026-08-17 10:10:49.024580+00:00
22589,FAC_421,postgres,faculty_db,faculty,420,v1,loaded,2026-08-17 10:10:49.024580+00:00
22590,FAC_422,postgres,faculty_db,faculty,421,v1,loaded,2026-08-17 10:10:49.024580+00:00
22591,FAC_423,postgres,faculty_db,faculty,422,v1,loaded,2026-08-17 10:10:49.024580+00:00
22592,FAC_424,postgres,faculty_db,faculty,423,v1,loaded,2026-08-17 10:10:49.024580+00:00
22593,FAC_425,postgres,faculty_db,faculty,424,v1,loaded,2026-08-17 10:10:49.024580+00:00
22594,FAC_426,postgres,faculty_db,faculty,425,v1,loaded,2026-08-17 10:10:49.024580+00:00
22595,FAC_427,postgres,faculty_db,faculty,426,v1,loaded,2026-08-17 10:10:49.024580+00:00
22596,FAC_428,postgres,faculty_db,faculty,427,v1,loaded,2026-08-17 10:10:49.024580+00:00
22597,FAC_429,postgres,faculty_db,faculty,428,v1,loaded,2026-08-17 10:10:49.024580+00:00
22598,FAC_430,postgres,faculty_db,faculty,429,v1,loaded,2026-08-17 10:10:49.024580+00:00
22599,FAC_431,postgres,faculty_db,faculty,430,v1,loaded,2026-08-17 10:10:49.024580+00:00
22600,FAC_432,postgres,faculty_db,faculty,431,v1,loaded,2026-08-17 10:10:49.024580+00:00
22601,FAC_433,postgres,faculty_db,faculty,432,v1,loaded,2026-08-17 10:10:49.024580+00:00
22602,FAC_434,postgres,faculty_db,faculty,433,v1,loaded,2026-08-17 10:10:49.024580+00:00
22603,FAC_435,postgres,faculty_db,faculty,434,v1,loaded,2026-08-17 10:10:49.024580+00:00
22604,FAC_436,postgres,faculty_db,faculty,435,v1,loaded,2026-08-17 10:10:49.024580+00:00
22605,FAC_437,postgres,faculty_db,faculty,436,v1,loaded,2026-08-17 10:10:49.024580+00:00
22606,FAC_438,postgres,faculty_db,faculty,437,v1,loaded,2026-08-17 10:10:49.024580+00:00
22607,FAC_439,postgres,faculty_db,faculty,438,v1,loaded,2026-08-17 10:10:49.024580+00:00
22608,FAC_440,postgres,faculty_db,faculty,439,v1,loaded,2026-08-17 10:10:49.024580+00:00
22609,FAC_441,postgres,faculty_db,faculty,440,v1,loaded,2026-08-17 10:10:49.024580+00:00
22610,FAC_442,postgres,faculty_db,faculty,441,v1,loaded,2026-08-17 10:10:49.024580+00:00
22611,FAC_443,postgres,faculty_db,faculty,442,v1,loaded,2026-08-17 10:10:49.024580+00:00
22612,FAC_444,postgres,faculty_db,faculty,443,v1,loaded,2026-08-17 10:10:49.024580+00:00
22613,FAC_445,postgres,faculty_db,faculty,444,v1,loaded,2026-08-17 10:10:49.024580+00:00
22614,FAC_446,postgres,faculty_db,faculty,445,v1,loaded,2026-08-17 10:10:49.024580+00:00
22615,FAC_447,postgres,faculty_db,faculty,446,v1,loaded,2026-08-17 10:10:49.024580+00:00
22616,FAC_448,postgres,faculty_db,faculty,447,v1,loaded,2026-08-17 10:10:49.024580+00:00
22617,FAC_449,postgres,faculty_db,faculty,448,v1,loaded,2026-08-17 10:10:49.024580+00:00
22618,FAC_450,postgres,faculty_db,faculty,449,v1,loaded,2026-08-17 10:10:49.024580+00:00
22619,FAC_451,postgres,faculty_db,faculty,450,v1,loaded,2026-08-17 10:10:49.024580+00:00
22620,FAC_452,postgres,faculty_db,faculty,451,v1,loaded,2026-08-17 10:10:49.024580+00:00
22621,FAC_453,postgres,faculty_db,faculty,452,v1,loaded,2026-08-17 10:10:49.024580+00:00
22622,FAC_454,postgres,faculty_db,faculty,453,v1,loaded,2026-08-17 10:10:49.024580+00:00
22623,FAC_455,postgres,faculty_db,faculty,454,v1,loaded,2026-08-17 10:10:49.024580+00:00
22624,FAC_456,postgres,faculty_db,faculty,455,v1,loaded,2026-08-17 10:10:49.024580+00:00
22625,FAC_457,postgres,faculty_db,faculty,456,v1,loaded,2026-08-17 10:10:49.024580+00:00
22626,FAC_458,postgres,faculty_db,faculty,457,v1,loaded,2026-08-17 10:10:49.024580+00:00
22627,FAC_459,postgres,faculty_db,faculty,458,v1,loaded,2026-08-17 10:10:49.024580+00:00
22628,FAC_460,postgres,faculty_db,faculty,459,v1,loaded,2026-08-17 10:10:49.024580+00:00
22629,FAC_461,postgres,faculty_db,faculty,460,v1,loaded,2026-08-17 10:10:49.024580+00:00
22630,FAC_462,postgres,faculty_db,faculty,461,v1,loaded,2026-08-17 10:10:49.024580+00:00
22631,FAC_463,postgres,faculty_db,faculty,462,v1,loaded,2026-08-17 10:10:49.024580+00:00
22632,FAC_464,postgres,faculty_db,faculty,463,v1,loaded,2026-08-17 10:10:49.024580+00:00
22633,FAC_465,postgres,faculty_db,faculty,464,v1,loaded,2026-08-17 10:10:49.024580+00:00
22634,FAC_466,postgres,faculty_db,faculty,465,v1,loaded,2026-08-17 10:10:49.024580+00:00
22635,FAC_467,postgres,faculty_db,faculty,466,v1,loaded,2026-08-17 10:10:49.024580+00:00
22636,FAC_468,postgres,faculty_db,faculty,467,v1,loaded,2026-08-17 10:10:49.024580+00:00
22637,FAC_469,postgres,faculty_db,faculty,468,v1,loaded,2026-08-17 10:10:49.024580+00:00
22638,FAC_470,postgres,faculty_db,faculty,469,v1,loaded,2026-08-17 10:10:49.024580+00:00
22639,FAC_471,postgres,faculty_db,faculty,470,v1,loaded,2026-08-17 10:10:49.024580+00:00
22640,FAC_472,postgres,faculty_db,faculty,471,v1,loaded,2026-08-17 10:10:49.024580+00:00
22641,FAC_473,postgres,faculty_db,faculty,472,v1,loaded,2026-08-17 10:10:49.024580+00:00
22642,FAC_474,postgres,faculty_db,faculty,473,v1,loaded,2026-08-17 10:10:49.024580+00:00
22643,FAC_475,postgres,faculty_db,faculty,474,v1,loaded,2026-08-17 10:10:49.024580+00:00
22644,FAC_476,postgres,faculty_db,faculty,475,v1,loaded,2026-08-17 10:10:49.024580+00:00
22645,FAC_477,postgres,faculty_db,faculty,476,v1,loaded,2026-08-17 10:10:49.024580+00:00
22646,FAC_478,postgres,faculty_db,faculty,477,v1,loaded,2026-08-17 10:10:49.024580+00:00
22647,FAC_479,postgres,faculty_db,faculty,478,v1,loaded,2026-08-17 10:10:49.024580+00:00
22648,FAC_480,postgres,faculty_db,faculty,479,v1,loaded,2026-08-17 10:10:49.024580+00:00
22649,FAC_481,postgres,faculty_db,faculty,480,v1,loaded,2026-08-17 10:10:49.024580+00:00
22650,FAC_482,postgres,faculty_db,faculty,481,v1,loaded,2026-08-17 10:10:49.024580+00:00
22651,FAC_483,postgres,faculty_db,faculty,482,v1,loaded,2026-08-17 10:10:49.024580+00:00
22652,FAC_484,postgres,faculty_db,faculty,483,v1,loaded,2026-08-17 10:10:49.024580+00:00
22653,FAC_485,postgres,faculty_db,faculty,484,v1,loaded,2026-08-17 10:10:49.024580+00:00
22654,FAC_486,postgres,faculty_db,faculty,485,v1,loaded,2026-08-17 10:10:49.024580+00:00
22655,FAC_487,postgres,faculty_db,faculty,486,v1,loaded,2026-08-17 10:10:49.024580+00:00
22656,FAC_488,postgres,faculty_db,faculty,487,v1,loaded,2026-08-17 10:10:49.024580+00:00
22657,FAC_489,postgres,faculty_db,faculty,488,v1,loaded,2026-08-17 10:10:49.024580+00:00
22658,FAC_490,postgres,faculty_db,faculty,489,v1,loaded,2026-08-17 10:10:49.024580+00:00
22659,FAC_491,postgres,faculty_db,faculty,490,v1,loaded,2026-08-17 10:10:49.024580+00:00
22660,FAC_492,postgres,faculty_db,faculty,491,v1,loaded,2026-08-17 10:10:49.024580+00:00
22661,FAC_493,postgres,faculty_db,faculty,492,v1,loaded,2026-08-17 10:10:49.024580+00:00
22662,FAC_494,postgres,faculty_db,faculty,493,v1,loaded,2026-08-17 10:10:49.024580+00:00
22663,FAC_495,postgres,faculty_db,faculty,494,v1,loaded,2026-08-17 10:10:49.024580+00:00
22664,FAC_496,postgres,faculty_db,faculty,495,v1,loaded,2026-08-17 10:10:49.024580+00:00
22665,FAC_497,postgres,faculty_db,faculty,496,v1,loaded,2026-08-17 10:10:49.024580+00:00
22666,FAC_498,postgres,faculty_db,faculty,497,v1,loaded,2026-08-17 10:10:49.024580+00:00
22667,FAC_499,postgres,faculty_db,faculty,498,v1,loaded,2026-08-17 10:10:49.024580+00:00
22668,FAC_500,postgres,faculty_db,faculty,499,v1,loaded,2026-08-17 10:10:49.024580+00:00
22669,FAC_501,postgres,faculty_db,faculty,500,v1,loaded,2026-08-17 10:10:49.024580+00:00
22670,FAC_502,postgres,faculty_db,faculty,501,v1,loaded,2026-08-17 10:10:49.024580+00:00
22671,FAC_503,postgres,faculty_db,faculty,502,v1,loaded,2026-08-17 10:10:49.024580+00:00
22672,FAC_504,postgres,faculty_db,faculty,503,v1,loaded,2026-08-17 10:10:49.024580+00:00
22673,FAC_505,postgres,faculty_db,faculty,504,v1,loaded,2026-08-17 10:10:49.024580+00:00
22674,FAC_506,postgres,faculty_db,faculty,505,v1,loaded,2026-08-17 10:10:49.024580+00:00
22675,FAC_507,postgres,faculty_db,faculty,506,v1,loaded,2026-08-17 10:10:49.024580+00:00
22676,FAC_508,postgres,faculty_db,faculty,507,v1,loaded,2026-08-17 10:10:49.024580+00:00
22677,FAC_509,postgres,faculty_db,faculty,508,v1,loaded,2026-08-17 10:10:49.024580+00:00
22678,FAC_510,postgres,faculty_db,faculty,509,v1,loaded,2026-08-17 10:10:49.024580+00:00
22679,FAC_511,postgres,faculty_db,faculty,510,v1,loaded,2026-08-17 10:10:49.024580+00:00
22680,FAC_512,postgres,faculty_db,faculty,511,v1,loaded,2026-08-17 10:10:49.024580+00:00
22681,FAC_513,postgres,faculty_db,faculty,512,v1,loaded,2026-08-17 10:10:49.024580+00:00
22682,FAC_514,postgres,faculty_db,faculty,513,v1,loaded,2026-08-17 10:10:49.024580+00:00
22683,FAC_515,postgres,faculty_db,faculty,514,v1,loaded,2026-08-17 10:10:49.024580+00:00
22684,FAC_516,postgres,faculty_db,faculty,515,v1,loaded,2026-08-17 10:10:49.024580+00:00
22685,FAC_517,postgres,faculty_db,faculty,516,v1,loaded,2026-08-17 10:10:49.024580+00:00
22686,FAC_518,postgres,faculty_db,faculty,517,v1,loaded,2026-08-17 10:10:49.024580+00:00
22687,FAC_519,postgres,faculty_db,faculty,518,v1,loaded,2026-08-17 10:10:49.024580+00:00
22688,FAC_520,postgres,faculty_db,faculty,519,v1,loaded,2026-08-17 10:10:49.024580+00:00
22689,FAC_521,postgres,faculty_db,faculty,520,v1,loaded,2026-08-17 10:10:49.024580+00:00
22690,FAC_522,postgres,faculty_db,faculty,521,v1,loaded,2026-08-17 10:10:49.024580+00:00
22691,FAC_523,postgres,faculty_db,faculty,522,v1,loaded,2026-08-17 10:10:49.024580+00:00
22692,FAC_524,postgres,faculty_db,faculty,523,v1,loaded,2026-08-17 10:10:49.024580+00:00
22693,FAC_525,postgres,faculty_db,faculty,524,v1,loaded,2026-08-17 10:10:49.024580+00:00
22694,FAC_526,postgres,faculty_db,faculty,525,v1,loaded,2026-08-17 10:10:49.024580+00:00
22695,FAC_527,postgres,faculty_db,faculty,526,v1,loaded,2026-08-17 10:10:49.024580+00:00
22696,FAC_528,postgres,faculty_db,faculty,527,v1,loaded,2026-08-17 10:10:49.024580+00:00
22697,FAC_529,postgres,faculty_db,faculty,528,v1,loaded,2026-08-17 10:10:49.024580+00:00
22698,FAC_530,postgres,faculty_db,faculty,529,v1,loaded,2026-08-17 10:10:49.024580+00:00
22699,FAC_531,postgres,faculty_db,faculty,530,v1,loaded,2026-08-17 10:10:49.024580+00:00
22700,FAC_532,postgres,faculty_db,faculty,531,v1,loaded,2026-08-17 10:10:49.024580+00:00
22701,FAC_533,postgres,faculty_db,faculty,532,v1,loaded,2026-08-17 10:10:49.024580+00:00
22702,FAC_534,postgres,faculty_db,faculty,533,v1,loaded,2026-08-17 10:10:49.024580+00:00
22703,FAC_535,postgres,faculty_db,faculty,534,v1,loaded,2026-08-17 10:10:49.024580+00:00
22704,FAC_536,postgres,faculty_db,faculty,535,v1,loaded,2026-08-17 10:10:49.024580+00:00
22705,FAC_537,postgres,faculty_db,faculty,536,v1,loaded,2026-08-17 10:10:49.024580+00:00
22706,FAC_538,postgres,faculty_db,faculty,537,v1,loaded,2026-08-17 10:10:49.024580+00:00
22707,FAC_539,postgres,faculty_db,faculty,538,v1,loaded,2026-08-17 10:10:49.024580+00:00
22708,FAC_540,postgres,faculty_db,faculty,539,v1,loaded,2026-08-17 10:10:49.024580+00:00
22709,FAC_541,postgres,faculty_db,faculty,540,v1,loaded,2026-08-17 10:10:49.024580+00:00
22710,FAC_542,postgres,faculty_db,faculty,541,v1,loaded,2026-08-17 10:10:49.024580+00:00
22711,FAC_543,postgres,faculty_db,faculty,542,v1,loaded,2026-08-17 10:10:49.024580+00:00
22712,FAC_544,postgres,faculty_db,faculty,543,v1,loaded,2026-08-17 10:10:49.024580+00:00
22713,FAC_545,postgres,faculty_db,faculty,544,v1,loaded,2026-08-17 10:10:49.024580+00:00
22714,FAC_546,postgres,faculty_db,faculty,545,v1,loaded,2026-08-17 10:10:49.024580+00:00
22715,FAC_547,postgres,faculty_db,faculty,546,v1,loaded,2026-08-17 10:10:49.024580+00:00
22716,FAC_548,postgres,faculty_db,faculty,547,v1,loaded,2026-08-17 10:10:49.024580+00:00
22717,FAC_549,postgres,faculty_db,faculty,548,v1,loaded,2026-08-17 10:10:49.024580+00:00
22718,FAC_550,postgres,faculty_db,faculty,549,v1,loaded,2026-08-17 10:10:49.024580+00:00
22719,FAC_551,postgres,faculty_db,faculty,550,v1,loaded,2026-08-17 10:10:49.024580+00:00
22720,FAC_552,postgres,faculty_db,faculty,551,v1,loaded,2026-08-17 10:10:49.024580+00:00
22721,FAC_553,postgres,faculty_db,faculty,552,v1,loaded,2026-08-17 10:10:49.024580+00:00
22722,FAC_554,postgres,faculty_db,faculty,553,v1,loaded,2026-08-17 10:10:49.024580+00:00
22723,FAC_555,postgres,faculty_db,faculty,554,v1,loaded,2026-08-17 10:10:49.024580+00:00
22724,FAC_556,postgres,faculty_db,faculty,555,v1,loaded,2026-08-17 10:10:49.024580+00:00
22725,FAC_557,postgres,faculty_db,faculty,556,v1,loaded,2026-08-17 10:10:49.024580+00:00
22726,FAC_558,postgres,faculty_db,faculty,557,v1,loaded,2026-08-17 10:10:49.024580+00:00
22727,FAC_559,postgres,faculty_db,faculty,558,v1,loaded,2026-08-17 10:10:49.024580+00:00
22728,FAC_560,postgres,faculty_db,faculty,559,v1,loaded,2026-08-17 10:10:49.024580+00:00
22729,FAC_561,postgres,faculty_db,faculty,560,v1,loaded,2026-08-17 10:10:49.024580+00:00
22730,FAC_562,postgres,faculty_db,faculty,561,v1,loaded,2026-08-17 10:10:49.024580+00:00
22731,FAC_563,postgres,faculty_db,faculty,562,v1,loaded,2026-08-17 10:10:49.024580+00:00
22732,FAC_564,postgres,faculty_db,faculty,563,v1,loaded,2026-08-17 10:10:49.024580+00:00
22733,FAC_565,postgres,faculty_db,faculty,564,v1,loaded,2026-08-17 10:10:49.024580+00:00
22734,FAC_566,postgres,faculty_db,faculty,565,v1,loaded,2026-08-17 10:10:49.024580+00:00
22735,FAC_567,postgres,faculty_db,faculty,566,v1,loaded,2026-08-17 10:10:49.024580+00:00
22736,FAC_568,postgres,faculty_db,faculty,567,v1,loaded,2026-08-17 10:10:49.024580+00:00
22737,FAC_569,postgres,faculty_db,faculty,568,v1,loaded,2026-08-17 10:10:49.024580+00:00
22738,FAC_570,postgres,faculty_db,faculty,569,v1,loaded,2026-08-17 10:10:49.024580+00:00
22739,FAC_571,postgres,faculty_db,faculty,570,v1,loaded,2026-08-17 10:10:49.024580+00:00
22740,FAC_572,postgres,faculty_db,faculty,571,v1,loaded,2026-08-17 10:10:49.024580+00:00
22741,FAC_573,postgres,faculty_db,faculty,572,v1,loaded,2026-08-17 10:10:49.024580+00:00
22742,FAC_574,postgres,faculty_db,faculty,573,v1,loaded,2026-08-17 10:10:49.024580+00:00
22743,FAC_575,postgres,faculty_db,faculty,574,v1,loaded,2026-08-17 10:10:49.024580+00:00
22744,FAC_576,postgres,faculty_db,faculty,575,v1,loaded,2026-08-17 10:10:49.024580+00:00
22745,FAC_577,postgres,faculty_db,faculty,576,v1,loaded,2026-08-17 10:10:49.024580+00:00
22746,FAC_578,postgres,faculty_db,faculty,577,v1,loaded,2026-08-17 10:10:49.024580+00:00
22747,FAC_579,postgres,faculty_db,faculty,578,v1,loaded,2026-08-17 10:10:49.024580+00:00
22748,FAC_580,postgres,faculty_db,faculty,579,v1,loaded,2026-08-17 10:10:49.024580+00:00
22749,FAC_581,postgres,faculty_db,faculty,580,v1,loaded,2026-08-17 10:10:49.024580+00:00
22750,FAC_582,postgres,faculty_db,faculty,581,v1,loaded,2026-08-17 10:10:49.024580+00:00
22751,FAC_583,postgres,faculty_db,faculty,582,v1,loaded,2026-08-17 10:10:49.024580+00:00
22752,FAC_584,postgres,faculty_db,faculty,583,v1,loaded,2026-08-17 10:10:49.024580+00:00
22753,FAC_585,postgres,faculty_db,faculty,584,v1,loaded,2026-08-17 10:10:49.024580+00:00
22754,FAC_586,postgres,faculty_db,faculty,585,v1,loaded,2026-08-17 10:10:49.024580+00:00
22755,FAC_587,postgres,faculty_db,faculty,586,v1,loaded,2026-08-17 10:10:49.024580+00:00
22756,FAC_588,postgres,faculty_db,faculty,587,v1,loaded,2026-08-17 10:10:49.024580+00:00
22757,FAC_589,postgres,faculty_db,faculty,588,v1,loaded,2026-08-17 10:10:49.024580+00:00
22758,FAC_590,postgres,faculty_db,faculty,589,v1,loaded,2026-08-17 10:10:49.024580+00:00
22759,FAC_591,postgres,faculty_db,faculty,590,v1,loaded,2026-08-17 10:10:49.024580+00:00
22760,FAC_592,postgres,faculty_db,faculty,591,v1,loaded,2026-08-17 10:10:49.024580+00:00
22761,FAC_593,postgres,faculty_db,faculty,592,v1,loaded,2026-08-17 10:10:49.024580+00:00
22762,FAC_594,postgres,faculty_db,faculty,593,v1,loaded,2026-08-17 10:10:49.024580+00:00
22763,FAC_595,postgres,faculty_db,faculty,594,v1,loaded,2026-08-17 10:10:49.024580+00:00
22764,FAC_596,postgres,faculty_db,faculty,595,v1,loaded,2026-08-17 10:10:49.024580+00:00
22765,FAC_597,postgres,faculty_db,faculty,596,v1,loaded,2026-08-17 10:10:49.024580+00:00
22766,FAC_598,postgres,faculty_db,faculty,597,v1,loaded,2026-08-17 10:10:49.024580+00:00
22767,FAC_599,postgres,faculty_db,faculty,598,v1,loaded,2026-08-17 10:10:49.024580+00:00
22768,FAC_600,postgres,faculty_db,faculty,599,v1,loaded,2026-08-17 10:10:49.024580+00:00
22769,FAC_601,postgres,faculty_db,faculty,600,v1,loaded,2026-08-17 10:10:49.024580+00:00
22770,FAC_602,postgres,faculty_db,faculty,601,v1,loaded,2026-08-17 10:10:49.024580+00:00
22771,FAC_603,postgres,faculty_db,faculty,602,v1,loaded,2026-08-17 10:10:49.024580+00:00
22772,FAC_604,postgres,faculty_db,faculty,603,v1,loaded,2026-08-17 10:10:49.024580+00:00
22773,FAC_605,postgres,faculty_db,faculty,604,v1,loaded,2026-08-17 10:10:49.024580+00:00
22774,FAC_606,postgres,faculty_db,faculty,605,v1,loaded,2026-08-17 10:10:49.024580+00:00
22775,FAC_607,postgres,faculty_db,faculty,606,v1,loaded,2026-08-17 10:10:49.024580+00:00
22776,FAC_608,postgres,faculty_db,faculty,607,v1,loaded,2026-08-17 10:10:49.024580+00:00
22777,FAC_609,postgres,faculty_db,faculty,608,v1,loaded,2026-08-17 10:10:49.024580+00:00
22778,FAC_610,postgres,faculty_db,faculty,609,v1,loaded,2026-08-17 10:10:49.024580+00:00
22779,FAC_611,postgres,faculty_db,faculty,610,v1,loaded,2026-08-17 10:10:49.024580+00:00
22780,FAC_612,postgres,faculty_db,faculty,611,v1,loaded,2026-08-17 10:10:49.024580+00:00
22781,FAC_613,postgres,faculty_db,faculty,612,v1,loaded,2026-08-17 10:10:49.024580+00:00
22782,FAC_614,postgres,faculty_db,faculty,613,v1,loaded,2026-08-17 10:10:49.024580+00:00
22783,FAC_615,postgres,faculty_db,faculty,614,v1,loaded,2026-08-17 10:10:49.024580+00:00
22784,FAC_616,postgres,faculty_db,faculty,615,v1,loaded,2026-08-17 10:10:49.024580+00:00
22785,FAC_617,postgres,faculty_db,faculty,616,v1,loaded,2026-08-17 10:10:49.024580+00:00
22786,FAC_618,postgres,faculty_db,faculty,617,v1,loaded,2026-08-17 10:10:49.024580+00:00
22787,FAC_619,postgres,faculty_db,faculty,618,v1,loaded,2026-08-17 10:10:49.024580+00:00
22788,FAC_620,postgres,faculty_db,faculty,619,v1,loaded,2026-08-17 10:10:49.024580+00:00
22789,FAC_621,postgres,faculty_db,faculty,620,v1,loaded,2026-08-17 10:10:49.024580+00:00
22790,FAC_622,postgres,faculty_db,faculty,621,v1,loaded,2026-08-17 10:10:49.024580+00:00
22791,FAC_623,postgres,faculty_db,faculty,622,v1,loaded,2026-08-17 10:10:49.024580+00:00
22792,FAC_624,postgres,faculty_db,faculty,623,v1,loaded,2026-08-17 10:10:49.024580+00:00
22793,FAC_625,postgres,faculty_db,faculty,624,v1,loaded,2026-08-17 10:10:49.024580+00:00
22794,FAC_626,postgres,faculty_db,faculty,625,v1,loaded,2026-08-17 10:10:49.024580+00:00
22795,FAC_627,postgres,faculty_db,faculty,626,v1,loaded,2026-08-17 10:10:49.024580+00:00
22796,FAC_628,postgres,faculty_db,faculty,627,v1,loaded,2026-08-17 10:10:49.024580+00:00
22797,FAC_629,postgres,faculty_db,faculty,628,v1,loaded,2026-08-17 10:10:49.024580+00:00
22798,FAC_630,postgres,faculty_db,faculty,629,v1,loaded,2026-08-17 10:10:49.024580+00:00
22799,FAC_631,postgres,faculty_db,faculty,630,v1,loaded,2026-08-17 10:10:49.024580+00:00
22800,FAC_632,postgres,faculty_db,faculty,631,v1,loaded,2026-08-17 10:10:49.024580+00:00
22801,FAC_633,postgres,faculty_db,faculty,632,v1,loaded,2026-08-17 10:10:49.024580+00:00
22802,FAC_634,postgres,faculty_db,faculty,633,v1,loaded,2026-08-17 10:10:49.024580+00:00
22803,FAC_635,postgres,faculty_db,faculty,634,v1,loaded,2026-08-17 10:10:49.024580+00:00
22804,FAC_636,postgres,faculty_db,faculty,635,v1,loaded,2026-08-17 10:10:49.024580+00:00
22805,FAC_637,postgres,faculty_db,faculty,636,v1,loaded,2026-08-17 10:10:49.024580+00:00
22806,FAC_638,postgres,faculty_db,faculty,637,v1,loaded,2026-08-17 10:10:49.024580+00:00
22807,FAC_639,postgres,faculty_db,faculty,638,v1,loaded,2026-08-17 10:10:49.024580+00:00
22808,FAC_640,postgres,faculty_db,faculty,639,v1,loaded,2026-08-17 10:10:49.024580+00:00
22809,FAC_641,postgres,faculty_db,faculty,640,v1,loaded,2026-08-17 10:10:49.024580+00:00
22810,FAC_642,postgres,faculty_db,faculty,641,v1,loaded,2026-08-17 10:10:49.024580+00:00
22811,FAC_643,postgres,faculty_db,faculty,642,v1,loaded,2026-08-17 10:10:49.024580+00:00
22812,FAC_644,postgres,faculty_db,faculty,643,v1,loaded,2026-08-17 10:10:49.024580+00:00
22813,FAC_645,postgres,faculty_db,faculty,644,v1,loaded,2026-08-17 10:10:49.024580+00:00
22814,FAC_646,postgres,faculty_db,faculty,645,v1,loaded,2026-08-17 10:10:49.024580+00:00
22815,FAC_647,postgres,faculty_db,faculty,646,v1,loaded,2026-08-17 10:10:49.024580+00:00
22816,FAC_648,postgres,faculty_db,faculty,647,v1,loaded,2026-08-17 10:10:49.024580+00:00
22817,FAC_649,postgres,faculty_db,faculty,648,v1,loaded,2026-08-17 10:10:49.024580+00:00
22818,FAC_650,postgres,faculty_db,faculty,649,v1,loaded,2026-08-17 10:10:49.024580+00:00
22819,FAC_651,postgres,faculty_db,faculty,650,v1,loaded,2026-08-17 10:10:49.024580+00:00
22820,FAC_652,postgres,faculty_db,faculty,651,v1,loaded,2026-08-17 10:10:49.024580+00:00
22821,FAC_653,postgres,faculty_db,faculty,652,v1,loaded,2026-08-17 10:10:49.024580+00:00
22822,FAC_654,postgres,faculty_db,faculty,653,v1,loaded,2026-08-17 10:10:49.024580+00:00
22823,FAC_655,postgres,faculty_db,faculty,654,v1,loaded,2026-08-17 10:10:49.024580+00:00
22824,FAC_656,postgres,faculty_db,faculty,655,v1,loaded,2026-08-17 10:10:49.024580+00:00
22825,FAC_657,postgres,faculty_db,faculty,656,v1,loaded,2026-08-17 10:10:49.024580+00:00
22826,FAC_658,postgres,faculty_db,faculty,657,v1,loaded,2026-08-17 10:10:49.024580+00:00
22827,FAC_659,postgres,faculty_db,faculty,658,v1,loaded,2026-08-17 10:10:49.024580+00:00
22828,FAC_660,postgres,faculty_db,faculty,659,v1,loaded,2026-08-17 10:10:49.024580+00:00
22829,FAC_661,postgres,faculty_db,faculty,660,v1,loaded,2026-08-17 10:10:49.024580+00:00
22830,FAC_662,postgres,faculty_db,faculty,661,v1,loaded,2026-08-17 10:10:49.024580+00:00
22831,FAC_663,postgres,faculty_db,faculty,662,v1,loaded,2026-08-17 10:10:49.024580+00:00
22832,FAC_664,postgres,faculty_db,faculty,663,v1,loaded,2026-08-17 10:10:49.024580+00:00
22833,FAC_665,postgres,faculty_db,faculty,664,v1,loaded,2026-08-17 10:10:49.024580+00:00
22834,FAC_666,postgres,faculty_db,faculty,665,v1,loaded,2026-08-17 10:10:49.024580+00:00
22835,FAC_667,postgres,faculty_db,faculty,666,v1,loaded,2026-08-17 10:10:49.024580+00:00
22836,FAC_668,postgres,faculty_db,faculty,667,v1,loaded,2026-08-17 10:10:49.024580+00:00
22837,FAC_669,postgres,faculty_db,faculty,668,v1,loaded,2026-08-17 10:10:49.024580+00:00
22838,FAC_670,postgres,faculty_db,faculty,669,v1,loaded,2026-08-17 10:10:49.024580+00:00
22839,FAC_671,postgres,faculty_db,faculty,670,v1,loaded,2026-08-17 10:10:49.024580+00:00
22840,FAC_672,postgres,faculty_db,faculty,671,v1,loaded,2026-08-17 10:10:49.024580+00:00
22841,FAC_673,postgres,faculty_db,faculty,672,v1,loaded,2026-08-17 10:10:49.024580+00:00
22842,FAC_674,postgres,faculty_db,faculty,673,v1,loaded,2026-08-17 10:10:49.024580+00:00
22843,FAC_675,postgres,faculty_db,faculty,674,v1,loaded,2026-08-17 10:10:49.024580+00:00
22844,FAC_676,postgres,faculty_db,faculty,675,v1,loaded,2026-08-17 10:10:49.024580+00:00
22845,FAC_677,postgres,faculty_db,faculty,676,v1,loaded,2026-08-17 10:10:49.024580+00:00
22846,FAC_678,postgres,faculty_db,faculty,677,v1,loaded,2026-08-17 10:10:49.024580+00:00
22847,FAC_679,postgres,faculty_db,faculty,678,v1,loaded,2026-08-17 10:10:49.024580+00:00
22848,FAC_680,postgres,faculty_db,faculty,679,v1,loaded,2026-08-17 10:10:49.024580+00:00
22849,FAC_681,postgres,faculty_db,faculty,680,v1,loaded,2026-08-17 10:10:49.024580+00:00
22850,FAC_682,postgres,faculty_db,faculty,681,v1,loaded,2026-08-17 10:10:49.024580+00:00
22851,FAC_683,postgres,faculty_db,faculty,682,v1,loaded,2026-08-17 10:10:49.024580+00:00
22852,FAC_684,postgres,faculty_db,faculty,683,v1,loaded,2026-08-17 10:10:49.024580+00:00
22853,FAC_685,postgres,faculty_db,faculty,684,v1,loaded,2026-08-17 10:10:49.024580+00:00
22854,FAC_686,postgres,faculty_db,faculty,685,v1,loaded,2026-08-17 10:10:49.024580+00:00
22855,FAC_687,postgres,faculty_db,faculty,686,v1,loaded,2026-08-17 10:10:49.024580+00:00
22856,FAC_688,postgres,faculty_db,faculty,687,v1,loaded,2026-08-17 10:10:49.024580+00:00
22857,FAC_689,postgres,faculty_db,faculty,688,v1,loaded,2026-08-17 10:10:49.024580+00:00
22858,FAC_690,postgres,faculty_db,faculty,689,v1,loaded,2026-08-17 10:10:49.024580+00:00
22859,FAC_691,postgres,faculty_db,faculty,690,v1,loaded,2026-08-17 10:10:49.024580+00:00
22860,FAC_692,postgres,faculty_db,faculty,691,v1,loaded,2026-08-17 10:10:49.024580+00:00
22861,FAC_693,postgres,faculty_db,faculty,692,v1,loaded,2026-08-17 10:10:49.024580+00:00
22862,FAC_694,postgres,faculty_db,faculty,693,v1,loaded,2026-08-17 10:10:49.024580+00:00
22863,FAC_695,postgres,faculty_db,faculty,694,v1,loaded,2026-08-17 10:10:49.024580+00:00
22864,FAC_696,postgres,faculty_db,faculty,695,v1,loaded,2026-08-17 10:10:49.024580+00:00
22865,FAC_697,postgres,faculty_db,faculty,696,v1,loaded,2026-08-17 10:10:49.024580+00:00
22866,FAC_698,postgres,faculty_db,faculty,697,v1,loaded,2026-08-17 10:10:49.024580+00:00
22867,FAC_699,postgres,faculty_db,faculty,698,v1,loaded,2026-08-17 10:10:49.024580+00:00
22868,FAC_700,postgres,faculty_db,faculty,699,v1,loaded,2026-08-17 10:10:49.024580+00:00
22869,FAC_701,postgres,faculty_db,faculty,700,v1,loaded,2026-08-17 10:10:49.024580+00:00
22870,FAC_702,postgres,faculty_db,faculty,701,v1,loaded,2026-08-17 10:10:49.024580+00:00
22871,FAC_703,postgres,faculty_db,faculty,702,v1,loaded,2026-08-17 10:10:49.024580+00:00
22872,FAC_704,postgres,faculty_db,faculty,703,v1,loaded,2026-08-17 10:10:49.024580+00:00
22873,FAC_705,postgres,faculty_db,faculty,704,v1,loaded,2026-08-17 10:10:49.024580+00:00
22874,FAC_706,postgres,faculty_db,faculty,705,v1,loaded,2026-08-17 10:10:49.024580+00:00
22875,FAC_707,postgres,faculty_db,faculty,706,v1,loaded,2026-08-17 10:10:49.024580+00:00
22876,FAC_708,postgres,faculty_db,faculty,707,v1,loaded,2026-08-17 10:10:49.024580+00:00
22877,FAC_709,postgres,faculty_db,faculty,708,v1,loaded,2026-08-17 10:10:49.024580+00:00
22878,FAC_710,postgres,faculty_db,faculty,709,v1,loaded,2026-08-17 10:10:49.024580+00:00
22879,FAC_711,postgres,faculty_db,faculty,710,v1,loaded,2026-08-17 10:10:49.024580+00:00
22880,FAC_712,postgres,faculty_db,faculty,711,v1,loaded,2026-08-17 10:10:49.024580+00:00
22881,FAC_713,postgres,faculty_db,faculty,712,v1,loaded,2026-08-17 10:10:49.024580+00:00
22882,FAC_714,postgres,faculty_db,faculty,713,v1,loaded,2026-08-17 10:10:49.024580+00:00
22883,FAC_715,postgres,faculty_db,faculty,714,v1,loaded,2026-08-17 10:10:49.024580+00:00
22884,FAC_716,postgres,faculty_db,faculty,715,v1,loaded,2026-08-17 10:10:49.024580+00:00
22885,FAC_717,postgres,faculty_db,faculty,716,v1,loaded,2026-08-17 10:10:49.024580+00:00
22886,FAC_718,postgres,faculty_db,faculty,717,v1,loaded,2026-08-17 10:10:49.024580+00:00
22887,FAC_719,postgres,faculty_db,faculty,718,v1,loaded,2026-08-17 10:10:49.024580+00:00
22888,FAC_720,postgres,faculty_db,faculty,719,v1,loaded,2026-08-17 10:10:49.024580+00:00
22889,FAC_721,postgres,faculty_db,faculty,720,v1,loaded,2026-08-17 10:10:49.024580+00:00
22890,FAC_722,postgres,faculty_db,faculty,721,v1,loaded,2026-08-17 10:10:49.024580+00:00
22891,FAC_723,postgres,faculty_db,faculty,722,v1,loaded,2026-08-17 10:10:49.024580+00:00
22892,FAC_724,postgres,faculty_db,faculty,723,v1,loaded,2026-08-17 10:10:49.024580+00:00
22893,FAC_725,postgres,faculty_db,faculty,724,v1,loaded,2026-08-17 10:10:49.024580+00:00
22894,FAC_726,postgres,faculty_db,faculty,725,v1,loaded,2026-08-17 10:10:49.024580+00:00
22895,FAC_727,postgres,faculty_db,faculty,726,v1,loaded,2026-08-17 10:10:49.024580+00:00
22896,FAC_728,postgres,faculty_db,faculty,727,v1,loaded,2026-08-17 10:10:49.024580+00:00
22897,FAC_729,postgres,faculty_db,faculty,728,v1,loaded,2026-08-17 10:10:49.024580+00:00
22898,FAC_730,postgres,faculty_db,faculty,729,v1,loaded,2026-08-17 10:10:49.024580+00:00
22899,FAC_731,postgres,faculty_db,faculty,730,v1,loaded,2026-08-17 10:10:49.024580+00:00
22900,FAC_732,postgres,faculty_db,faculty,731,v1,loaded,2026-08-17 10:10:49.024580+00:00
22901,FAC_733,postgres,faculty_db,faculty,732,v1,loaded,2026-08-17 10:10:49.024580+00:00
22902,FAC_734,postgres,faculty_db,faculty,733,v1,loaded,2026-08-17 10:10:49.024580+00:00
22903,FAC_735,postgres,faculty_db,faculty,734,v1,loaded,2026-08-17 10:10:49.024580+00:00
22904,FAC_736,postgres,faculty_db,faculty,735,v1,loaded,2026-08-17 10:10:49.024580+00:00
22905,FAC_737,postgres,faculty_db,faculty,736,v1,loaded,2026-08-17 10:10:49.024580+00:00
22906,FAC_738,postgres,faculty_db,faculty,737,v1,loaded,2026-08-17 10:10:49.024580+00:00
22907,FAC_739,postgres,faculty_db,faculty,738,v1,loaded,2026-08-17 10:10:49.024580+00:00
22908,FAC_740,postgres,faculty_db,faculty,739,v1,loaded,2026-08-17 10:10:49.024580+00:00
22909,FAC_741,postgres,faculty_db,faculty,740,v1,loaded,2026-08-17 10:10:49.024580+00:00
22910,FAC_742,postgres,faculty_db,faculty,741,v1,loaded,2026-08-17 10:10:49.024580+00:00
22911,FAC_743,postgres,faculty_db,faculty,742,v1,loaded,2026-08-17 10:10:49.024580+00:00
22912,FAC_744,postgres,faculty_db,faculty,743,v1,loaded,2026-08-17 10:10:49.024580+00:00
22913,FAC_745,postgres,faculty_db,faculty,744,v1,loaded,2026-08-17 10:10:49.024580+00:00
22914,FAC_746,postgres,faculty_db,faculty,745,v1,loaded,2026-08-17 10:10:49.024580+00:00
22915,FAC_747,postgres,faculty_db,faculty,746,v1,loaded,2026-08-17 10:10:49.024580+00:00
22916,FAC_748,postgres,faculty_db,faculty,747,v1,loaded,2026-08-17 10:10:49.024580+00:00
22917,FAC_749,postgres,faculty_db,faculty,748,v1,loaded,2026-08-17 10:10:49.024580+00:00
22918,FAC_750,postgres,faculty_db,faculty,749,v1,loaded,2026-08-17 10:10:49.024580+00:00
22919,FAC_751,postgres,faculty_db,faculty,750,v1,loaded,2026-08-17 10:10:49.024580+00:00
22920,FAC_752,postgres,faculty_db,faculty,751,v1,loaded,2026-08-17 10:10:49.024580+00:00
22921,FAC_753,postgres,faculty_db,faculty,752,v1,loaded,2026-08-17 10:10:49.024580+00:00
22922,FAC_754,postgres,faculty_db,faculty,753,v1,loaded,2026-08-17 10:10:49.024580+00:00
22923,FAC_755,postgres,faculty_db,faculty,754,v1,loaded,2026-08-17 10:10:49.024580+00:00
22924,FAC_756,postgres,faculty_db,faculty,755,v1,loaded,2026-08-17 10:10:49.024580+00:00
22925,FAC_757,postgres,faculty_db,faculty,756,v1,loaded,2026-08-17 10:10:49.024580+00:00
22926,FAC_758,postgres,faculty_db,faculty,757,v1,loaded,2026-08-17 10:10:49.024580+00:00
22927,FAC_759,postgres,faculty_db,faculty,758,v1,loaded,2026-08-17 10:10:49.024580+00:00
22928,FAC_760,postgres,faculty_db,faculty,759,v1,loaded,2026-08-17 10:10:49.024580+00:00
22929,FAC_761,postgres,faculty_db,faculty,760,v1,loaded,2026-08-17 10:10:49.024580+00:00
22930,FAC_762,postgres,faculty_db,faculty,761,v1,loaded,2026-08-17 10:10:49.024580+00:00
22931,FAC_763,postgres,faculty_db,faculty,762,v1,loaded,2026-08-17 10:10:49.024580+00:00
22932,FAC_764,postgres,faculty_db,faculty,763,v1,loaded,2026-08-17 10:10:49.024580+00:00
22933,FAC_765,postgres,faculty_db,faculty,764,v1,loaded,2026-08-17 10:10:49.024580+00:00
22934,FAC_766,postgres,faculty_db,faculty,765,v1,loaded,2026-08-17 10:10:49.024580+00:00
22935,FAC_767,postgres,faculty_db,faculty,766,v1,loaded,2026-08-17 10:10:49.024580+00:00
22936,FAC_768,postgres,faculty_db,faculty,767,v1,loaded,2026-08-17 10:10:49.024580+00:00
22937,FAC_769,postgres,faculty_db,faculty,768,v1,loaded,2026-08-17 10:10:49.024580+00:00
22938,FAC_770,postgres,faculty_db,faculty,769,v1,loaded,2026-08-17 10:10:49.024580+00:00
22939,FAC_771,postgres,faculty_db,faculty,770,v1,loaded,2026-08-17 10:10:49.024580+00:00
22940,FAC_772,postgres,faculty_db,faculty,771,v1,loaded,2026-08-17 10:10:49.024580+00:00
22941,FAC_773,postgres,faculty_db,faculty,772,v1,loaded,2026-08-17 10:10:49.024580+00:00
22942,FAC_774,postgres,faculty_db,faculty,773,v1,loaded,2026-08-17 10:10:49.024580+00:00
22943,FAC_775,postgres,faculty_db,faculty,774,v1,loaded,2026-08-17 10:10:49.024580+00:00
22944,FAC_776,postgres,faculty_db,faculty,775,v1,loaded,2026-08-17 10:10:49.024580+00:00
22945,FAC_777,postgres,faculty_db,faculty,776,v1,loaded,2026-08-17 10:10:49.024580+00:00
22946,FAC_778,postgres,faculty_db,faculty,777,v1,loaded,2026-08-17 10:10:49.024580+00:00
22947,FAC_779,postgres,faculty_db,faculty,778,v1,loaded,2026-08-17 10:10:49.024580+00:00
22948,FAC_780,postgres,faculty_db,faculty,779,v1,loaded,2026-08-17 10:10:49.024580+00:00
22949,FAC_781,postgres,faculty_db,faculty,780,v1,loaded,2026-08-17 10:10:49.024580+00:00
22950,FAC_782,postgres,faculty_db,faculty,781,v1,loaded,2026-08-17 10:10:49.024580+00:00
22951,FAC_783,postgres,faculty_db,faculty,782,v1,loaded,2026-08-17 10:10:49.024580+00:00
22952,FAC_784,postgres,faculty_db,faculty,783,v1,loaded,2026-08-17 10:10:49.024580+00:00
22953,FAC_785,postgres,faculty_db,faculty,784,v1,loaded,2026-08-17 10:10:49.024580+00:00
22954,FAC_786,postgres,faculty_db,faculty,785,v1,loaded,2026-08-17 10:10:49.024580+00:00
22955,FAC_787,postgres,faculty_db,faculty,786,v1,loaded,2026-08-17 10:10:49.024580+00:00
22956,FAC_788,postgres,faculty_db,faculty,787,v1,loaded,2026-08-17 10:10:49.024580+00:00
22957,FAC_789,postgres,faculty_db,faculty,788,v1,loaded,2026-08-17 10:10:49.024580+00:00
22958,FAC_790,postgres,faculty_db,faculty,789,v1,loaded,2026-08-17 10:10:49.024580+00:00
22959,FAC_791,postgres,faculty_db,faculty,790,v1,loaded,2026-08-17 10:10:49.024580+00:00
22960,FAC_792,postgres,faculty_db,faculty,791,v1,loaded,2026-08-17 10:10:49.024580+00:00
22961,FAC_793,postgres,faculty_db,faculty,792,v1,loaded,2026-08-17 10:10:49.024580+00:00
22962,FAC_794,postgres,faculty_db,faculty,793,v1,loaded,2026-08-17 10:10:49.024580+00:00
22963,FAC_795,postgres,faculty_db,faculty,794,v1,loaded,2026-08-17 10:10:49.024580+00:00
22964,FAC_796,postgres,faculty_db,faculty,795,v1,loaded,2026-08-17 10:10:49.024580+00:00
22965,FAC_797,postgres,faculty_db,faculty,796,v1,loaded,2026-08-17 10:10:49.024580+00:00
22966,FAC_798,postgres,faculty_db,faculty,797,v1,loaded,2026-08-17 10:10:49.024580+00:00
22967,FAC_799,postgres,faculty_db,faculty,798,v1,loaded,2026-08-17 10:10:49.024580+00:00
22968,FAC_800,postgres,faculty_db,faculty,799,v1,loaded,2026-08-17 10:10:49.024580+00:00
22969,FAC_801,postgres,faculty_db,faculty,800,v1,loaded,2026-08-17 10:10:49.024580+00:00
22970,FAC_802,postgres,faculty_db,faculty,801,v1,loaded,2026-08-17 10:10:49.024580+00:00
22971,FAC_803,postgres,faculty_db,faculty,802,v1,loaded,2026-08-17 10:10:49.024580+00:00
22972,FAC_804,postgres,faculty_db,faculty,803,v1,loaded,2026-08-17 10:10:49.024580+00:00
22973,FAC_805,postgres,faculty_db,faculty,804,v1,loaded,2026-08-17 10:10:49.024580+00:00
22974,FAC_806,postgres,faculty_db,faculty,805,v1,loaded,2026-08-17 10:10:49.024580+00:00
22975,FAC_807,postgres,faculty_db,faculty,806,v1,loaded,2026-08-17 10:10:49.024580+00:00
22976,FAC_808,postgres,faculty_db,faculty,807,v1,loaded,2026-08-17 10:10:49.024580+00:00
22977,FAC_809,postgres,faculty_db,faculty,808,v1,loaded,2026-08-17 10:10:49.024580+00:00
22978,FAC_810,postgres,faculty_db,faculty,809,v1,loaded,2026-08-17 10:10:49.024580+00:00
22979,FAC_811,postgres,faculty_db,faculty,810,v1,loaded,2026-08-17 10:10:49.024580+00:00
22980,FAC_812,postgres,faculty_db,faculty,811,v1,loaded,2026-08-17 10:10:49.024580+00:00
22981,FAC_813,postgres,faculty_db,faculty,812,v1,loaded,2026-08-17 10:10:49.024580+00:00
22982,FAC_814,postgres,faculty_db,faculty,813,v1,loaded,2026-08-17 10:10:49.024580+00:00
22983,FAC_815,postgres,faculty_db,faculty,814,v1,loaded,2026-08-17 10:10:49.024580+00:00
22984,FAC_816,postgres,faculty_db,faculty,815,v1,loaded,2026-08-17 10:10:49.024580+00:00
22985,FAC_817,postgres,faculty_db,faculty,816,v1,loaded,2026-08-17 10:10:49.024580+00:00
22986,FAC_818,postgres,faculty_db,faculty,817,v1,loaded,2026-08-17 10:10:49.024580+00:00
22987,FAC_819,postgres,faculty_db,faculty,818,v1,loaded,2026-08-17 10:10:49.024580+00:00
22988,FAC_820,postgres,faculty_db,faculty,819,v1,loaded,2026-08-17 10:10:49.024580+00:00
22989,FAC_821,postgres,faculty_db,faculty,820,v1,loaded,2026-08-17 10:10:49.024580+00:00
22990,FAC_822,postgres,faculty_db,faculty,821,v1,loaded,2026-08-17 10:10:49.024580+00:00
22991,FAC_823,postgres,faculty_db,faculty,822,v1,loaded,2026-08-17 10:10:49.024580+00:00
22992,FAC_824,postgres,faculty_db,faculty,823,v1,loaded,2026-08-17 10:10:49.024580+00:00
22993,FAC_825,postgres,faculty_db,faculty,824,v1,loaded,2026-08-17 10:10:49.024580+00:00
22994,FAC_826,postgres,faculty_db,faculty,825,v1,loaded,2026-08-17 10:10:49.024580+00:00
22995,FAC_827,postgres,faculty_db,faculty,826,v1,loaded,2026-08-17 10:10:49.024580+00:00
22996,FAC_828,postgres,faculty_db,faculty,827,v1,loaded,2026-08-17 10:10:49.024580+00:00
22997,FAC_829,postgres,faculty_db,faculty,828,v1,loaded,2026-08-17 10:10:49.024580+00:00
22998,FAC_830,postgres,faculty_db,faculty,829,v1,loaded,2026-08-17 10:10:49.024580+00:00
22999,FAC_831,postgres,faculty_db,faculty,830,v1,loaded,2026-08-17 10:10:49.024580+00:00
23000,FAC_832,postgres,faculty_db,faculty,831,v1,loaded,2026-08-17 10:10:49.024580+00:00
23001,FAC_833,postgres,faculty_db,faculty,832,v1,loaded,2026-08-17 10:10:49.024580+00:00
23002,FAC_834,postgres,faculty_db,faculty,833,v1,loaded,2026-08-17 10:10:49.024580+00:00
23003,FAC_835,postgres,faculty_db,faculty,834,v1,loaded,2026-08-17 10:10:49.024580+00:00
23004,FAC_836,postgres,faculty_db,faculty,835,v1,loaded,2026-08-17 10:10:49.024580+00:00
23005,FAC_837,postgres,faculty_db,faculty,836,v1,loaded,2026-08-17 10:10:49.024580+00:00
23006,FAC_838,postgres,faculty_db,faculty,837,v1,loaded,2026-08-17 10:10:49.024580+00:00
23007,FAC_839,postgres,faculty_db,faculty,838,v1,loaded,2026-08-17 10:10:49.024580+00:00
23008,FAC_840,postgres,faculty_db,faculty,839,v1,loaded,2026-08-17 10:10:49.024580+00:00
23009,FAC_841,postgres,faculty_db,faculty,840,v1,loaded,2026-08-17 10:10:49.024580+00:00
23010,FAC_842,postgres,faculty_db,faculty,841,v1,loaded,2026-08-17 10:10:49.024580+00:00
23011,FAC_843,postgres,faculty_db,faculty,842,v1,loaded,2026-08-17 10:10:49.024580+00:00
23012,FAC_844,postgres,faculty_db,faculty,843,v1,loaded,2026-08-17 10:10:49.024580+00:00
23013,FAC_845,postgres,faculty_db,faculty,844,v1,loaded,2026-08-17 10:10:49.024580+00:00
23014,FAC_846,postgres,faculty_db,faculty,845,v1,loaded,2026-08-17 10:10:49.024580+00:00
23015,FAC_847,postgres,faculty_db,faculty,846,v1,loaded,2026-08-17 10:10:49.024580+00:00
23016,FAC_848,postgres,faculty_db,faculty,847,v1,loaded,2026-08-17 10:10:49.024580+00:00
23017,FAC_849,postgres,faculty_db,faculty,848,v1,loaded,2026-08-17 10:10:49.024580+00:00
23018,FAC_850,postgres,faculty_db,faculty,849,v1,loaded,2026-08-17 10:10:49.024580+00:00
23019,FAC_851,postgres,faculty_db,faculty,850,v1,loaded,2026-08-17 10:10:49.024580+00:00
23020,FAC_852,postgres,faculty_db,faculty,851,v1,loaded,2026-08-17 10:10:49.024580+00:00
23021,FAC_853,postgres,faculty_db,faculty,852,v1,loaded,2026-08-17 10:10:49.024580+00:00
23022,FAC_854,postgres,faculty_db,faculty,853,v1,loaded,2026-08-17 10:10:49.024580+00:00
23023,FAC_855,postgres,faculty_db,faculty,854,v1,loaded,2026-08-17 10:10:49.024580+00:00
23024,FAC_856,postgres,faculty_db,faculty,855,v1,loaded,2026-08-17 10:10:49.024580+00:00
23025,FAC_857,postgres,faculty_db,faculty,856,v1,loaded,2026-08-17 10:10:49.024580+00:00
23026,FAC_858,postgres,faculty_db,faculty,857,v1,loaded,2026-08-17 10:10:49.024580+00:00
23027,FAC_859,postgres,faculty_db,faculty,858,v1,loaded,2026-08-17 10:10:49.024580+00:00
23028,FAC_860,postgres,faculty_db,faculty,859,v1,loaded,2026-08-17 10:10:49.024580+00:00
23029,FAC_861,postgres,faculty_db,faculty,860,v1,loaded,2026-08-17 10:10:49.024580+00:00
23030,FAC_862,postgres,faculty_db,faculty,861,v1,loaded,2026-08-17 10:10:49.024580+00:00
23031,FAC_863,postgres,faculty_db,faculty,862,v1,loaded,2026-08-17 10:10:49.024580+00:00
23032,FAC_864,postgres,faculty_db,faculty,863,v1,loaded,2026-08-17 10:10:49.024580+00:00
23033,0,mongodb,aicte_scholarships,scholarships,0,v1,loaded,2026-08-17 10:10:50.202591+00:00
23034,1,mongodb,aicte_scholarships,scholarships,1,v1,loaded,2026-08-17 10:10:50.202591+00:00
23035,2,mongodb,aicte_scholarships,scholarships,2,v1,loaded,2026-08-17 10:10:50.202591+00:00
23036,3,mongodb,aicte_scholarships,scholarships,3,v1,loaded,2026-08-17 10:10:50.202591+00:00
23037,4,mongodb,aicte_scholarships,scholarships,4,v1,loaded,2026-08-17 10:10:50.202591+00:00
23038,5,mongodb,aicte_scholarships,scholarships,5,v1,loaded,2026-08-17 10:10:50.202591+00:00
23039,6,mongodb,aicte_scholarships,scholarships,6,v1,loaded,2026-08-17 10:10:50.202591+00:00
23040,7,mongodb,aicte_scholarships,scholarships,7,v1,loaded,2026-08-17 10:10:50.202591+00:00
23041,8,mongodb,aicte_scholarships,scholarships,8,v1,loaded,2026-08-17 10:10:50.202591+00:00
23042,9,mongodb,aicte_scholarships,scholarships,9,v1,loaded,2026-08-17 10:10:50.202591+00:00
23043,10,mongodb,aicte_scholarships,scholarships,10,v1,loaded,2026-08-17 10:10:50.202591+00:00
23044,11,mongodb,aicte_scholarships,scholarships,11,v1,loaded,2026-08-17 10:10:50.202591+00:00
23045,12,mongodb,aicte_scholarships,scholarships,12,v1,loaded,2026-08-17 10:10:50.202591+00:00
23046,13,mongodb,aicte_scholarships,scholarships,13,v1,loaded,2026-08-17 10:10:50.202591+00:00
23047,14,mongodb,aicte_scholarships,scholarships,14,v1,loaded,2026-08-17 10:10:50.202591+00:00
23048,15,mongodb,aicte_scholarships,scholarships,15,v1,loaded,2026-08-17 10:10:50.202591+00:00
23049,16,mongodb,aicte_scholarships,scholarships,16,v1,loaded,2026-08-17 10:10:50.202591+00:00
23050,17,mongodb,aicte_scholarships,scholarships,17,v1,loaded,2026-08-17 10:10:50.202591+00:00
23051,18,mongodb,aicte_scholarships,scholarships,18,v1,loaded,2026-08-17 10:10:50.202591+00:00
23052,19,mongodb,aicte_scholarships,scholarships,19,v1,loaded,2026-08-17 10:10:50.202591+00:00
23053,20,mongodb,aicte_scholarships,scholarships,20,v1,loaded,2026-08-17 10:10:50.202591+00:00
23054,21,mongodb,aicte_scholarships,scholarships,21,v1,loaded,2026-08-17 10:10:50.202591+00:00
23055,22,mongodb,aicte_scholarships,scholarships,22,v1,loaded,2026-08-17 10:10:50.202591+00:00
23056,23,mongodb,aicte_scholarships,scholarships,23,v1,loaded,2026-08-17 10:10:50.202591+00:00
23057,24,mongodb,aicte_scholarships,scholarships,24,v1,loaded,2026-08-17 10:10:50.202591+00:00
23058,25,mongodb,aicte_scholarships,scholarships,25,v1,loaded,2026-08-17 10:10:50.202591+00:00
23059,26,mongodb,aicte_scholarships,scholarships,26,v1,loaded,2026-08-17 10:10:50.202591+00:00
23060,27,mongodb,aicte_scholarships,scholarships,27,v1,loaded,2026-08-17 10:10:50.202591+00:00
23061,28,mongodb,aicte_scholarships,scholarships,28,v1,loaded,2026-08-17 10:10:50.202591+00:00
23062,29,mongodb,aicte_scholarships,scholarships,29,v1,loaded,2026-08-17 10:10:50.202591+00:00
23063,30,mongodb,aicte_scholarships,scholarships,30,v1,loaded,2026-08-17 10:10:50.202591+00:00
23064,31,mongodb,aicte_scholarships,scholarships,31,v1,loaded,2026-08-17 10:10:50.202591+00:00
23065,32,mongodb,aicte_scholarships,scholarships,32,v1,loaded,2026-08-17 10:10:50.202591+00:00
23066,33,mongodb,aicte_scholarships,scholarships,33,v1,loaded,2026-08-17 10:10:50.202591+00:00
23067,34,mongodb,aicte_scholarships,scholarships,34,v1,loaded,2026-08-17 10:10:50.202591+00:00
23068,35,mongodb,aicte_scholarships,scholarships,35,v1,loaded,2026-08-17 10:10:50.202591+00:00
23069,36,mongodb,aicte_scholarships,scholarships,36,v1,loaded,2026-08-17 10:10:50.202591+00:00
23070,37,mongodb,aicte_scholarships,scholarships,37,v1,loaded,2026-08-17 10:10:50.202591+00:00
23071,38,mongodb,aicte_scholarships,scholarships,38,v1,loaded,2026-08-17 10:10:50.202591+00:00
23072,39,mongodb,aicte_scholarships,scholarships,39,v1,loaded,2026-08-17 10:10:50.202591+00:00
23073,40,mongodb,aicte_scholarships,scholarships,40,v1,loaded,2026-08-17 10:10:50.202591+00:00
23074,41,mongodb,aicte_scholarships,scholarships,41,v1,loaded,2026-08-17 10:10:50.202591+00:00
23075,42,mongodb,aicte_scholarships,scholarships,42,v1,loaded,2026-08-17 10:10:50.202591+00:00
23076,43,mongodb,aicte_scholarships,scholarships,43,v1,loaded,2026-08-17 10:10:50.202591+00:00
23077,44,mongodb,aicte_scholarships,scholarships,44,v1,loaded,2026-08-17 10:10:50.202591+00:00
23078,45,mongodb,aicte_scholarships,scholarships,45,v1,loaded,2026-08-17 10:10:50.202591+00:00
23079,46,mongodb,aicte_scholarships,scholarships,46,v1,loaded,2026-08-17 10:10:50.202591+00:00
23080,47,mongodb,aicte_scholarships,scholarships,47,v1,loaded,2026-08-17 10:10:50.202591+00:00
23081,48,mongodb,aicte_scholarships,scholarships,48,v1,loaded,2026-08-17 10:10:50.202591+00:00
23082,49,mongodb,aicte_scholarships,scholarships,49,v1,loaded,2026-08-17 10:10:50.202591+00:00
23083,50,mongodb,aicte_scholarships,scholarships,50,v1,loaded,2026-08-17 10:10:50.202591+00:00
23084,51,mongodb,aicte_scholarships,scholarships,51,v1,loaded,2026-08-17 10:10:50.202591+00:00
23085,52,mongodb,aicte_scholarships,scholarships,52,v1,loaded,2026-08-17 10:10:50.202591+00:00
23086,53,mongodb,aicte_scholarships,scholarships,53,v1,loaded,2026-08-17 10:10:50.202591+00:00
23087,54,mongodb,aicte_scholarships,scholarships,54,v1,loaded,2026-08-17 10:10:50.202591+00:00
23088,55,mongodb,aicte_scholarships,scholarships,55,v1,loaded,2026-08-17 10:10:50.202591+00:00
23089,56,mongodb,aicte_scholarships,scholarships,56,v1,loaded,2026-08-17 10:10:50.202591+00:00
23090,57,mongodb,aicte_scholarships,scholarships,57,v1,loaded,2026-08-17 10:10:50.202591+00:00
23091,58,mongodb,aicte_scholarships,scholarships,58,v1,loaded,2026-08-17 10:10:50.202591+00:00
23092,59,mongodb,aicte_scholarships,scholarships,59,v1,loaded,2026-08-17 10:10:50.202591+00:00
23093,60,mongodb,aicte_scholarships,scholarships,60,v1,loaded,2026-08-17 10:10:50.202591+00:00
23094,61,mongodb,aicte_scholarships,scholarships,61,v1,loaded,2026-08-17 10:10:50.202591+00:00
23095,62,mongodb,aicte_scholarships,scholarships,62,v1,loaded,2026-08-17 10:10:50.202591+00:00
23096,63,mongodb,aicte_scholarships,scholarships,63,v1,loaded,2026-08-17 10:10:50.202591+00:00
23097,64,mongodb,aicte_scholarships,scholarships,64,v1,loaded,2026-08-17 10:10:50.202591+00:00
23098,65,mongodb,aicte_scholarships,scholarships,65,v1,loaded,2026-08-17 10:10:50.202591+00:00
23099,66,mongodb,aicte_scholarships,scholarships,66,v1,loaded,2026-08-17 10:10:50.202591+00:00
23100,67,mongodb,aicte_scholarships,scholarships,67,v1,loaded,2026-08-17 10:10:50.202591+00:00
23101,68,mongodb,aicte_scholarships,scholarships,68,v1,loaded,2026-08-17 10:10:50.202591+00:00
23102,69,mongodb,aicte_scholarships,scholarships,69,v1,loaded,2026-08-17 10:10:50.202591+00:00
23103,70,mongodb,aicte_scholarships,scholarships,70,v1,loaded,2026-08-17 10:10:50.202591+00:00
23104,71,mongodb,aicte_scholarships,scholarships,71,v1,loaded,2026-08-17 10:10:50.202591+00:00
23105,72,mongodb,aicte_scholarships,scholarships,72,v1,loaded,2026-08-17 10:10:50.202591+00:00
23106,73,mongodb,aicte_scholarships,scholarships,73,v1,loaded,2026-08-17 10:10:50.202591+00:00
23107,74,mongodb,aicte_scholarships,scholarships,74,v1,loaded,2026-08-17 10:10:50.202591+00:00
23108,75,mongodb,aicte_scholarships,scholarships,75,v1,loaded,2026-08-17 10:10:50.202591+00:00
23109,76,mongodb,aicte_scholarships,scholarships,76,v1,loaded,2026-08-17 10:10:50.202591+00:00
23110,77,mongodb,aicte_scholarships,scholarships,77,v1,loaded,2026-08-17 10:10:50.202591+00:00
23111,78,mongodb,aicte_scholarships,scholarships,78,v1,loaded,2026-08-17 10:10:50.202591+00:00
23112,79,mongodb,aicte_scholarships,scholarships,79,v1,loaded,2026-08-17 10:10:50.202591+00:00
23113,80,mongodb,aicte_scholarships,scholarships,80,v1,loaded,2026-08-17 10:10:50.202591+00:00
23114,81,mongodb,aicte_scholarships,scholarships,81,v1,loaded,2026-08-17 10:10:50.202591+00:00
23115,82,mongodb,aicte_scholarships,scholarships,82,v1,loaded,2026-08-17 10:10:50.202591+00:00
23116,83,mongodb,aicte_scholarships,scholarships,83,v1,loaded,2026-08-17 10:10:50.202591+00:00
23117,84,mongodb,aicte_scholarships,scholarships,84,v1,loaded,2026-08-17 10:10:50.202591+00:00
23118,85,mongodb,aicte_scholarships,scholarships,85,v1,loaded,2026-08-17 10:10:50.202591+00:00
23119,86,mongodb,aicte_scholarships,scholarships,86,v1,loaded,2026-08-17 10:10:50.202591+00:00
23120,87,mongodb,aicte_scholarships,scholarships,87,v1,loaded,2026-08-17 10:10:50.202591+00:00
23121,88,mongodb,aicte_scholarships,scholarships,88,v1,loaded,2026-08-17 10:10:50.202591+00:00
23122,89,mongodb,aicte_scholarships,scholarships,89,v1,loaded,2026-08-17 10:10:50.202591+00:00
23123,90,mongodb,aicte_scholarships,scholarships,90,v1,loaded,2026-08-17 10:10:50.202591+00:00
23124,91,mongodb,aicte_scholarships,scholarships,91,v1,loaded,2026-08-17 10:10:50.202591+00:00
23125,92,mongodb,aicte_scholarships,scholarships,92,v1,loaded,2026-08-17 10:10:50.202591+00:00
23126,93,mongodb,aicte_scholarships,scholarships,93,v1,loaded,2026-08-17 10:10:50.202591+00:00
23127,94,mongodb,aicte_scholarships,scholarships,94,v1,loaded,2026-08-17 10:10:50.202591+00:00
23128,95,mongodb,aicte_scholarships,scholarships,95,v1,loaded,2026-08-17 10:10:50.202591+00:00
23129,96,mongodb,aicte_scholarships,scholarships,96,v1,loaded,2026-08-17 10:10:50.202591+00:00
23130,97,mongodb,aicte_scholarships,scholarships,97,v1,loaded,2026-08-17 10:10:50.202591+00:00
23131,98,mongodb,aicte_scholarships,scholarships,98,v1,loaded,2026-08-17 10:10:50.202591+00:00
23132,99,mongodb,aicte_scholarships,scholarships,99,v1,loaded,2026-08-17 10:10:50.202591+00:00
23133,100,mongodb,aicte_scholarships,scholarships,100,v1,loaded,2026-08-17 10:10:50.202591+00:00
23134,101,mongodb,aicte_scholarships,scholarships,101,v1,loaded,2026-08-17 10:10:50.202591+00:00
23135,102,mongodb,aicte_scholarships,scholarships,102,v1,loaded,2026-08-17 10:10:50.202591+00:00
23136,103,mongodb,aicte_scholarships,scholarships,103,v1,loaded,2026-08-17 10:10:50.202591+00:00
23137,104,mongodb,aicte_scholarships,scholarships,104,v1,loaded,2026-08-17 10:10:50.202591+00:00
23138,105,mongodb,aicte_scholarships,scholarships,105,v1,loaded,2026-08-17 10:10:50.202591+00:00
23139,106,mongodb,aicte_scholarships,scholarships,106,v1,loaded,2026-08-17 10:10:50.202591+00:00
23140,107,mongodb,aicte_scholarships,scholarships,107,v1,loaded,2026-08-17 10:10:50.202591+00:00
23141,108,mongodb,aicte_scholarships,scholarships,108,v1,loaded,2026-08-17 10:10:50.202591+00:00
23142,109,mongodb,aicte_scholarships,scholarships,109,v1,loaded,2026-08-17 10:10:50.202591+00:00
23143,110,mongodb,aicte_scholarships,scholarships,110,v1,loaded,2026-08-17 10:10:50.202591+00:00
23144,111,mongodb,aicte_scholarships,scholarships,111,v1,loaded,2026-08-17 10:10:50.202591+00:00
23145,112,mongodb,aicte_scholarships,scholarships,112,v1,loaded,2026-08-17 10:10:50.202591+00:00
23146,113,mongodb,aicte_scholarships,scholarships,113,v1,loaded,2026-08-17 10:10:50.202591+00:00
23147,114,mongodb,aicte_scholarships,scholarships,114,v1,loaded,2026-08-17 10:10:50.202591+00:00
23148,115,mongodb,aicte_scholarships,scholarships,115,v1,loaded,2026-08-17 10:10:50.202591+00:00
23149,116,mongodb,aicte_scholarships,scholarships,116,v1,loaded,2026-08-17 10:10:50.202591+00:00
23150,117,mongodb,aicte_scholarships,scholarships,117,v1,loaded,2026-08-17 10:10:50.202591+00:00
23151,118,mongodb,aicte_scholarships,scholarships,118,v1,loaded,2026-08-17 10:10:50.202591+00:00
23152,119,mongodb,aicte_scholarships,scholarships,119,v1,loaded,2026-08-17 10:10:50.202591+00:00
23153,120,mongodb,aicte_scholarships,scholarships,120,v1,loaded,2026-08-17 10:10:50.202591+00:00
23154,121,mongodb,aicte_scholarships,scholarships,121,v1,loaded,2026-08-17 10:10:50.202591+00:00
23155,122,mongodb,aicte_scholarships,scholarships,122,v1,loaded,2026-08-17 10:10:50.202591+00:00
23156,123,mongodb,aicte_scholarships,scholarships,123,v1,loaded,2026-08-17 10:10:50.202591+00:00
23157,124,mongodb,aicte_scholarships,scholarships,124,v1,loaded,2026-08-17 10:10:50.202591+00:00
23158,125,mongodb,aicte_scholarships,scholarships,125,v1,loaded,2026-08-17 10:10:50.202591+00:00
23159,126,mongodb,aicte_scholarships,scholarships,126,v1,loaded,2026-08-17 10:10:50.202591+00:00
23160,127,mongodb,aicte_scholarships,scholarships,127,v1,loaded,2026-08-17 10:10:50.202591+00:00
23161,128,mongodb,aicte_scholarships,scholarships,128,v1,loaded,2026-08-17 10:10:50.202591+00:00
23162,129,mongodb,aicte_scholarships,scholarships,129,v1,loaded,2026-08-17 10:10:50.202591+00:00
23163,130,mongodb,aicte_scholarships,scholarships,130,v1,loaded,2026-08-17 10:10:50.202591+00:00
23164,131,mongodb,aicte_scholarships,scholarships,131,v1,loaded,2026-08-17 10:10:50.202591+00:00
23165,132,mongodb,aicte_scholarships,scholarships,132,v1,loaded,2026-08-17 10:10:50.202591+00:00
23166,133,mongodb,aicte_scholarships,scholarships,133,v1,loaded,2026-08-17 10:10:50.202591+00:00
23167,134,mongodb,aicte_scholarships,scholarships,134,v1,loaded,2026-08-17 10:10:50.202591+00:00
23168,135,mongodb,aicte_scholarships,scholarships,135,v1,loaded,2026-08-17 10:10:50.202591+00:00
23169,136,mongodb,aicte_scholarships,scholarships,136,v1,loaded,2026-08-17 10:10:50.202591+00:00
23170,137,mongodb,aicte_scholarships,scholarships,137,v1,loaded,2026-08-17 10:10:50.202591+00:00
23171,138,mongodb,aicte_scholarships,scholarships,138,v1,loaded,2026-08-17 10:10:50.202591+00:00
23172,139,mongodb,aicte_scholarships,scholarships,139,v1,loaded,2026-08-17 10:10:50.202591+00:00
23173,140,mongodb,aicte_scholarships,scholarships,140,v1,loaded,2026-08-17 10:10:50.202591+00:00
23174,141,mongodb,aicte_scholarships,scholarships,141,v1,loaded,2026-08-17 10:10:50.202591+00:00
23175,142,mongodb,aicte_scholarships,scholarships,142,v1,loaded,2026-08-17 10:10:50.202591+00:00
23176,143,mongodb,aicte_scholarships,scholarships,143,v1,loaded,2026-08-17 10:10:50.202591+00:00
23177,144,mongodb,aicte_scholarships,scholarships,144,v1,loaded,2026-08-17 10:10:50.202591+00:00
23178,145,mongodb,aicte_scholarships,scholarships,145,v1,loaded,2026-08-17 10:10:50.202591+00:00
23179,146,mongodb,aicte_scholarships,scholarships,146,v1,loaded,2026-08-17 10:10:50.202591+00:00
23180,147,mongodb,aicte_scholarships,scholarships,147,v1,loaded,2026-08-17 10:10:50.202591+00:00
23181,148,mongodb,aicte_scholarships,scholarships,148,v1,loaded,2026-08-17 10:10:50.202591+00:00
23182,149,mongodb,aicte_scholarships,scholarships,149,v1,loaded,2026-08-17 10:10:50.202591+00:00
23183,150,mongodb,aicte_scholarships,scholarships,150,v1,loaded,2026-08-17 10:10:50.202591+00:00
23184,APR_00001,legacy_csv,legacy,nba_autonomous_status.csv,0,v1,loaded,2026-08-17 10:10:50.257857+00:00
23185,APR_00002,legacy_csv,legacy,nba_autonomous_status.csv,1,v1,loaded,2026-08-17 10:10:50.257857+00:00
23186,APR_00003,legacy_csv,legacy,nba_autonomous_status.csv,2,v1,loaded,2026-08-17 10:10:50.257857+00:00
23187,APR_00004,legacy_csv,legacy,nba_autonomous_status.csv,3,v1,loaded,2026-08-17 10:10:50.257857+00:00
23188,APR_00005,legacy_csv,legacy,nba_autonomous_status.csv,4,v1,loaded,2026-08-17 10:10:50.257857+00:00
23189,APR_00006,legacy_csv,legacy,nba_autonomous_status.csv,5,v1,loaded,2026-08-17 10:10:50.257857+00:00
23190,APR_00007,legacy_csv,legacy,nba_autonomous_status.csv,6,v1,loaded,2026-08-17 10:10:50.257857+00:00
23191,APR_00008,legacy_csv,legacy,nba_autonomous_status.csv,7,v1,loaded,2026-08-17 10:10:50.257857+00:00
23192,APR_00009,legacy_csv,legacy,nba_autonomous_status.csv,8,v1,loaded,2026-08-17 10:10:50.257857+00:00
23193,APR_00010,legacy_csv,legacy,nba_autonomous_status.csv,9,v1,loaded,2026-08-17 10:10:50.257857+00:00
23194,APR_00011,legacy_csv,legacy,nba_autonomous_status.csv,10,v1,loaded,2026-08-17 10:10:50.257857+00:00
23195,APR_00012,legacy_csv,legacy,nba_autonomous_status.csv,11,v1,loaded,2026-08-17 10:10:50.257857+00:00
23196,APR_00013,legacy_csv,legacy,nba_autonomous_status.csv,12,v1,loaded,2026-08-17 10:10:50.257857+00:00
23197,APR_00014,legacy_csv,legacy,nba_autonomous_status.csv,13,v1,loaded,2026-08-17 10:10:50.257857+00:00
23198,APR_00015,legacy_csv,legacy,nba_autonomous_status.csv,14,v1,loaded,2026-08-17 10:10:50.257857+00:00
23199,APR_00016,legacy_csv,legacy,nba_autonomous_status.csv,15,v1,loaded,2026-08-17 10:10:50.257857+00:00
23200,APR_00017,legacy_csv,legacy,nba_autonomous_status.csv,16,v1,loaded,2026-08-17 10:10:50.257857+00:00
23201,APR_00018,legacy_csv,legacy,nba_autonomous_status.csv,17,v1,loaded,2026-08-17 10:10:50.257857+00:00
23202,APR_00019,legacy_csv,legacy,nba_autonomous_status.csv,18,v1,loaded,2026-08-17 10:10:50.257857+00:00
23203,APR_00020,legacy_csv,legacy,nba_autonomous_status.csv,19,v1,loaded,2026-08-17 10:10:50.257857+00:00
23204,APR_00021,legacy_csv,legacy,nba_autonomous_status.csv,20,v1,loaded,2026-08-17 10:10:50.257857+00:00
23205,APR_00022,legacy_csv,legacy,nba_autonomous_status.csv,21,v1,loaded,2026-08-17 10:10:50.257857+00:00
23206,APR_00023,legacy_csv,legacy,nba_autonomous_status.csv,22,v1,loaded,2026-08-17 10:10:50.257857+00:00
23207,APR_00024,legacy_csv,legacy,nba_autonomous_status.csv,23,v1,loaded,2026-08-17 10:10:50.257857+00:00
23208,APR_00025,legacy_csv,legacy,nba_autonomous_status.csv,24,v1,loaded,2026-08-17 10:10:50.257857+00:00
23209,APR_00026,legacy_csv,legacy,nba_autonomous_status.csv,25,v1,loaded,2026-08-17 10:10:50.257857+00:00
23210,APR_00027,legacy_csv,legacy,nba_autonomous_status.csv,26,v1,loaded,2026-08-17 10:10:50.257857+00:00
23211,APR_00028,legacy_csv,legacy,nba_autonomous_status.csv,27,v1,loaded,2026-08-17 10:10:50.257857+00:00
23212,APR_00029,legacy_csv,legacy,nba_autonomous_status.csv,28,v1,loaded,2026-08-17 10:10:50.257857+00:00
23213,APR_00030,legacy_csv,legacy,nba_autonomous_status.csv,29,v1,loaded,2026-08-17 10:10:50.257857+00:00
23214,APR_00031,legacy_csv,legacy,nba_autonomous_status.csv,30,v1,loaded,2026-08-17 10:10:50.257857+00:00
23215,APR_00032,legacy_csv,legacy,nba_autonomous_status.csv,31,v1,loaded,2026-08-17 10:10:50.257857+00:00
23216,APR_00033,legacy_csv,legacy,nba_autonomous_status.csv,32,v1,loaded,2026-08-17 10:10:50.257857+00:00
23217,APR_00034,legacy_csv,legacy,nba_autonomous_status.csv,33,v1,loaded,2026-08-17 10:10:50.257857+00:00
23218,APR_00035,legacy_csv,legacy,nba_autonomous_status.csv,34,v1,loaded,2026-08-17 10:10:50.257857+00:00
23219,APR_00036,legacy_csv,legacy,nba_autonomous_status.csv,35,v1,loaded,2026-08-17 10:10:50.257857+00:00
23220,APR_00037,legacy_csv,legacy,nba_autonomous_status.csv,36,v1,loaded,2026-08-17 10:10:50.257857+00:00
23221,APR_00038,legacy_csv,legacy,nba_autonomous_status.csv,37,v1,loaded,2026-08-17 10:10:50.257857+00:00
23222,APR_00039,legacy_csv,legacy,nba_autonomous_status.csv,38,v1,loaded,2026-08-17 10:10:50.257857+00:00
23223,APR_00040,legacy_csv,legacy,nba_autonomous_status.csv,39,v1,loaded,2026-08-17 10:10:50.257857+00:00
23224,APR_00041,legacy_csv,legacy,nba_autonomous_status.csv,40,v1,loaded,2026-08-17 10:10:50.257857+00:00
23225,APR_00042,legacy_csv,legacy,nba_autonomous_status.csv,41,v1,loaded,2026-08-17 10:10:50.257857+00:00
23226,APR_00043,legacy_csv,legacy,nba_autonomous_status.csv,42,v1,loaded,2026-08-17 10:10:50.257857+00:00
23227,APR_00044,legacy_csv,legacy,nba_autonomous_status.csv,43,v1,loaded,2026-08-17 10:10:50.257857+00:00
23228,APR_00045,legacy_csv,legacy,nba_autonomous_status.csv,44,v1,loaded,2026-08-17 10:10:50.257857+00:00
23229,APR_00046,legacy_csv,legacy,nba_autonomous_status.csv,45,v1,loaded,2026-08-17 10:10:50.257857+00:00
23230,APR_00047,legacy_csv,legacy,nba_autonomous_status.csv,46,v1,loaded,2026-08-17 10:10:50.257857+00:00
23231,APR_00048,legacy_csv,legacy,nba_autonomous_status.csv,47,v1,loaded,2026-08-17 10:10:50.257857+00:00
23232,APR_00049,legacy_csv,legacy,nba_autonomous_status.csv,48,v1,loaded,2026-08-17 10:10:50.257857+00:00
23233,APR_00050,legacy_csv,legacy,nba_autonomous_status.csv,49,v1,loaded,2026-08-17 10:10:50.257857+00:00
23234,APR_00051,legacy_csv,legacy,nba_autonomous_status.csv,50,v1,loaded,2026-08-17 10:10:50.257857+00:00
23235,APR_00052,legacy_csv,legacy,nba_autonomous_status.csv,51,v1,loaded,2026-08-17 10:10:50.257857+00:00
23236,APR_00053,legacy_csv,legacy,nba_autonomous_status.csv,52,v1,loaded,2026-08-17 10:10:50.257857+00:00
23237,APR_00054,legacy_csv,legacy,nba_autonomous_status.csv,53,v1,loaded,2026-08-17 10:10:50.257857+00:00
23238,APR_00055,legacy_csv,legacy,nba_autonomous_status.csv,54,v1,loaded,2026-08-17 10:10:50.257857+00:00
23239,APR_00056,legacy_csv,legacy,nba_autonomous_status.csv,55,v1,loaded,2026-08-17 10:10:50.257857+00:00
23240,APR_00057,legacy_csv,legacy,nba_autonomous_status.csv,56,v1,loaded,2026-08-17 10:10:50.257857+00:00
23241,APR_00058,legacy_csv,legacy,nba_autonomous_status.csv,57,v1,loaded,2026-08-17 10:10:50.257857+00:00
23242,APR_00059,legacy_csv,legacy,nba_autonomous_status.csv,58,v1,loaded,2026-08-17 10:10:50.257857+00:00
23243,APR_00060,legacy_csv,legacy,nba_autonomous_status.csv,59,v1,loaded,2026-08-17 10:10:50.257857+00:00
23244,APR_00061,legacy_csv,legacy,nba_autonomous_status.csv,60,v1,loaded,2026-08-17 10:10:50.257857+00:00
23245,APR_00062,legacy_csv,legacy,nba_autonomous_status.csv,61,v1,loaded,2026-08-17 10:10:50.257857+00:00
23246,APR_00063,legacy_csv,legacy,nba_autonomous_status.csv,62,v1,loaded,2026-08-17 10:10:50.257857+00:00
23247,APR_00064,legacy_csv,legacy,nba_autonomous_status.csv,63,v1,loaded,2026-08-17 10:10:50.257857+00:00
23248,APR_00065,legacy_csv,legacy,nba_autonomous_status.csv,64,v1,loaded,2026-08-17 10:10:50.257857+00:00
23249,APR_00066,legacy_csv,legacy,nba_autonomous_status.csv,65,v1,loaded,2026-08-17 10:10:50.257857+00:00
23250,APR_00067,legacy_csv,legacy,nba_autonomous_status.csv,66,v1,loaded,2026-08-17 10:10:50.257857+00:00
23251,APR_00068,legacy_csv,legacy,nba_autonomous_status.csv,67,v1,loaded,2026-08-17 10:10:50.257857+00:00
23252,APR_00069,legacy_csv,legacy,nba_autonomous_status.csv,68,v1,loaded,2026-08-17 10:10:50.257857+00:00
23253,APR_00070,legacy_csv,legacy,nba_autonomous_status.csv,69,v1,loaded,2026-08-17 10:10:50.257857+00:00
23254,APR_00071,legacy_csv,legacy,nba_autonomous_status.csv,70,v1,loaded,2026-08-17 10:10:50.257857+00:00
23255,APR_00072,legacy_csv,legacy,nba_autonomous_status.csv,71,v1,loaded,2026-08-17 10:10:50.257857+00:00
23256,APR_00073,legacy_csv,legacy,nba_autonomous_status.csv,72,v1,loaded,2026-08-17 10:10:50.257857+00:00
23257,APR_00074,legacy_csv,legacy,nba_autonomous_status.csv,73,v1,loaded,2026-08-17 10:10:50.257857+00:00
23258,APR_00075,legacy_csv,legacy,nba_autonomous_status.csv,74,v1,loaded,2026-08-17 10:10:50.257857+00:00
23259,APR_00076,legacy_csv,legacy,nba_autonomous_status.csv,75,v1,loaded,2026-08-17 10:10:50.257857+00:00
23260,APR_00077,legacy_csv,legacy,nba_autonomous_status.csv,76,v1,loaded,2026-08-17 10:10:50.257857+00:00
23261,APR_00078,legacy_csv,legacy,nba_autonomous_status.csv,77,v1,loaded,2026-08-17 10:10:50.257857+00:00
23262,APR_00079,legacy_csv,legacy,nba_autonomous_status.csv,78,v1,loaded,2026-08-17 10:10:50.257857+00:00
23263,APR_00080,legacy_csv,legacy,nba_autonomous_status.csv,79,v1,loaded,2026-08-17 10:10:50.257857+00:00
23264,APR_00081,legacy_csv,legacy,closed_institutes.csv,0,v1,loaded,2026-08-17 10:10:50.262849+00:00
23265,APR_00082,legacy_csv,legacy,closed_institutes.csv,1,v1,loaded,2026-08-17 10:10:50.262849+00:00
23266,APR_00083,legacy_csv,legacy,closed_institutes.csv,2,v1,loaded,2026-08-17 10:10:50.262849+00:00
23267,APR_00084,legacy_csv,legacy,closed_institutes.csv,3,v1,loaded,2026-08-17 10:10:50.262849+00:00
23268,APR_00085,legacy_csv,legacy,closed_institutes.csv,4,v1,loaded,2026-08-17 10:10:50.262849+00:00
23269,APR_00086,legacy_csv,legacy,closed_institutes.csv,5,v1,loaded,2026-08-17 10:10:50.262849+00:00
23270,APR_00087,legacy_csv,legacy,closed_institutes.csv,6,v1,loaded,2026-08-17 10:10:50.262849+00:00
23271,APR_00088,legacy_csv,legacy,closed_institutes.csv,7,v1,loaded,2026-08-17 10:10:50.262849+00:00
23272,APR_00089,legacy_csv,legacy,closed_institutes.csv,8,v1,loaded,2026-08-17 10:10:50.262849+00:00
23273,APR_00090,legacy_csv,legacy,closed_institutes.csv,9,v1,loaded,2026-08-17 10:10:50.262849+00:00
23274,APR_00091,legacy_csv,legacy,closed_institutes.csv,10,v1,loaded,2026-08-17 10:10:50.262849+00:00
23275,APR_00092,legacy_csv,legacy,closed_institutes.csv,11,v1,loaded,2026-08-17 10:10:50.262849+00:00
23276,APR_00093,legacy_csv,legacy,closed_institutes.csv,12,v1,loaded,2026-08-17 10:10:50.262849+00:00
23277,APR_00094,legacy_csv,legacy,closed_institutes.csv,13,v1,loaded,2026-08-17 10:10:50.262849+00:00
23278,APR_00095,legacy_csv,legacy,closed_institutes.csv,14,v1,loaded,2026-08-17 10:10:50.262849+00:00
23279,APR_00096,legacy_csv,legacy,closed_institutes.csv,15,v1,loaded,2026-08-17 10:10:50.262849+00:00
23280,APR_00097,legacy_csv,legacy,closed_institutes.csv,16,v1,loaded,2026-08-17 10:10:50.262849+00:00
23281,APR_00098,legacy_csv,legacy,closed_institutes.csv,17,v1,loaded,2026-08-17 10:10:50.262849+00:00
23282,APR_00099,legacy_csv,legacy,closed_institutes.csv,18,v1,loaded,2026-08-17 10:10:50.262849+00:00
23283,APR_00100,legacy_csv,legacy,closed_institutes.csv,19,v1,loaded,2026-08-17 10:10:50.262849+00:00
23284,APR_00101,legacy_csv,legacy,closed_institutes.csv,20,v1,loaded,2026-08-17 10:10:50.262849+00:00
23285,APR_00102,legacy_csv,legacy,closed_institutes.csv,21,v1,loaded,2026-08-17 10:10:50.262849+00:00
23286,APR_00103,legacy_csv,legacy,closed_institutes.csv,22,v1,loaded,2026-08-17 10:10:50.262849+00:00
23287,APR_00104,legacy_csv,legacy,closed_institutes.csv,23,v1,loaded,2026-08-17 10:10:50.262849+00:00
23288,APR_00105,legacy_csv,legacy,closed_institutes.csv,24,v1,loaded,2026-08-17 10:10:50.262849+00:00
23289,APR_00106,legacy_csv,legacy,closed_institutes.csv,25,v1,loaded,2026-08-17 10:10:50.262849+00:00
23290,APR_00107,legacy_csv,legacy,closed_institutes.csv,26,v1,loaded,2026-08-17 10:10:50.262849+00:00
23291,APR_00108,legacy_csv,legacy,closed_institutes.csv,27,v1,loaded,2026-08-17 10:10:50.262849+00:00
23292,APR_00109,legacy_csv,legacy,closed_institutes.csv,28,v1,loaded,2026-08-17 10:10:50.262849+00:00
23293,APR_00110,legacy_csv,legacy,closed_institutes.csv,29,v1,loaded,2026-08-17 10:10:50.262849+00:00
23294,APR_00111,legacy_csv,legacy,closed_institutes.csv,30,v1,loaded,2026-08-17 10:10:50.262849+00:00
23295,APR_00112,legacy_csv,legacy,closed_institutes.csv,31,v1,loaded,2026-08-17 10:10:50.262849+00:00
23296,APR_00113,legacy_csv,legacy,closed_institutes.csv,32,v1,loaded,2026-08-17 10:10:50.262849+00:00
23297,APR_00114,legacy_csv,legacy,closed_institutes.csv,33,v1,loaded,2026-08-17 10:10:50.262849+00:00
23298,APR_00115,legacy_csv,legacy,closed_institutes.csv,34,v1,loaded,2026-08-17 10:10:50.262849+00:00
23299,APR_00116,legacy_csv,legacy,closed_institutes.csv,35,v1,loaded,2026-08-17 10:10:50.262849+00:00
23300,APR_00117,legacy_csv,legacy,closed_institutes.csv,36,v1,loaded,2026-08-17 10:10:50.262849+00:00
23301,APR_00118,legacy_csv,legacy,closed_institutes.csv,37,v1,loaded,2026-08-17 10:10:50.262849+00:00
23302,APR_00119,legacy_csv,legacy,closed_institutes.csv,38,v1,loaded,2026-08-17 10:10:50.262849+00:00
23303,APR_00120,legacy_csv,legacy,closed_institutes.csv,39,v1,loaded,2026-08-17 10:10:50.262849+00:00
23304,APR_00121,legacy_csv,legacy,closed_institutes.csv,40,v1,loaded,2026-08-17 10:10:50.262849+00:00
23305,APR_00122,legacy_csv,legacy,closed_institutes.csv,41,v1,loaded,2026-08-17 10:10:50.262849+00:00
23306,APR_00123,legacy_csv,legacy,closed_institutes.csv,42,v1,loaded,2026-08-17 10:10:50.262849+00:00
23307,APR_00124,legacy_csv,legacy,closed_institutes.csv,43,v1,loaded,2026-08-17 10:10:50.262849+00:00
23308,APR_00125,legacy_csv,legacy,closed_institutes.csv,44,v1,loaded,2026-08-17 10:10:50.262849+00:00
23309,APR_00126,legacy_csv,legacy,closed_institutes.csv,45,v1,loaded,2026-08-17 10:10:50.262849+00:00
23310,APR_00127,legacy_csv,legacy,closed_institutes.csv,46,v1,loaded,2026-08-17 10:10:50.262849+00:00
23311,APR_00128,legacy_csv,legacy,closed_institutes.csv,47,v1,loaded,2026-08-17 10:10:50.262849+00:00
23312,APR_00129,legacy_csv,legacy,closed_institutes.csv,48,v1,loaded,2026-08-17 10:10:50.262849+00:00
23313,APR_00130,legacy_csv,legacy,closed_institutes.csv,49,v1,loaded,2026-08-17 10:10:50.262849+00:00
23314,APR_00131,legacy_csv,legacy,closed_institutes.csv,50,v1,loaded,2026-08-17 10:10:50.262849+00:00
23315,APR_00132,legacy_csv,legacy,closed_institutes.csv,51,v1,loaded,2026-08-17 10:10:50.262849+00:00
23316,APR_00133,legacy_csv,legacy,closed_institutes.csv,52,v1,loaded,2026-08-17 10:10:50.262849+00:00
23317,APR_00134,legacy_csv,legacy,closed_institutes.csv,53,v1,loaded,2026-08-17 10:10:50.262849+00:00
23318,APR_00135,legacy_csv,legacy,closed_institutes.csv,54,v1,loaded,2026-08-17 10:10:50.262849+00:00
23319,APR_00136,legacy_csv,legacy,closed_institutes.csv,55,v1,loaded,2026-08-17 10:10:50.262849+00:00
23320,APR_00137,legacy_csv,legacy,closed_institutes.csv,56,v1,loaded,2026-08-17 10:10:50.262849+00:00
23321,APR_00138,legacy_csv,legacy,closed_institutes.csv,57,v1,loaded,2026-08-17 10:10:50.262849+00:00
23322,APR_00139,legacy_csv,legacy,closed_institutes.csv,58,v1,loaded,2026-08-17 10:10:50.262849+00:00
23323,APR_00140,legacy_csv,legacy,closed_institutes.csv,59,v1,loaded,2026-08-17 10:10:50.262849+00:00
23324,APR_00141,legacy_csv,legacy,closed_institutes.csv,60,v1,loaded,2026-08-17 10:10:50.262849+00:00
23325,APR_00142,legacy_csv,legacy,closed_institutes.csv,61,v1,loaded,2026-08-17 10:10:50.262849+00:00
23326,APR_00143,legacy_csv,legacy,closed_institutes.csv,62,v1,loaded,2026-08-17 10:10:50.262849+00:00
23327,APR_00144,legacy_csv,legacy,closed_institutes.csv,63,v1,loaded,2026-08-17 10:10:50.262849+00:00
23328,APR_00145,legacy_csv,legacy,closed_institutes.csv,64,v1,loaded,2026-08-17 10:10:50.262849+00:00
23329,APR_00146,legacy_csv,legacy,closed_institutes.csv,65,v1,loaded,2026-08-17 10:10:50.262849+00:00
23330,APR_00147,legacy_csv,legacy,closed_institutes.csv,66,v1,loaded,2026-08-17 10:10:50.262849+00:00
23331,APR_00148,legacy_csv,legacy,closed_institutes.csv,67,v1,loaded,2026-08-17 10:10:50.262849+00:00
23332,APR_00149,legacy_csv,legacy,closed_institutes.csv,68,v1,loaded,2026-08-17 10:10:50.262849+00:00
23333,APR_00150,legacy_csv,legacy,closed_institutes.csv,69,v1,loaded,2026-08-17 10:10:50.262849+00:00
23334,APR_00151,legacy_csv,legacy,closed_institutes.csv,70,v1,loaded,2026-08-17 10:10:50.262849+00:00
23335,APR_00152,legacy_csv,legacy,closed_institutes.csv,71,v1,loaded,2026-08-17 10:10:50.262849+00:00
23336,APR_00153,legacy_csv,legacy,closed_institutes.csv,72,v1,loaded,2026-08-17 10:10:50.262849+00:00
23337,APR_00154,legacy_csv,legacy,closed_institutes.csv,73,v1,loaded,2026-08-17 10:10:50.262849+00:00
23338,APR_00155,legacy_csv,legacy,closed_institutes.csv,74,v1,loaded,2026-08-17 10:10:50.262849+00:00
23339,APR_00156,legacy_csv,legacy,closed_institutes.csv,75,v1,loaded,2026-08-17 10:10:50.262849+00:00
23340,APR_00157,legacy_csv,legacy,closed_institutes.csv,76,v1,loaded,2026-08-17 10:10:50.262849+00:00
23341,APR_00158,legacy_csv,legacy,closed_institutes.csv,77,v1,loaded,2026-08-17 10:10:50.262849+00:00
23342,APR_00159,legacy_csv,legacy,closed_institutes.csv,78,v1,loaded,2026-08-17 10:10:50.262849+00:00
23343,APR_00160,legacy_csv,legacy,closed_institutes.csv,79,v1,loaded,2026-08-17 10:10:50.262849+00:00
23344,APR_00161,legacy_csv,legacy,closed_institutes.csv,80,v1,loaded,2026-08-17 10:10:50.262849+00:00
23345,APR_00162,legacy_csv,legacy,closed_institutes.csv,81,v1,loaded,2026-08-17 10:10:50.262849+00:00
23346,APR_00163,legacy_csv,legacy,closed_institutes.csv,82,v1,loaded,2026-08-17 10:10:50.262849+00:00
23347,APR_00164,legacy_csv,legacy,closed_institutes.csv,83,v1,loaded,2026-08-17 10:10:50.262849+00:00
23348,APR_00165,legacy_csv,legacy,closed_institutes.csv,84,v1,loaded,2026-08-17 10:10:50.262849+00:00
23349,APR_00166,legacy_csv,legacy,closed_institutes.csv,85,v1,loaded,2026-08-17 10:10:50.262849+00:00
23350,APR_00167,legacy_csv,legacy,closed_institutes.csv,86,v1,loaded,2026-08-17 10:10:50.262849+00:00
23351,APR_00168,legacy_csv,legacy,closed_institutes.csv,87,v1,loaded,2026-08-17 10:10:50.262849+00:00
23352,APR_00169,legacy_csv,legacy,closed_institutes.csv,88,v1,loaded,2026-08-17 10:10:50.262849+00:00
23353,APR_00170,legacy_csv,legacy,closed_institutes.csv,89,v1,loaded,2026-08-17 10:10:50.262849+00:00
23354,APR_00171,legacy_csv,legacy,closed_institutes.csv,90,v1,loaded,2026-08-17 10:10:50.262849+00:00
23355,APR_00172,legacy_csv,legacy,closed_institutes.csv,91,v1,loaded,2026-08-17 10:10:50.262849+00:00
23356,APR_00173,legacy_csv,legacy,closed_institutes.csv,92,v1,loaded,2026-08-17 10:10:50.262849+00:00
23357,APR_00174,legacy_csv,legacy,closed_institutes.csv,93,v1,loaded,2026-08-17 10:10:50.262849+00:00
23358,APR_00175,legacy_csv,legacy,closed_institutes.csv,94,v1,loaded,2026-08-17 10:10:50.262849+00:00
23359,APR_00176,legacy_csv,legacy,closed_institutes.csv,95,v1,loaded,2026-08-17 10:10:50.262849+00:00
23360,APR_00177,legacy_csv,legacy,closed_institutes.csv,96,v1,loaded,2026-08-17 10:10:50.262849+00:00
23361,APR_00178,legacy_csv,legacy,closed_institutes.csv,97,v1,loaded,2026-08-17 10:10:50.262849+00:00
23362,APR_00179,legacy_csv,legacy,unapproved_list.csv,0,v1,loaded,2026-08-17 10:10:50.268841+00:00
23363,APR_00180,legacy_csv,legacy,unapproved_list.csv,1,v1,loaded,2026-08-17 10:10:50.268841+00:00
23364,APR_00181,legacy_csv,legacy,unapproved_list.csv,2,v1,loaded,2026-08-17 10:10:50.268841+00:00
23365,APR_00182,legacy_csv,legacy,unapproved_list.csv,3,v1,loaded,2026-08-17 10:10:50.268841+00:00
23366,APR_00183,legacy_csv,legacy,unapproved_list.csv,4,v1,loaded,2026-08-17 10:10:50.268841+00:00
23367,APR_00184,legacy_csv,legacy,unapproved_list.csv,5,v1,loaded,2026-08-17 10:10:50.268841+00:00
23368,APR_00185,legacy_csv,legacy,unapproved_list.csv,6,v1,loaded,2026-08-17 10:10:50.268841+00:00
23369,APR_00186,legacy_csv,legacy,unapproved_list.csv,7,v1,loaded,2026-08-17 10:10:50.268841+00:00
23370,APR_00187,legacy_csv,legacy,unapproved_list.csv,8,v1,loaded,2026-08-17 10:10:50.268841+00:00
23371,APR_00188,legacy_csv,legacy,unapproved_list.csv,9,v1,loaded,2026-08-17 10:10:50.268841+00:00
23372,APR_00189,legacy_csv,legacy,unapproved_list.csv,10,v1,loaded,2026-08-17 10:10:50.268841+00:00
23373,APR_00190,legacy_csv,legacy,unapproved_list.csv,11,v1,loaded,2026-08-17 10:10:50.268841+00:00
23374,APR_00191,legacy_csv,legacy,unapproved_list.csv,12,v1,loaded,2026-08-17 10:10:50.268841+00:00
23375,APR_00192,legacy_csv,legacy,unapproved_list.csv,13,v1,loaded,2026-08-17 10:10:50.268841+00:00
23376,APR_00193,legacy_csv,legacy,unapproved_list.csv,14,v1,loaded,2026-08-17 10:10:50.268841+00:00
23377,APR_00194,legacy_csv,legacy,unapproved_list.csv,15,v1,loaded,2026-08-17 10:10:50.268841+00:00
23378,APR_00195,legacy_csv,legacy,unapproved_list.csv,16,v1,loaded,2026-08-17 10:10:50.268841+00:00
23379,APR_00196,legacy_csv,legacy,unapproved_list.csv,17,v1,loaded,2026-08-17 10:10:50.268841+00:00
23380,APR_00197,legacy_csv,legacy,unapproved_list.csv,18,v1,loaded,2026-08-17 10:10:50.268841+00:00
23381,APR_00198,legacy_csv,legacy,unapproved_list.csv,19,v1,loaded,2026-08-17 10:10:50.268841+00:00
23382,APR_00199,legacy_csv,legacy,unapproved_list.csv,20,v1,loaded,2026-08-17 10:10:50.268841+00:00
23383,APR_00200,legacy_csv,legacy,unapproved_list.csv,21,v1,loaded,2026-08-17 10:10:50.268841+00:00
23384,APR_00201,legacy_csv,legacy,unapproved_list.csv,22,v1,loaded,2026-08-17 10:10:50.268841+00:00
23385,APR_00202,legacy_csv,legacy,unapproved_list.csv,23,v1,loaded,2026-08-17 10:10:50.268841+00:00
23386,APR_00203,legacy_csv,legacy,unapproved_list.csv,24,v1,loaded,2026-08-17 10:10:50.268841+00:00
23387,APR_00204,legacy_csv,legacy,unapproved_list.csv,25,v1,loaded,2026-08-17 10:10:50.268841+00:00
23388,APR_00205,legacy_csv,legacy,unapproved_list.csv,26,v1,loaded,2026-08-17 10:10:50.268841+00:00
23389,APR_00206,legacy_csv,legacy,unapproved_list.csv,27,v1,loaded,2026-08-17 10:10:50.268841+00:00
23390,APR_00207,legacy_csv,legacy,unapproved_list.csv,28,v1,loaded,2026-08-17 10:10:50.268841+00:00
23391,APR_00208,legacy_csv,legacy,unapproved_list.csv,29,v1,loaded,2026-08-17 10:10:50.268841+00:00
23392,APR_00209,legacy_csv,legacy,unapproved_list.csv,30,v1,loaded,2026-08-17 10:10:50.268841+00:00
23393,APR_00210,legacy_csv,legacy,unapproved_list.csv,31,v1,loaded,2026-08-17 10:10:50.268841+00:00
23394,APR_00211,legacy_csv,legacy,unapproved_list.csv,32,v1,loaded,2026-08-17 10:10:50.268841+00:00
23395,APR_00212,legacy_csv,legacy,unapproved_list.csv,33,v1,loaded,2026-08-17 10:10:50.268841+00:00
23396,APR_00213,legacy_csv,legacy,unapproved_list.csv,34,v1,loaded,2026-08-17 10:10:50.268841+00:00
23397,APR_00214,legacy_csv,legacy,unapproved_list.csv,35,v1,loaded,2026-08-17 10:10:50.268841+00:00
23398,APR_00215,legacy_csv,legacy,unapproved_list.csv,36,v1,loaded,2026-08-17 10:10:50.268841+00:00
23399,APR_00216,legacy_csv,legacy,unapproved_list.csv,37,v1,loaded,2026-08-17 10:10:50.268841+00:00
23400,APR_00217,legacy_csv,legacy,unapproved_list.csv,38,v1,loaded,2026-08-17 10:10:50.268841+00:00
23401,APR_00218,legacy_csv,legacy,unapproved_list.csv,39,v1,loaded,2026-08-17 10:10:50.268841+00:00
23402,APR_00219,legacy_csv,legacy,unapproved_list.csv,40,v1,loaded,2026-08-17 10:10:50.268841+00:00
23403,APR_00220,legacy_csv,legacy,unapproved_list.csv,41,v1,loaded,2026-08-17 10:10:50.268841+00:00
23404,APR_00221,legacy_csv,legacy,unapproved_list.csv,42,v1,loaded,2026-08-17 10:10:50.268841+00:00
23405,APR_00222,legacy_csv,legacy,unapproved_list.csv,43,v1,loaded,2026-08-17 10:10:50.268841+00:00
23406,APR_00223,legacy_csv,legacy,unapproved_list.csv,44,v1,loaded,2026-08-17 10:10:50.268841+00:00
23407,APR_00224,legacy_csv,legacy,unapproved_list.csv,45,v1,loaded,2026-08-17 10:10:50.268841+00:00
23408,APR_00225,legacy_csv,legacy,unapproved_list.csv,46,v1,loaded,2026-08-17 10:10:50.268841+00:00
23409,APR_00226,legacy_csv,legacy,unapproved_list.csv,47,v1,loaded,2026-08-17 10:10:50.268841+00:00
23410,APR_00227,legacy_csv,legacy,unapproved_list.csv,48,v1,loaded,2026-08-17 10:10:50.268841+00:00
23411,APR_00228,legacy_csv,legacy,unapproved_list.csv,49,v1,loaded,2026-08-17 10:10:50.268841+00:00
23412,APR_00229,legacy_csv,legacy,unapproved_list.csv,50,v1,loaded,2026-08-17 10:10:50.268841+00:00
23413,APR_00230,legacy_csv,legacy,unapproved_list.csv,51,v1,loaded,2026-08-17 10:10:50.268841+00:00
23414,APR_00231,legacy_csv,legacy,unapproved_list.csv,52,v1,loaded,2026-08-17 10:10:50.268841+00:00
23415,APR_00232,legacy_csv,legacy,unapproved_list.csv,53,v1,loaded,2026-08-17 10:10:50.268841+00:00
23416,APR_00233,legacy_csv,legacy,unapproved_list.csv,54,v1,loaded,2026-08-17 10:10:50.268841+00:00
23417,APR_00234,legacy_csv,legacy,unapproved_list.csv,55,v1,loaded,2026-08-17 10:10:50.268841+00:00
23418,APR_00235,legacy_csv,legacy,unapproved_list.csv,56,v1,loaded,2026-08-17 10:10:50.268841+00:00
23419,APR_00236,legacy_csv,legacy,unapproved_list.csv,57,v1,loaded,2026-08-17 10:10:50.268841+00:00
23420,APR_00237,legacy_csv,legacy,unapproved_list.csv,58,v1,loaded,2026-08-17 10:10:50.268841+00:00
23421,APR_00238,legacy_csv,legacy,unapproved_list.csv,59,v1,loaded,2026-08-17 10:10:50.268841+00:00
23422,APR_00239,legacy_csv,legacy,unapproved_list.csv,60,v1,loaded,2026-08-17 10:10:50.268841+00:00
23423,APR_00240,legacy_csv,legacy,unapproved_list.csv,61,v1,loaded,2026-08-17 10:10:50.268841+00:00
23424,APR_00241,legacy_csv,legacy,unapproved_list.csv,62,v1,loaded,2026-08-17 10:10:50.268841+00:00
23425,APR_00242,legacy_csv,legacy,unapproved_list.csv,63,v1,loaded,2026-08-17 10:10:50.268841+00:00
23426,APR_00243,legacy_csv,legacy,unapproved_list.csv,64,v1,loaded,2026-08-17 10:10:50.268841+00:00
23427,APR_00244,legacy_csv,legacy,unapproved_list.csv,65,v1,loaded,2026-08-17 10:10:50.268841+00:00
23428,APR_00245,legacy_csv,legacy,unapproved_list.csv,66,v1,loaded,2026-08-17 10:10:50.268841+00:00
23429,APR_00246,legacy_csv,legacy,unapproved_list.csv,67,v1,loaded,2026-08-17 10:10:50.268841+00:00
23430,APR_00247,legacy_csv,legacy,unapproved_list.csv,68,v1,loaded,2026-08-17 10:10:50.268841+00:00
23431,APR_00248,legacy_csv,legacy,unapproved_list.csv,69,v1,loaded,2026-08-17 10:10:50.268841+00:00
23432,APR_00249,legacy_csv,legacy,unapproved_list.csv,70,v1,loaded,2026-08-17 10:10:50.268841+00:00
23433,APR_00250,legacy_csv,legacy,unapproved_list.csv,71,v1,loaded,2026-08-17 10:10:50.268841+00:00
23434,APR_00251,legacy_csv,legacy,unapproved_list.csv,72,v1,loaded,2026-08-17 10:10:50.268841+00:00
23435,APR_00252,legacy_csv,legacy,unapproved_list.csv,73,v1,loaded,2026-08-17 10:10:50.268841+00:00
23436,APR_00253,legacy_csv,legacy,unapproved_list.csv,74,v1,loaded,2026-08-17 10:10:50.268841+00:00
23437,APR_00254,legacy_csv,legacy,unapproved_list.csv,75,v1,loaded,2026-08-17 10:10:50.268841+00:00
23438,APR_00255,legacy_csv,legacy,unapproved_list.csv,76,v1,loaded,2026-08-17 10:10:50.268841+00:00
23439,APR_00256,legacy_csv,legacy,unapproved_list.csv,77,v1,loaded,2026-08-17 10:10:50.268841+00:00
23440,APR_00257,legacy_csv,legacy,unapproved_list.csv,78,v1,loaded,2026-08-17 10:10:50.268841+00:00
23441,APR_00258,legacy_csv,legacy,unapproved_list.csv,79,v1,loaded,2026-08-17 10:10:50.268841+00:00
23442,APR_00259,legacy_csv,legacy,unapproved_list.csv,80,v1,loaded,2026-08-17 10:10:50.268841+00:00
23443,APR_00260,legacy_csv,legacy,unapproved_list.csv,81,v1,loaded,2026-08-17 10:10:50.268841+00:00
23444,APR_00261,legacy_csv,legacy,unapproved_list.csv,82,v1,loaded,2026-08-17 10:10:50.268841+00:00
23445,APR_00262,legacy_csv,legacy,unapproved_list.csv,83,v1,loaded,2026-08-17 10:10:50.268841+00:00
23446,APR_00263,legacy_csv,legacy,unapproved_list.csv,84,v1,loaded,2026-08-17 10:10:50.268841+00:00
23447,APR_00264,legacy_csv,legacy,unapproved_list.csv,85,v1,loaded,2026-08-17 10:10:50.268841+00:00
23448,APR_00265,legacy_csv,legacy,unapproved_list.csv,86,v1,loaded,2026-08-17 10:10:50.268841+00:00
23449,APR_00266,legacy_csv,legacy,unapproved_list.csv,87,v1,loaded,2026-08-17 10:10:50.268841+00:00
23450,APR_00267,legacy_csv,legacy,unapproved_list.csv,88,v1,loaded,2026-08-17 10:10:50.268841+00:00
23451,APR_00268,legacy_csv,legacy,unapproved_list.csv,89,v1,loaded,2026-08-17 10:10:50.268841+00:00
23452,APR_00269,legacy_csv,legacy,unapproved_list.csv,90,v1,loaded,2026-08-17 10:10:50.268841+00:00
23453,APR_00270,legacy_csv,legacy,unapproved_list.csv,91,v1,loaded,2026-08-17 10:10:50.268841+00:00
23454,APR_00271,legacy_csv,legacy,unapproved_list.csv,92,v1,loaded,2026-08-17 10:10:50.268841+00:00
23455,APR_00272,legacy_csv,legacy,unapproved_list.csv,93,v1,loaded,2026-08-17 10:10:50.268841+00:00
23456,APR_00273,legacy_csv,legacy,unapproved_list.csv,94,v1,loaded,2026-08-17 10:10:50.268841+00:00
23457,INT_00001,internships,internships_portal,internships.csv,0,v1,loaded,2026-08-17 10:10:50.300535+00:00
23458,INT_00002,internships,internships_portal,internships.csv,1,v1,loaded,2026-08-17 10:10:50.300535+00:00
23459,INT_00003,internships,internships_portal,internships.csv,2,v1,loaded,2026-08-17 10:10:50.300535+00:00
23460,INT_00004,internships,internships_portal,internships.csv,3,v1,loaded,2026-08-17 10:10:50.300535+00:00
23461,INT_00005,internships,internships_portal,internships.csv,4,v1,loaded,2026-08-17 10:10:50.300535+00:00
23462,INT_00006,internships,internships_portal,internships.csv,5,v1,loaded,2026-08-17 10:10:50.300535+00:00
23463,INT_00007,internships,internships_portal,internships.csv,6,v1,loaded,2026-08-17 10:10:50.300535+00:00
23464,INT_00008,internships,internships_portal,internships.csv,7,v1,loaded,2026-08-17 10:10:50.300535+00:00
23465,INT_00009,internships,internships_portal,internships.csv,8,v1,loaded,2026-08-17 10:10:50.300535+00:00
23466,INT_00010,internships,internships_portal,internships.csv,9,v1,loaded,2026-08-17 10:10:50.300535+00:00
23467,INT_00011,internships,internships_portal,internships.csv,10,v1,loaded,2026-08-17 10:10:50.300535+00:00
23468,INT_00012,internships,internships_portal,internships.csv,11,v1,loaded,2026-08-17 10:10:50.300535+00:00
23469,INT_00013,internships,internships_portal,internships.csv,12,v1,loaded,2026-08-17 10:10:50.300535+00:00
23470,INT_00014,internships,internships_portal,internships.csv,13,v1,loaded,2026-08-17 10:10:50.300535+00:00
23471,INT_00015,internships,internships_portal,internships.csv,14,v1,loaded,2026-08-17 10:10:50.300535+00:00
23472,INT_00016,internships,internships_portal,internships.csv,15,v1,loaded,2026-08-17 10:10:50.300535+00:00
23473,INT_00017,internships,internships_portal,internships.csv,16,v1,loaded,2026-08-17 10:10:50.300535+00:00
23474,INT_00018,internships,internships_portal,internships.csv,17,v1,loaded,2026-08-17 10:10:50.300535+00:00
23475,INT_00019,internships,internships_portal,internships.csv,18,v1,loaded,2026-08-17 10:10:50.300535+00:00
23476,INT_00020,internships,internships_portal,internships.csv,19,v1,loaded,2026-08-17 10:10:50.300535+00:00
23477,INT_00021,internships,internships_portal,internships.csv,20,v1,loaded,2026-08-17 10:10:50.300535+00:00
23478,INT_00022,internships,internships_portal,internships.csv,21,v1,loaded,2026-08-17 10:10:50.300535+00:00
23479,INT_00023,internships,internships_portal,internships.csv,22,v1,loaded,2026-08-17 10:10:50.300535+00:00
23480,INT_00024,internships,internships_portal,internships.csv,23,v1,loaded,2026-08-17 10:10:50.300535+00:00
23481,INT_00025,internships,internships_portal,internships.csv,24,v1,loaded,2026-08-17 10:10:50.300535+00:00
23482,INT_00026,internships,internships_portal,internships.csv,25,v1,loaded,2026-08-17 10:10:50.300535+00:00
23483,INT_00027,internships,internships_portal,internships.csv,26,v1,loaded,2026-08-17 10:10:50.300535+00:00
23484,INT_00028,internships,internships_portal,internships.csv,27,v1,loaded,2026-08-17 10:10:50.300535+00:00
23485,INT_00029,internships,internships_portal,internships.csv,28,v1,loaded,2026-08-17 10:10:50.300535+00:00
23486,INT_00030,internships,internships_portal,internships.csv,29,v1,loaded,2026-08-17 10:10:50.300535+00:00
23487,INT_00031,internships,internships_portal,internships.csv,30,v1,loaded,2026-08-17 10:10:50.300535+00:00
23488,INT_00032,internships,internships_portal,internships.csv,31,v1,loaded,2026-08-17 10:10:50.300535+00:00
23489,INT_00033,internships,internships_portal,internships.csv,32,v1,loaded,2026-08-17 10:10:50.300535+00:00
23490,INT_00034,internships,internships_portal,internships.csv,33,v1,loaded,2026-08-17 10:10:50.300535+00:00
23491,INT_00035,internships,internships_portal,internships.csv,34,v1,loaded,2026-08-17 10:10:50.300535+00:00
23492,INT_00036,internships,internships_portal,internships.csv,35,v1,loaded,2026-08-17 10:10:50.300535+00:00
23493,INT_00037,internships,internships_portal,internships.csv,36,v1,loaded,2026-08-17 10:10:50.300535+00:00
23494,INT_00038,internships,internships_portal,internships.csv,37,v1,loaded,2026-08-17 10:10:50.300535+00:00
23495,INT_00039,internships,internships_portal,internships.csv,38,v1,loaded,2026-08-17 10:10:50.300535+00:00
23496,INT_00040,internships,internships_portal,internships.csv,39,v1,loaded,2026-08-17 10:10:50.300535+00:00
23497,INT_00041,internships,internships_portal,internships.csv,40,v1,loaded,2026-08-17 10:10:50.300535+00:00
23498,INT_00042,internships,internships_portal,internships.csv,41,v1,loaded,2026-08-17 10:10:50.300535+00:00
23499,INT_00043,internships,internships_portal,internships.csv,42,v1,loaded,2026-08-17 10:10:50.300535+00:00
23500,INT_00044,internships,internships_portal,internships.csv,43,v1,loaded,2026-08-17 10:10:50.300535+00:00
23501,INT_00045,internships,internships_portal,internships.csv,44,v1,loaded,2026-08-17 10:10:50.300535+00:00
23502,INT_00046,internships,internships_portal,internships.csv,45,v1,loaded,2026-08-17 10:10:50.300535+00:00
23503,INT_00047,internships,internships_portal,internships.csv,46,v1,loaded,2026-08-17 10:10:50.300535+00:00
23504,INT_00048,internships,internships_portal,internships.csv,47,v1,loaded,2026-08-17 10:10:50.300535+00:00
23505,INT_00049,internships,internships_portal,internships.csv,48,v1,loaded,2026-08-17 10:10:50.300535+00:00
23506,INT_00050,internships,internships_portal,internships.csv,49,v1,loaded,2026-08-17 10:10:50.300535+00:00
23507,INT_00051,internships,internships_portal,internships.csv,50,v1,loaded,2026-08-17 10:10:50.300535+00:00
23508,INT_00052,internships,internships_portal,internships.csv,51,v1,loaded,2026-08-17 10:10:50.300535+00:00
23509,INT_00053,internships,internships_portal,internships.csv,52,v1,loaded,2026-08-17 10:10:50.300535+00:00
23510,INT_00054,internships,internships_portal,internships.csv,53,v1,loaded,2026-08-17 10:10:50.300535+00:00
23511,INT_00055,internships,internships_portal,internships.csv,54,v1,loaded,2026-08-17 10:10:50.300535+00:00
23512,INT_00056,internships,internships_portal,internships.csv,55,v1,loaded,2026-08-17 10:10:50.300535+00:00
23513,INT_00057,internships,internships_portal,internships.csv,56,v1,loaded,2026-08-17 10:10:50.300535+00:00
23514,INT_00058,internships,internships_portal,internships.csv,57,v1,loaded,2026-08-17 10:10:50.300535+00:00
23515,INT_00059,internships,internships_portal,internships.csv,58,v1,loaded,2026-08-17 10:10:50.300535+00:00
23516,INT_00060,internships,internships_portal,internships.csv,59,v1,loaded,2026-08-17 10:10:50.300535+00:00
23517,INT_00061,internships,internships_portal,internships.csv,60,v1,loaded,2026-08-17 10:10:50.300535+00:00
23518,INT_00062,internships,internships_portal,internships.csv,61,v1,loaded,2026-08-17 10:10:50.300535+00:00
23519,INT_00063,internships,internships_portal,internships.csv,62,v1,loaded,2026-08-17 10:10:50.300535+00:00
23520,INT_00064,internships,internships_portal,internships.csv,63,v1,loaded,2026-08-17 10:10:50.300535+00:00
23521,INT_00065,internships,internships_portal,internships.csv,64,v1,loaded,2026-08-17 10:10:50.300535+00:00
23522,INT_00066,internships,internships_portal,internships.csv,65,v1,loaded,2026-08-17 10:10:50.300535+00:00
23523,INT_00067,internships,internships_portal,internships.csv,66,v1,loaded,2026-08-17 10:10:50.300535+00:00
23524,INT_00068,internships,internships_portal,internships.csv,67,v1,loaded,2026-08-17 10:10:50.300535+00:00
23525,INT_00069,internships,internships_portal,internships.csv,68,v1,loaded,2026-08-17 10:10:50.300535+00:00
23526,INT_00070,internships,internships_portal,internships.csv,69,v1,loaded,2026-08-17 10:10:50.300535+00:00
23527,INT_00071,internships,internships_portal,internships.csv,70,v1,loaded,2026-08-17 10:10:50.300535+00:00
23528,INT_00072,internships,internships_portal,internships.csv,71,v1,loaded,2026-08-17 10:10:50.300535+00:00
23529,INT_00073,internships,internships_portal,internships.csv,72,v1,loaded,2026-08-17 10:10:50.300535+00:00
23530,INT_00074,internships,internships_portal,internships.csv,73,v1,loaded,2026-08-17 10:10:50.300535+00:00
23531,INT_00075,internships,internships_portal,internships.csv,74,v1,loaded,2026-08-17 10:10:50.300535+00:00
23532,INT_00076,internships,internships_portal,internships.csv,75,v1,loaded,2026-08-17 10:10:50.300535+00:00
23533,INT_00077,internships,internships_portal,internships.csv,76,v1,loaded,2026-08-17 10:10:50.300535+00:00
23534,INT_00078,internships,internships_portal,internships.csv,77,v1,loaded,2026-08-17 10:10:50.300535+00:00
23535,INT_00079,internships,internships_portal,internships.csv,78,v1,loaded,2026-08-17 10:10:50.300535+00:00
23536,INT_00080,internships,internships_portal,internships.csv,79,v1,loaded,2026-08-17 10:10:50.300535+00:00
23537,INT_00081,internships,internships_portal,internships.csv,80,v1,loaded,2026-08-17 10:10:50.300535+00:00
23538,INT_00082,internships,internships_portal,internships.csv,81,v1,loaded,2026-08-17 10:10:50.300535+00:00
23539,INT_00083,internships,internships_portal,internships.csv,82,v1,loaded,2026-08-17 10:10:50.300535+00:00
23540,INT_00084,internships,internships_portal,internships.csv,83,v1,loaded,2026-08-17 10:10:50.300535+00:00
23541,INT_00085,internships,internships_portal,internships.csv,84,v1,loaded,2026-08-17 10:10:50.300535+00:00
23542,INT_00086,internships,internships_portal,internships.csv,85,v1,loaded,2026-08-17 10:10:50.300535+00:00
23543,INT_00087,internships,internships_portal,internships.csv,86,v1,loaded,2026-08-17 10:10:50.300535+00:00
23544,INT_00088,internships,internships_portal,internships.csv,87,v1,loaded,2026-08-17 10:10:50.300535+00:00
23545,INT_00089,internships,internships_portal,internships.csv,88,v1,loaded,2026-08-17 10:10:50.300535+00:00
23546,INT_00090,internships,internships_portal,internships.csv,89,v1,loaded,2026-08-17 10:10:50.300535+00:00
23547,INT_00091,internships,internships_portal,internships.csv,90,v1,loaded,2026-08-17 10:10:50.300535+00:00
23548,INT_00092,internships,internships_portal,internships.csv,91,v1,loaded,2026-08-17 10:10:50.300535+00:00
23549,INT_00093,internships,internships_portal,internships.csv,92,v1,loaded,2026-08-17 10:10:50.300535+00:00
23550,INT_00094,internships,internships_portal,internships.csv,93,v1,loaded,2026-08-17 10:10:50.300535+00:00
23551,INT_00095,internships,internships_portal,internships.csv,94,v1,loaded,2026-08-17 10:10:50.300535+00:00
23552,INT_00096,internships,internships_portal,internships.csv,95,v1,loaded,2026-08-17 10:10:50.300535+00:00
23553,INT_00097,internships,internships_portal,internships.csv,96,v1,loaded,2026-08-17 10:10:50.300535+00:00
23554,INT_00098,internships,internships_portal,internships.csv,97,v1,loaded,2026-08-17 10:10:50.300535+00:00
23555,INT_00099,internships,internships_portal,internships.csv,98,v1,loaded,2026-08-17 10:10:50.300535+00:00
23556,INT_00100,internships,internships_portal,internships.csv,99,v1,loaded,2026-08-17 10:10:50.300535+00:00
23557,INT_00101,internships,internships_portal,internships.csv,100,v1,loaded,2026-08-17 10:10:50.300535+00:00
23558,INT_00102,internships,internships_portal,internships.csv,101,v1,loaded,2026-08-17 10:10:50.300535+00:00
23559,INT_00103,internships,internships_portal,internships.csv,102,v1,loaded,2026-08-17 10:10:50.300535+00:00
23560,INT_00104,internships,internships_portal,internships.csv,103,v1,loaded,2026-08-17 10:10:50.300535+00:00
23561,INT_00105,internships,internships_portal,internships.csv,104,v1,loaded,2026-08-17 10:10:50.300535+00:00
23562,INT_00106,internships,internships_portal,internships.csv,105,v1,loaded,2026-08-17 10:10:50.300535+00:00
23563,INT_00107,internships,internships_portal,internships.csv,106,v1,loaded,2026-08-17 10:10:50.300535+00:00
23564,INT_00108,internships,internships_portal,internships.csv,107,v1,loaded,2026-08-17 10:10:50.300535+00:00
23565,INT_00109,internships,internships_portal,internships.csv,108,v1,loaded,2026-08-17 10:10:50.300535+00:00
23566,INT_00110,internships,internships_portal,internships.csv,109,v1,loaded,2026-08-17 10:10:50.300535+00:00
23567,INT_00111,internships,internships_portal,internships.csv,110,v1,loaded,2026-08-17 10:10:50.300535+00:00
23568,INT_00112,internships,internships_portal,internships.csv,111,v1,loaded,2026-08-17 10:10:50.300535+00:00
23569,INT_00113,internships,internships_portal,internships.csv,112,v1,loaded,2026-08-17 10:10:50.300535+00:00
23570,INT_00114,internships,internships_portal,internships.csv,113,v1,loaded,2026-08-17 10:10:50.300535+00:00
23571,INT_00115,internships,internships_portal,internships.csv,114,v1,loaded,2026-08-17 10:10:50.300535+00:00
23572,INT_00116,internships,internships_portal,internships.csv,115,v1,loaded,2026-08-17 10:10:50.300535+00:00
23573,INT_00117,internships,internships_portal,internships.csv,116,v1,loaded,2026-08-17 10:10:50.300535+00:00
23574,INT_00118,internships,internships_portal,internships.csv,117,v1,loaded,2026-08-17 10:10:50.300535+00:00
23575,INT_00119,internships,internships_portal,internships.csv,118,v1,loaded,2026-08-17 10:10:50.300535+00:00
23576,INT_00120,internships,internships_portal,internships.csv,119,v1,loaded,2026-08-17 10:10:50.300535+00:00
23577,INT_00121,internships,internships_portal,internships.csv,120,v1,loaded,2026-08-17 10:10:50.300535+00:00
23578,INT_00122,internships,internships_portal,internships.csv,121,v1,loaded,2026-08-17 10:10:50.300535+00:00
23579,INT_00123,internships,internships_portal,internships.csv,122,v1,loaded,2026-08-17 10:10:50.300535+00:00
23580,INT_00124,internships,internships_portal,internships.csv,123,v1,loaded,2026-08-17 10:10:50.300535+00:00
23581,INT_00125,internships,internships_portal,internships.csv,124,v1,loaded,2026-08-17 10:10:50.300535+00:00
23582,INT_00126,internships,internships_portal,internships.csv,125,v1,loaded,2026-08-17 10:10:50.300535+00:00
23583,INT_00127,internships,internships_portal,internships.csv,126,v1,loaded,2026-08-17 10:10:50.300535+00:00
23584,INT_00128,internships,internships_portal,internships.csv,127,v1,loaded,2026-08-17 10:10:50.300535+00:00
23585,INT_00129,internships,internships_portal,internships.csv,128,v1,loaded,2026-08-17 10:10:50.300535+00:00
23586,INT_00130,internships,internships_portal,internships.csv,129,v1,loaded,2026-08-17 10:10:50.300535+00:00
23587,INT_00131,internships,internships_portal,internships.csv,130,v1,loaded,2026-08-17 10:10:50.300535+00:00
23588,INT_00132,internships,internships_portal,internships.csv,131,v1,loaded,2026-08-17 10:10:50.300535+00:00
23589,INT_00133,internships,internships_portal,internships.csv,132,v1,loaded,2026-08-17 10:10:50.300535+00:00
23590,INT_00134,internships,internships_portal,internships.csv,133,v1,loaded,2026-08-17 10:10:50.300535+00:00
23591,INT_00135,internships,internships_portal,internships.csv,134,v1,loaded,2026-08-17 10:10:50.300535+00:00
23592,INT_00136,internships,internships_portal,internships.csv,135,v1,loaded,2026-08-17 10:10:50.300535+00:00
23593,INT_00137,internships,internships_portal,internships.csv,136,v1,loaded,2026-08-17 10:10:50.300535+00:00
23594,INT_00138,internships,internships_portal,internships.csv,137,v1,loaded,2026-08-17 10:10:50.300535+00:00
23595,INT_00139,internships,internships_portal,internships.csv,138,v1,loaded,2026-08-17 10:10:50.300535+00:00
23596,INT_00140,internships,internships_portal,internships.csv,139,v1,loaded,2026-08-17 10:10:50.300535+00:00
23597,INT_00141,internships,internships_portal,internships.csv,140,v1,loaded,2026-08-17 10:10:50.300535+00:00
23598,INT_00142,internships,internships_portal,internships.csv,141,v1,loaded,2026-08-17 10:10:50.300535+00:00
23599,INT_00143,internships,internships_portal,internships.csv,142,v1,loaded,2026-08-17 10:10:50.300535+00:00
23600,INT_00144,internships,internships_portal,internships.csv,143,v1,loaded,2026-08-17 10:10:50.300535+00:00
23601,INT_00145,internships,internships_portal,internships.csv,144,v1,loaded,2026-08-17 10:10:50.300535+00:00
23602,INT_00146,internships,internships_portal,internships.csv,145,v1,loaded,2026-08-17 10:10:50.300535+00:00
23603,INT_00147,internships,internships_portal,internships.csv,146,v1,loaded,2026-08-17 10:10:50.300535+00:00
23604,INT_00148,internships,internships_portal,internships.csv,147,v1,loaded,2026-08-17 10:10:50.300535+00:00
23605,INT_00149,internships,internships_portal,internships.csv,148,v1,loaded,2026-08-17 10:10:50.300535+00:00
23606,INT_00150,internships,internships_portal,internships.csv,149,v1,loaded,2026-08-17 10:10:50.300535+00:00
23607,INT_00151,internships,internships_portal,internships.csv,150,v1,loaded,2026-08-17 10:10:50.300535+00:00
23608,INT_00152,internships,internships_portal,internships.csv,151,v1,loaded,2026-08-17 10:10:50.300535+00:00
23609,INT_00153,internships,internships_portal,internships.csv,152,v1,loaded,2026-08-17 10:10:50.300535+00:00
23610,INT_00154,internships,internships_portal,internships.csv,153,v1,loaded,2026-08-17 10:10:50.300535+00:00
23611,INT_00155,internships,internships_portal,internships.csv,154,v1,loaded,2026-08-17 10:10:50.300535+00:00
23612,INT_00156,internships,internships_portal,internships.csv,155,v1,loaded,2026-08-17 10:10:50.300535+00:00
23613,INT_00157,internships,internships_portal,internships.csv,156,v1,loaded,2026-08-17 10:10:50.300535+00:00
23614,INT_00158,internships,internships_portal,internships.csv,157,v1,loaded,2026-08-17 10:10:50.300535+00:00
23615,INT_00159,internships,internships_portal,internships.csv,158,v1,loaded,2026-08-17 10:10:50.300535+00:00
23616,INT_00160,internships,internships_portal,internships.csv,159,v1,loaded,2026-08-17 10:10:50.300535+00:00
23617,INT_00161,internships,internships_portal,internships.csv,160,v1,loaded,2026-08-17 10:10:50.300535+00:00
23618,INT_00162,internships,internships_portal,internships.csv,161,v1,loaded,2026-08-17 10:10:50.300535+00:00
23619,INT_00163,internships,internships_portal,internships.csv,162,v1,loaded,2026-08-17 10:10:50.300535+00:00
23620,INT_00164,internships,internships_portal,internships.csv,163,v1,loaded,2026-08-17 10:10:50.300535+00:00
23621,INT_00165,internships,internships_portal,internships.csv,164,v1,loaded,2026-08-17 10:10:50.300535+00:00
23622,INT_00166,internships,internships_portal,internships.csv,165,v1,loaded,2026-08-17 10:10:50.300535+00:00
23623,INT_00167,internships,internships_portal,internships.csv,166,v1,loaded,2026-08-17 10:10:50.300535+00:00
23624,INT_00168,internships,internships_portal,internships.csv,167,v1,loaded,2026-08-17 10:10:50.300535+00:00
23625,INT_00169,internships,internships_portal,internships.csv,168,v1,loaded,2026-08-17 10:10:50.300535+00:00
23626,INT_00170,internships,internships_portal,internships.csv,169,v1,loaded,2026-08-17 10:10:50.300535+00:00
23627,INT_00171,internships,internships_portal,internships.csv,170,v1,loaded,2026-08-17 10:10:50.300535+00:00
23628,INT_00172,internships,internships_portal,internships.csv,171,v1,loaded,2026-08-17 10:10:50.300535+00:00
23629,INT_00173,internships,internships_portal,internships.csv,172,v1,loaded,2026-08-17 10:10:50.300535+00:00
23630,INT_00174,internships,internships_portal,internships.csv,173,v1,loaded,2026-08-17 10:10:50.300535+00:00
23631,INT_00175,internships,internships_portal,internships.csv,174,v1,loaded,2026-08-17 10:10:50.300535+00:00
23632,INT_00176,internships,internships_portal,internships.csv,175,v1,loaded,2026-08-17 10:10:50.300535+00:00
23633,INT_00177,internships,internships_portal,internships.csv,176,v1,loaded,2026-08-17 10:10:50.300535+00:00
23634,INT_00178,internships,internships_portal,internships.csv,177,v1,loaded,2026-08-17 10:10:50.300535+00:00
23635,INT_00179,internships,internships_portal,internships.csv,178,v1,loaded,2026-08-17 10:10:50.300535+00:00
23636,INT_00180,internships,internships_portal,internships.csv,179,v1,loaded,2026-08-17 10:10:50.300535+00:00
23637,INT_00181,internships,internships_portal,internships.csv,180,v1,loaded,2026-08-17 10:10:50.300535+00:00
23638,INT_00182,internships,internships_portal,internships.csv,181,v1,loaded,2026-08-17 10:10:50.300535+00:00
23639,INT_00183,internships,internships_portal,internships.csv,182,v1,loaded,2026-08-17 10:10:50.300535+00:00
23640,INT_00184,internships,internships_portal,internships.csv,183,v1,loaded,2026-08-17 10:10:50.300535+00:00
23641,INT_00185,internships,internships_portal,internships.csv,184,v1,loaded,2026-08-17 10:10:50.300535+00:00
23642,INT_00186,internships,internships_portal,internships.csv,185,v1,loaded,2026-08-17 10:10:50.300535+00:00
23643,INT_00187,internships,internships_portal,internships.csv,186,v1,loaded,2026-08-17 10:10:50.300535+00:00
23644,INT_00188,internships,internships_portal,internships.csv,187,v1,loaded,2026-08-17 10:10:50.300535+00:00
23645,INT_00189,internships,internships_portal,internships.csv,188,v1,loaded,2026-08-17 10:10:50.300535+00:00
23646,INT_00190,internships,internships_portal,internships.csv,189,v1,loaded,2026-08-17 10:10:50.300535+00:00
23647,INT_00191,internships,internships_portal,internships.csv,190,v1,loaded,2026-08-17 10:10:50.300535+00:00
23648,INT_00192,internships,internships_portal,internships.csv,191,v1,loaded,2026-08-17 10:10:50.300535+00:00
23649,INT_00193,internships,internships_portal,internships.csv,192,v1,loaded,2026-08-17 10:10:50.300535+00:00
23650,INT_00194,internships,internships_portal,internships.csv,193,v1,loaded,2026-08-17 10:10:50.300535+00:00
23651,INT_00195,internships,internships_portal,internships.csv,194,v1,loaded,2026-08-17 10:10:50.300535+00:00
23652,INT_00196,internships,internships_portal,internships.csv,195,v1,loaded,2026-08-17 10:10:50.300535+00:00
23653,INT_00197,internships,internships_portal,internships.csv,196,v1,loaded,2026-08-17 10:10:50.300535+00:00
23654,INT_00198,internships,internships_portal,internships.csv,197,v1,loaded,2026-08-17 10:10:50.300535+00:00
23655,INT_00199,internships,internships_portal,internships.csv,198,v1,loaded,2026-08-17 10:10:50.300535+00:00
23656,INT_00200,internships,internships_portal,internships.csv,199,v1,loaded,2026-08-17 10:10:50.300535+00:00
23657,INT_00201,internships,internships_portal,internships.csv,200,v1,loaded,2026-08-17 10:10:50.300535+00:00
23658,INT_00202,internships,internships_portal,internships.csv,201,v1,loaded,2026-08-17 10:10:50.300535+00:00
23659,INT_00203,internships,internships_portal,internships.csv,202,v1,loaded,2026-08-17 10:10:50.300535+00:00
23660,INT_00204,internships,internships_portal,internships.csv,203,v1,loaded,2026-08-17 10:10:50.300535+00:00
23661,INT_00205,internships,internships_portal,internships.csv,204,v1,loaded,2026-08-17 10:10:50.300535+00:00
23662,INT_00206,internships,internships_portal,internships.csv,205,v1,loaded,2026-08-17 10:10:50.300535+00:00
23663,INT_00207,internships,internships_portal,internships.csv,206,v1,loaded,2026-08-17 10:10:50.300535+00:00
23664,INT_00208,internships,internships_portal,internships.csv,207,v1,loaded,2026-08-17 10:10:50.300535+00:00
23665,INT_00209,internships,internships_portal,internships.csv,208,v1,loaded,2026-08-17 10:10:50.300535+00:00
23666,INT_00210,internships,internships_portal,internships.csv,209,v1,loaded,2026-08-17 10:10:50.300535+00:00
23667,INT_00211,internships,internships_portal,internships.csv,210,v1,loaded,2026-08-17 10:10:50.300535+00:00
23668,INT_00212,internships,internships_portal,internships.csv,211,v1,loaded,2026-08-17 10:10:50.300535+00:00
23669,INT_00213,internships,internships_portal,internships.csv,212,v1,loaded,2026-08-17 10:10:50.300535+00:00
23670,INT_00214,internships,internships_portal,internships.csv,213,v1,loaded,2026-08-17 10:10:50.300535+00:00
23671,INT_00215,internships,internships_portal,internships.csv,214,v1,loaded,2026-08-17 10:10:50.300535+00:00
23672,INT_00216,internships,internships_portal,internships.csv,215,v1,loaded,2026-08-17 10:10:50.300535+00:00
23673,INT_00217,internships,internships_portal,internships.csv,216,v1,loaded,2026-08-17 10:10:50.300535+00:00
23674,INT_00218,internships,internships_portal,internships.csv,217,v1,loaded,2026-08-17 10:10:50.300535+00:00
23675,INT_00219,internships,internships_portal,internships.csv,218,v1,loaded,2026-08-17 10:10:50.300535+00:00
23676,INT_00220,internships,internships_portal,internships.csv,219,v1,loaded,2026-08-17 10:10:50.300535+00:00
23677,INT_00221,internships,internships_portal,internships.csv,220,v1,loaded,2026-08-17 10:10:50.300535+00:00
23678,INT_00222,internships,internships_portal,internships.csv,221,v1,loaded,2026-08-17 10:10:50.300535+00:00
23679,INT_00223,internships,internships_portal,internships.csv,222,v1,loaded,2026-08-17 10:10:50.300535+00:00
23680,INT_00224,internships,internships_portal,internships.csv,223,v1,loaded,2026-08-17 10:10:50.300535+00:00
23681,INT_00225,internships,internships_portal,internships.csv,224,v1,loaded,2026-08-17 10:10:50.300535+00:00
23682,INT_00226,internships,internships_portal,internships.csv,225,v1,loaded,2026-08-17 10:10:50.300535+00:00
23683,INT_00227,internships,internships_portal,internships.csv,226,v1,loaded,2026-08-17 10:10:50.300535+00:00
23684,INT_00228,internships,internships_portal,internships.csv,227,v1,loaded,2026-08-17 10:10:50.300535+00:00
23685,INT_00229,internships,internships_portal,internships.csv,228,v1,loaded,2026-08-17 10:10:50.300535+00:00
23686,INT_00230,internships,internships_portal,internships.csv,229,v1,loaded,2026-08-17 10:10:50.300535+00:00
23687,INT_00231,internships,internships_portal,internships.csv,230,v1,loaded,2026-08-17 10:10:50.300535+00:00
23688,INT_00232,internships,internships_portal,internships.csv,231,v1,loaded,2026-08-17 10:10:50.300535+00:00
23689,INT_00233,internships,internships_portal,internships.csv,232,v1,loaded,2026-08-17 10:10:50.300535+00:00
23690,INT_00234,internships,internships_portal,internships.csv,233,v1,loaded,2026-08-17 10:10:50.300535+00:00
23691,INT_00235,internships,internships_portal,internships.csv,234,v1,loaded,2026-08-17 10:10:50.300535+00:00
23692,INT_00236,internships,internships_portal,internships.csv,235,v1,loaded,2026-08-17 10:10:50.300535+00:00
23693,INT_00237,internships,internships_portal,internships.csv,236,v1,loaded,2026-08-17 10:10:50.300535+00:00
23694,INT_00238,internships,internships_portal,internships.csv,237,v1,loaded,2026-08-17 10:10:50.300535+00:00
23695,INT_00239,internships,internships_portal,internships.csv,238,v1,loaded,2026-08-17 10:10:50.300535+00:00
23696,INT_00240,internships,internships_portal,internships.csv,239,v1,loaded,2026-08-17 10:10:50.300535+00:00
23697,INT_00241,internships,internships_portal,internships.csv,240,v1,loaded,2026-08-17 10:10:50.300535+00:00
23698,INT_00242,internships,internships_portal,internships.csv,241,v1,loaded,2026-08-17 10:10:50.300535+00:00
23699,INT_00243,internships,internships_portal,internships.csv,242,v1,loaded,2026-08-17 10:10:50.300535+00:00
23700,INT_00244,internships,internships_portal,internships.csv,243,v1,loaded,2026-08-17 10:10:50.300535+00:00
23701,INT_00245,internships,internships_portal,internships.csv,244,v1,loaded,2026-08-17 10:10:50.300535+00:00
23702,INT_00246,internships,internships_portal,internships.csv,245,v1,loaded,2026-08-17 10:10:50.300535+00:00
23703,INT_00247,internships,internships_portal,internships.csv,246,v1,loaded,2026-08-17 10:10:50.300535+00:00
23704,INT_00248,internships,internships_portal,internships.csv,247,v1,loaded,2026-08-17 10:10:50.300535+00:00
23705,INT_00249,internships,internships_portal,internships.csv,248,v1,loaded,2026-08-17 10:10:50.300535+00:00
23706,INT_00250,internships,internships_portal,internships.csv,249,v1,loaded,2026-08-17 10:10:50.300535+00:00
23707,INT_00251,internships,internships_portal,internships.csv,250,v1,loaded,2026-08-17 10:10:50.300535+00:00
23708,INT_00252,internships,internships_portal,internships.csv,251,v1,loaded,2026-08-17 10:10:50.300535+00:00
23709,INT_00253,internships,internships_portal,internships.csv,252,v1,loaded,2026-08-17 10:10:50.300535+00:00
23710,INT_00254,internships,internships_portal,internships.csv,253,v1,loaded,2026-08-17 10:10:50.300535+00:00
23711,INT_00255,internships,internships_portal,internships.csv,254,v1,loaded,2026-08-17 10:10:50.300535+00:00
23712,INT_00256,internships,internships_portal,internships.csv,255,v1,loaded,2026-08-17 10:10:50.300535+00:00
23713,INT_00257,internships,internships_portal,internships.csv,256,v1,loaded,2026-08-17 10:10:50.300535+00:00
23714,INT_00258,internships,internships_portal,internships.csv,257,v1,loaded,2026-08-17 10:10:50.300535+00:00
23715,INT_00259,internships,internships_portal,internships.csv,258,v1,loaded,2026-08-17 10:10:50.300535+00:00
23716,INT_00260,internships,internships_portal,internships.csv,259,v1,loaded,2026-08-17 10:10:50.300535+00:00
23717,INT_00261,internships,internships_portal,internships.csv,260,v1,loaded,2026-08-17 10:10:50.300535+00:00
23718,INT_00262,internships,internships_portal,internships.csv,261,v1,loaded,2026-08-17 10:10:50.300535+00:00
23719,INT_00263,internships,internships_portal,internships.csv,262,v1,loaded,2026-08-17 10:10:50.300535+00:00
23720,INT_00264,internships,internships_portal,internships.csv,263,v1,loaded,2026-08-17 10:10:50.300535+00:00
23721,INT_00265,internships,internships_portal,internships.csv,264,v1,loaded,2026-08-17 10:10:50.300535+00:00
23722,INT_00266,internships,internships_portal,internships.csv,265,v1,loaded,2026-08-17 10:10:50.300535+00:00
23723,INT_00267,internships,internships_portal,internships.csv,266,v1,loaded,2026-08-17 10:10:50.300535+00:00
23724,INT_00268,internships,internships_portal,internships.csv,267,v1,loaded,2026-08-17 10:10:50.300535+00:00
23725,INT_00269,internships,internships_portal,internships.csv,268,v1,loaded,2026-08-17 10:10:50.300535+00:00
23726,INT_00270,internships,internships_portal,internships.csv,269,v1,loaded,2026-08-17 10:10:50.300535+00:00
23727,INT_00271,internships,internships_portal,internships.csv,270,v1,loaded,2026-08-17 10:10:50.300535+00:00
23728,INT_00272,internships,internships_portal,internships.csv,271,v1,loaded,2026-08-17 10:10:50.300535+00:00
23729,INT_00273,internships,internships_portal,internships.csv,272,v1,loaded,2026-08-17 10:10:50.300535+00:00
23730,INT_00274,internships,internships_portal,internships.csv,273,v1,loaded,2026-08-17 10:10:50.300535+00:00
23731,INT_00275,internships,internships_portal,internships.csv,274,v1,loaded,2026-08-17 10:10:50.300535+00:00
23732,INT_00276,internships,internships_portal,internships.csv,275,v1,loaded,2026-08-17 10:10:50.300535+00:00
23733,INT_00277,internships,internships_portal,internships.csv,276,v1,loaded,2026-08-17 10:10:50.300535+00:00
23734,INT_00278,internships,internships_portal,internships.csv,277,v1,loaded,2026-08-17 10:10:50.300535+00:00
23735,INT_00279,internships,internships_portal,internships.csv,278,v1,loaded,2026-08-17 10:10:50.300535+00:00
23736,INT_00280,internships,internships_portal,internships.csv,279,v1,loaded,2026-08-17 10:10:50.300535+00:00
23737,INT_00281,internships,internships_portal,internships.csv,280,v1,loaded,2026-08-17 10:10:50.300535+00:00
23738,INT_00282,internships,internships_portal,internships.csv,281,v1,loaded,2026-08-17 10:10:50.300535+00:00
23739,INT_00283,internships,internships_portal,internships.csv,282,v1,loaded,2026-08-17 10:10:50.300535+00:00
23740,INT_00284,internships,internships_portal,internships.csv,283,v1,loaded,2026-08-17 10:10:50.300535+00:00
23741,INT_00285,internships,internships_portal,internships.csv,284,v1,loaded,2026-08-17 10:10:50.300535+00:00
23742,INT_00286,internships,internships_portal,internships.csv,285,v1,loaded,2026-08-17 10:10:50.300535+00:00
23743,INT_00287,internships,internships_portal,internships.csv,286,v1,loaded,2026-08-17 10:10:50.300535+00:00
23744,INT_00288,internships,internships_portal,internships.csv,287,v1,loaded,2026-08-17 10:10:50.300535+00:00
23745,INT_00289,internships,internships_portal,internships.csv,288,v1,loaded,2026-08-17 10:10:50.300535+00:00
23746,INT_00290,internships,internships_portal,internships.csv,289,v1,loaded,2026-08-17 10:10:50.300535+00:00
23747,INT_00291,internships,internships_portal,internships.csv,290,v1,loaded,2026-08-17 10:10:50.300535+00:00
23748,INT_00292,internships,internships_portal,internships.csv,291,v1,loaded,2026-08-17 10:10:50.300535+00:00
23749,INT_00293,internships,internships_portal,internships.csv,292,v1,loaded,2026-08-17 10:10:50.300535+00:00
23750,INT_00294,internships,internships_portal,internships.csv,293,v1,loaded,2026-08-17 10:10:50.300535+00:00
23751,INT_00295,internships,internships_portal,internships.csv,294,v1,loaded,2026-08-17 10:10:50.300535+00:00
23752,INT_00296,internships,internships_portal,internships.csv,295,v1,loaded,2026-08-17 10:10:50.300535+00:00
23753,INT_00297,internships,internships_portal,internships.csv,296,v1,loaded,2026-08-17 10:10:50.300535+00:00
23754,INT_00298,internships,internships_portal,internships.csv,297,v1,loaded,2026-08-17 10:10:50.300535+00:00
23755,INT_00299,internships,internships_portal,internships.csv,298,v1,loaded,2026-08-17 10:10:50.300535+00:00
23756,INT_00300,internships,internships_portal,internships.csv,299,v1,loaded,2026-08-17 10:10:50.300535+00:00
23757,INT_00301,internships,internships_portal,internships.csv,300,v1,loaded,2026-08-17 10:10:50.300535+00:00
23758,INT_00302,internships,internships_portal,internships.csv,301,v1,loaded,2026-08-17 10:10:50.300535+00:00
23759,INT_00303,internships,internships_portal,internships.csv,302,v1,loaded,2026-08-17 10:10:50.300535+00:00
23760,INT_00304,internships,internships_portal,internships.csv,303,v1,loaded,2026-08-17 10:10:50.300535+00:00
23761,INT_00305,internships,internships_portal,internships.csv,304,v1,loaded,2026-08-17 10:10:50.300535+00:00
23762,INT_00306,internships,internships_portal,internships.csv,305,v1,loaded,2026-08-17 10:10:50.300535+00:00
23763,INT_00307,internships,internships_portal,internships.csv,306,v1,loaded,2026-08-17 10:10:50.300535+00:00
23764,INT_00308,internships,internships_portal,internships.csv,307,v1,loaded,2026-08-17 10:10:50.300535+00:00
23765,INT_00309,internships,internships_portal,internships.csv,308,v1,loaded,2026-08-17 10:10:50.300535+00:00
23766,INT_00310,internships,internships_portal,internships.csv,309,v1,loaded,2026-08-17 10:10:50.300535+00:00
23767,INT_00311,internships,internships_portal,internships.csv,310,v1,loaded,2026-08-17 10:10:50.300535+00:00
23768,INT_00312,internships,internships_portal,internships.csv,311,v1,loaded,2026-08-17 10:10:50.300535+00:00
23769,INT_00313,internships,internships_portal,internships.csv,312,v1,loaded,2026-08-17 10:10:50.300535+00:00
23770,INT_00314,internships,internships_portal,internships.csv,313,v1,loaded,2026-08-17 10:10:50.300535+00:00
23771,INT_00315,internships,internships_portal,internships.csv,314,v1,loaded,2026-08-17 10:10:50.300535+00:00
23772,INT_00316,internships,internships_portal,internships.csv,315,v1,loaded,2026-08-17 10:10:50.300535+00:00
23773,INT_00317,internships,internships_portal,internships.csv,316,v1,loaded,2026-08-17 10:10:50.300535+00:00
23774,INT_00318,internships,internships_portal,internships.csv,317,v1,loaded,2026-08-17 10:10:50.300535+00:00
23775,INT_00319,internships,internships_portal,internships.csv,318,v1,loaded,2026-08-17 10:10:50.300535+00:00
23776,INT_00320,internships,internships_portal,internships.csv,319,v1,loaded,2026-08-17 10:10:50.300535+00:00
23777,INT_00321,internships,internships_portal,internships.csv,320,v1,loaded,2026-08-17 10:10:50.300535+00:00
23778,INT_00322,internships,internships_portal,internships.csv,321,v1,loaded,2026-08-17 10:10:50.300535+00:00
23779,INT_00323,internships,internships_portal,internships.csv,322,v1,loaded,2026-08-17 10:10:50.300535+00:00
23780,INT_00324,internships,internships_portal,internships.csv,323,v1,loaded,2026-08-17 10:10:50.300535+00:00
23781,INT_00325,internships,internships_portal,internships.csv,324,v1,loaded,2026-08-17 10:10:50.300535+00:00
23782,INT_00326,internships,internships_portal,internships.csv,325,v1,loaded,2026-08-17 10:10:50.300535+00:00
23783,INT_00327,internships,internships_portal,internships.csv,326,v1,loaded,2026-08-17 10:10:50.300535+00:00
23784,INT_00328,internships,internships_portal,internships.csv,327,v1,loaded,2026-08-17 10:10:50.300535+00:00
23785,INT_00329,internships,internships_portal,internships.csv,328,v1,loaded,2026-08-17 10:10:50.300535+00:00
23786,INT_00330,internships,internships_portal,internships.csv,329,v1,loaded,2026-08-17 10:10:50.300535+00:00
23787,INT_00331,internships,internships_portal,internships.csv,330,v1,loaded,2026-08-17 10:10:50.300535+00:00
23788,INT_00332,internships,internships_portal,internships.csv,331,v1,loaded,2026-08-17 10:10:50.300535+00:00
23789,INT_00333,internships,internships_portal,internships.csv,332,v1,loaded,2026-08-17 10:10:50.300535+00:00
23790,INT_00334,internships,internships_portal,internships.csv,333,v1,loaded,2026-08-17 10:10:50.300535+00:00
23791,INT_00335,internships,internships_portal,internships.csv,334,v1,loaded,2026-08-17 10:10:50.300535+00:00
23792,INT_00336,internships,internships_portal,internships.csv,335,v1,loaded,2026-08-17 10:10:50.300535+00:00
23793,INT_00337,internships,internships_portal,internships.csv,336,v1,loaded,2026-08-17 10:10:50.300535+00:00
23794,INT_00338,internships,internships_portal,internships.csv,337,v1,loaded,2026-08-17 10:10:50.300535+00:00
23795,INT_00339,internships,internships_portal,internships.csv,338,v1,loaded,2026-08-17 10:10:50.300535+00:00
23796,INT_00340,internships,internships_portal,internships.csv,339,v1,loaded,2026-08-17 10:10:50.300535+00:00
23797,INT_00341,internships,internships_portal,internships.csv,340,v1,loaded,2026-08-17 10:10:50.300535+00:00
23798,INT_00342,internships,internships_portal,internships.csv,341,v1,loaded,2026-08-17 10:10:50.300535+00:00
23799,INT_00343,internships,internships_portal,internships.csv,342,v1,loaded,2026-08-17 10:10:50.300535+00:00
23800,INT_00344,internships,internships_portal,internships.csv,343,v1,loaded,2026-08-17 10:10:50.300535+00:00
23801,INT_00345,internships,internships_portal,internships.csv,344,v1,loaded,2026-08-17 10:10:50.300535+00:00
23802,INT_00346,internships,internships_portal,internships.csv,345,v1,loaded,2026-08-17 10:10:50.300535+00:00
23803,INT_00347,internships,internships_portal,internships.csv,346,v1,loaded,2026-08-17 10:10:50.300535+00:00
23804,INT_00348,internships,internships_portal,internships.csv,347,v1,loaded,2026-08-17 10:10:50.300535+00:00
23805,INT_00349,internships,internships_portal,internships.csv,348,v1,loaded,2026-08-17 10:10:50.300535+00:00
23806,INT_00350,internships,internships_portal,internships.csv,349,v1,loaded,2026-08-17 10:10:50.300535+00:00
23807,INT_00351,internships,internships_portal,internships.csv,350,v1,loaded,2026-08-17 10:10:50.300535+00:00
23808,INT_00352,internships,internships_portal,internships.csv,351,v1,loaded,2026-08-17 10:10:50.300535+00:00
23809,INT_00353,internships,internships_portal,internships.csv,352,v1,loaded,2026-08-17 10:10:50.300535+00:00
23810,INT_00354,internships,internships_portal,internships.csv,353,v1,loaded,2026-08-17 10:10:50.300535+00:00
23811,INT_00355,internships,internships_portal,internships.csv,354,v1,loaded,2026-08-17 10:10:50.300535+00:00
23812,INT_00356,internships,internships_portal,internships.csv,355,v1,loaded,2026-08-17 10:10:50.300535+00:00
23813,INT_00357,internships,internships_portal,internships.csv,356,v1,loaded,2026-08-17 10:10:50.300535+00:00
23814,INT_00358,internships,internships_portal,internships.csv,357,v1,loaded,2026-08-17 10:10:50.300535+00:00
23815,INT_00359,internships,internships_portal,internships.csv,358,v1,loaded,2026-08-17 10:10:50.300535+00:00
23816,INT_00360,internships,internships_portal,internships.csv,359,v1,loaded,2026-08-17 10:10:50.300535+00:00
23817,INT_00361,internships,internships_portal,internships.csv,360,v1,loaded,2026-08-17 10:10:50.300535+00:00
23818,INT_00362,internships,internships_portal,internships.csv,361,v1,loaded,2026-08-17 10:10:50.300535+00:00
23819,INT_00363,internships,internships_portal,internships.csv,362,v1,loaded,2026-08-17 10:10:50.300535+00:00
23820,INT_00364,internships,internships_portal,internships.csv,363,v1,loaded,2026-08-17 10:10:50.300535+00:00
23821,INT_00365,internships,internships_portal,internships.csv,364,v1,loaded,2026-08-17 10:10:50.300535+00:00
23822,INT_00366,internships,internships_portal,internships.csv,365,v1,loaded,2026-08-17 10:10:50.300535+00:00
23823,INT_00367,internships,internships_portal,internships.csv,366,v1,loaded,2026-08-17 10:10:50.300535+00:00
23824,INT_00368,internships,internships_portal,internships.csv,367,v1,loaded,2026-08-17 10:10:50.300535+00:00
23825,INT_00369,internships,internships_portal,internships.csv,368,v1,loaded,2026-08-17 10:10:50.300535+00:00
23826,INT_00370,internships,internships_portal,internships.csv,369,v1,loaded,2026-08-17 10:10:50.300535+00:00
23827,INT_00371,internships,internships_portal,internships.csv,370,v1,loaded,2026-08-17 10:10:50.300535+00:00
23828,INT_00372,internships,internships_portal,internships.csv,371,v1,loaded,2026-08-17 10:10:50.300535+00:00
23829,INT_00373,internships,internships_portal,internships.csv,372,v1,loaded,2026-08-17 10:10:50.300535+00:00
23830,INT_00374,internships,internships_portal,internships.csv,373,v1,loaded,2026-08-17 10:10:50.300535+00:00
23831,INT_00375,internships,internships_portal,internships.csv,374,v1,loaded,2026-08-17 10:10:50.300535+00:00
23832,INT_00376,internships,internships_portal,internships.csv,375,v1,loaded,2026-08-17 10:10:50.300535+00:00
23833,INT_00377,internships,internships_portal,internships.csv,376,v1,loaded,2026-08-17 10:10:50.300535+00:00
23834,INT_00378,internships,internships_portal,internships.csv,377,v1,loaded,2026-08-17 10:10:50.300535+00:00
23835,INT_00379,internships,internships_portal,internships.csv,378,v1,loaded,2026-08-17 10:10:50.300535+00:00
23836,INT_00380,internships,internships_portal,internships.csv,379,v1,loaded,2026-08-17 10:10:50.300535+00:00
23837,INT_00381,internships,internships_portal,internships.csv,380,v1,loaded,2026-08-17 10:10:50.300535+00:00
23838,INT_00382,internships,internships_portal,internships.csv,381,v1,loaded,2026-08-17 10:10:50.300535+00:00
23839,INT_00383,internships,internships_portal,internships.csv,382,v1,loaded,2026-08-17 10:10:50.300535+00:00
23840,INT_00384,internships,internships_portal,internships.csv,383,v1,loaded,2026-08-17 10:10:50.300535+00:00
23841,INT_00385,internships,internships_portal,internships.csv,384,v1,loaded,2026-08-17 10:10:50.300535+00:00
23842,INT_00386,internships,internships_portal,internships.csv,385,v1,loaded,2026-08-17 10:10:50.300535+00:00
23843,INT_00387,internships,internships_portal,internships.csv,386,v1,loaded,2026-08-17 10:10:50.300535+00:00
23844,INT_00388,internships,internships_portal,internships.csv,387,v1,loaded,2026-08-17 10:10:50.300535+00:00
23845,INT_00389,internships,internships_portal,internships.csv,388,v1,loaded,2026-08-17 10:10:50.300535+00:00
23846,INT_00390,internships,internships_portal,internships.csv,389,v1,loaded,2026-08-17 10:10:50.300535+00:00
23847,INT_00391,internships,internships_portal,internships.csv,390,v1,loaded,2026-08-17 10:10:50.300535+00:00
23848,INT_00392,internships,internships_portal,internships.csv,391,v1,loaded,2026-08-17 10:10:50.300535+00:00
23849,INT_00393,internships,internships_portal,internships.csv,392,v1,loaded,2026-08-17 10:10:50.300535+00:00
23850,INT_00394,internships,internships_portal,internships.csv,393,v1,loaded,2026-08-17 10:10:50.300535+00:00
23851,INT_00395,internships,internships_portal,internships.csv,394,v1,loaded,2026-08-17 10:10:50.300535+00:00
23852,INT_00396,internships,internships_portal,internships.csv,395,v1,loaded,2026-08-17 10:10:50.300535+00:00
23853,INT_00397,internships,internships_portal,internships.csv,396,v1,loaded,2026-08-17 10:10:50.300535+00:00
23854,INT_00398,internships,internships_portal,internships.csv,397,v1,loaded,2026-08-17 10:10:50.300535+00:00
23855,INT_00399,internships,internships_portal,internships.csv,398,v1,loaded,2026-08-17 10:10:50.300535+00:00
23856,INT_00400,internships,internships_portal,internships.csv,399,v1,loaded,2026-08-17 10:10:50.300535+00:00
23857,INT_00401,internships,internships_portal,internships.csv,400,v1,loaded,2026-08-17 10:10:50.300535+00:00
23858,INT_00402,internships,internships_portal,internships.csv,401,v1,loaded,2026-08-17 10:10:50.300535+00:00
23859,INT_00403,internships,internships_portal,internships.csv,402,v1,loaded,2026-08-17 10:10:50.300535+00:00
23860,INT_00404,internships,internships_portal,internships.csv,403,v1,loaded,2026-08-17 10:10:50.300535+00:00
23861,INT_00405,internships,internships_portal,internships.csv,404,v1,loaded,2026-08-17 10:10:50.300535+00:00
23862,INT_00406,internships,internships_portal,internships.csv,405,v1,loaded,2026-08-17 10:10:50.300535+00:00
23863,INT_00407,internships,internships_portal,internships.csv,406,v1,loaded,2026-08-17 10:10:50.300535+00:00
23864,INT_00408,internships,internships_portal,internships.csv,407,v1,loaded,2026-08-17 10:10:50.300535+00:00
23865,INT_00409,internships,internships_portal,internships.csv,408,v1,loaded,2026-08-17 10:10:50.300535+00:00
23866,INT_00410,internships,internships_portal,internships.csv,409,v1,loaded,2026-08-17 10:10:50.300535+00:00
23867,INT_00411,internships,internships_portal,internships.csv,410,v1,loaded,2026-08-17 10:10:50.300535+00:00
23868,INT_00412,internships,internships_portal,internships.csv,411,v1,loaded,2026-08-17 10:10:50.300535+00:00
23869,INT_00413,internships,internships_portal,internships.csv,412,v1,loaded,2026-08-17 10:10:50.300535+00:00
23870,INT_00414,internships,internships_portal,internships.csv,413,v1,loaded,2026-08-17 10:10:50.300535+00:00
23871,INT_00415,internships,internships_portal,internships.csv,414,v1,loaded,2026-08-17 10:10:50.300535+00:00
23872,INT_00416,internships,internships_portal,internships.csv,415,v1,loaded,2026-08-17 10:10:50.300535+00:00
23873,INT_00417,internships,internships_portal,internships.csv,416,v1,loaded,2026-08-17 10:10:50.300535+00:00
23874,INT_00418,internships,internships_portal,internships.csv,417,v1,loaded,2026-08-17 10:10:50.300535+00:00
23875,INT_00419,internships,internships_portal,internships.csv,418,v1,loaded,2026-08-17 10:10:50.300535+00:00
23876,INT_00420,internships,internships_portal,internships.csv,419,v1,loaded,2026-08-17 10:10:50.300535+00:00
23877,INT_00421,internships,internships_portal,internships.csv,420,v1,loaded,2026-08-17 10:10:50.300535+00:00
23878,INT_00422,internships,internships_portal,internships.csv,421,v1,loaded,2026-08-17 10:10:50.300535+00:00
23879,INT_00423,internships,internships_portal,internships.csv,422,v1,loaded,2026-08-17 10:10:50.300535+00:00
23880,INT_00424,internships,internships_portal,internships.csv,423,v1,loaded,2026-08-17 10:10:50.300535+00:00
23881,INT_00425,internships,internships_portal,internships.csv,424,v1,loaded,2026-08-17 10:10:50.300535+00:00
23882,INT_00426,internships,internships_portal,internships.csv,425,v1,loaded,2026-08-17 10:10:50.300535+00:00
23883,INT_00427,internships,internships_portal,internships.csv,426,v1,loaded,2026-08-17 10:10:50.300535+00:00
23884,INT_00428,internships,internships_portal,internships.csv,427,v1,loaded,2026-08-17 10:10:50.300535+00:00
23885,INT_00429,internships,internships_portal,internships.csv,428,v1,loaded,2026-08-17 10:10:50.300535+00:00
23886,INT_00430,internships,internships_portal,internships.csv,429,v1,loaded,2026-08-17 10:10:50.300535+00:00
23887,INT_00431,internships,internships_portal,internships.csv,430,v1,loaded,2026-08-17 10:10:50.300535+00:00
23888,INT_00432,internships,internships_portal,internships.csv,431,v1,loaded,2026-08-17 10:10:50.300535+00:00
23889,INT_00433,internships,internships_portal,internships.csv,432,v1,loaded,2026-08-17 10:10:50.300535+00:00
23890,INT_00434,internships,internships_portal,internships.csv,433,v1,loaded,2026-08-17 10:10:50.300535+00:00
23891,INT_00435,internships,internships_portal,internships.csv,434,v1,loaded,2026-08-17 10:10:50.300535+00:00
23892,INT_00436,internships,internships_portal,internships.csv,435,v1,loaded,2026-08-17 10:10:50.300535+00:00
23893,INT_00437,internships,internships_portal,internships.csv,436,v1,loaded,2026-08-17 10:10:50.300535+00:00
23894,INT_00438,internships,internships_portal,internships.csv,437,v1,loaded,2026-08-17 10:10:50.300535+00:00
23895,INT_00439,internships,internships_portal,internships.csv,438,v1,loaded,2026-08-17 10:10:50.300535+00:00
23896,INT_00440,internships,internships_portal,internships.csv,439,v1,loaded,2026-08-17 10:10:50.300535+00:00
23897,INT_00441,internships,internships_portal,internships.csv,440,v1,loaded,2026-08-17 10:10:50.300535+00:00
23898,INT_00442,internships,internships_portal,internships.csv,441,v1,loaded,2026-08-17 10:10:50.300535+00:00
23899,INT_00443,internships,internships_portal,internships.csv,442,v1,loaded,2026-08-17 10:10:50.300535+00:00
23900,INT_00444,internships,internships_portal,internships.csv,443,v1,loaded,2026-08-17 10:10:50.300535+00:00
23901,INT_00445,internships,internships_portal,internships.csv,444,v1,loaded,2026-08-17 10:10:50.300535+00:00
23902,INT_00446,internships,internships_portal,internships.csv,445,v1,loaded,2026-08-17 10:10:50.300535+00:00
23903,INT_00447,internships,internships_portal,internships.csv,446,v1,loaded,2026-08-17 10:10:50.300535+00:00
23904,INT_00448,internships,internships_portal,internships.csv,447,v1,loaded,2026-08-17 10:10:50.300535+00:00
23905,INT_00449,internships,internships_portal,internships.csv,448,v1,loaded,2026-08-17 10:10:50.300535+00:00
23906,INT_00450,internships,internships_portal,internships.csv,449,v1,loaded,2026-08-17 10:10:50.300535+00:00
23907,INT_00451,internships,internships_portal,internships.csv,450,v1,loaded,2026-08-17 10:10:50.300535+00:00
23908,INT_00452,internships,internships_portal,internships.csv,451,v1,loaded,2026-08-17 10:10:50.300535+00:00
23909,INT_00453,internships,internships_portal,internships.csv,452,v1,loaded,2026-08-17 10:10:50.300535+00:00
23910,INT_00454,internships,internships_portal,internships.csv,453,v1,loaded,2026-08-17 10:10:50.300535+00:00
23911,INT_00455,internships,internships_portal,internships.csv,454,v1,loaded,2026-08-17 10:10:50.300535+00:00
23912,INT_00456,internships,internships_portal,internships.csv,455,v1,loaded,2026-08-17 10:10:50.300535+00:00
23913,INT_00457,internships,internships_portal,internships.csv,456,v1,loaded,2026-08-17 10:10:50.300535+00:00
23914,INT_00458,internships,internships_portal,internships.csv,457,v1,loaded,2026-08-17 10:10:50.300535+00:00
23915,INT_00459,internships,internships_portal,internships.csv,458,v1,loaded,2026-08-17 10:10:50.300535+00:00
23916,INT_00460,internships,internships_portal,internships.csv,459,v1,loaded,2026-08-17 10:10:50.300535+00:00
23917,INT_00461,internships,internships_portal,internships.csv,460,v1,loaded,2026-08-17 10:10:50.300535+00:00
23918,INT_00462,internships,internships_portal,internships.csv,461,v1,loaded,2026-08-17 10:10:50.300535+00:00
23919,INT_00463,internships,internships_portal,internships.csv,462,v1,loaded,2026-08-17 10:10:50.300535+00:00
23920,INT_00464,internships,internships_portal,internships.csv,463,v1,loaded,2026-08-17 10:10:50.300535+00:00
23921,INT_00465,internships,internships_portal,internships.csv,464,v1,loaded,2026-08-17 10:10:50.300535+00:00
23922,INT_00466,internships,internships_portal,internships.csv,465,v1,loaded,2026-08-17 10:10:50.300535+00:00
23923,INT_00467,internships,internships_portal,internships.csv,466,v1,loaded,2026-08-17 10:10:50.300535+00:00
23924,INT_00468,internships,internships_portal,internships.csv,467,v1,loaded,2026-08-17 10:10:50.300535+00:00
23925,INT_00469,internships,internships_portal,internships.csv,468,v1,loaded,2026-08-17 10:10:50.300535+00:00
23926,INT_00470,internships,internships_portal,internships.csv,469,v1,loaded,2026-08-17 10:10:50.300535+00:00
23927,INT_00471,internships,internships_portal,internships.csv,470,v1,loaded,2026-08-17 10:10:50.300535+00:00
23928,INT_00472,internships,internships_portal,internships.csv,471,v1,loaded,2026-08-17 10:10:50.300535+00:00
23929,INT_00473,internships,internships_portal,internships.csv,472,v1,loaded,2026-08-17 10:10:50.300535+00:00
23930,INT_00474,internships,internships_portal,internships.csv,473,v1,loaded,2026-08-17 10:10:50.300535+00:00
23931,INT_00475,internships,internships_portal,internships.csv,474,v1,loaded,2026-08-17 10:10:50.300535+00:00
23932,INT_00476,internships,internships_portal,internships.csv,475,v1,loaded,2026-08-17 10:10:50.300535+00:00
23933,INT_00477,internships,internships_portal,internships.csv,476,v1,loaded,2026-08-17 10:10:50.300535+00:00
23934,INT_00478,internships,internships_portal,internships.csv,477,v1,loaded,2026-08-17 10:10:50.300535+00:00
23935,INT_00479,internships,internships_portal,internships.csv,478,v1,loaded,2026-08-17 10:10:50.300535+00:00
23936,INT_00480,internships,internships_portal,internships.csv,479,v1,loaded,2026-08-17 10:10:50.300535+00:00
23937,INT_00481,internships,internships_portal,internships.csv,480,v1,loaded,2026-08-17 10:10:50.300535+00:00
23938,INT_00482,internships,internships_portal,internships.csv,481,v1,loaded,2026-08-17 10:10:50.300535+00:00
23939,INT_00483,internships,internships_portal,internships.csv,482,v1,loaded,2026-08-17 10:10:50.300535+00:00
23940,INT_00484,internships,internships_portal,internships.csv,483,v1,loaded,2026-08-17 10:10:50.300535+00:00
23941,INT_00485,internships,internships_portal,internships.csv,484,v1,loaded,2026-08-17 10:10:50.300535+00:00
23942,INT_00486,internships,internships_portal,internships.csv,485,v1,loaded,2026-08-17 10:10:50.300535+00:00
23943,INT_00487,internships,internships_portal,internships.csv,486,v1,loaded,2026-08-17 10:10:50.300535+00:00
23944,INT_00488,internships,internships_portal,internships.csv,487,v1,loaded,2026-08-17 10:10:50.300535+00:00
23945,INT_00489,internships,internships_portal,internships.csv,488,v1,loaded,2026-08-17 10:10:50.300535+00:00
23946,INT_00490,internships,internships_portal,internships.csv,489,v1,loaded,2026-08-17 10:10:50.300535+00:00
23947,INT_00491,internships,internships_portal,internships.csv,490,v1,loaded,2026-08-17 10:10:50.300535+00:00
23948,INT_00492,internships,internships_portal,internships.csv,491,v1,loaded,2026-08-17 10:10:50.300535+00:00
23949,INT_00493,internships,internships_portal,internships.csv,492,v1,loaded,2026-08-17 10:10:50.300535+00:00
23950,INT_00494,internships,internships_portal,internships.csv,493,v1,loaded,2026-08-17 10:10:50.300535+00:00
23951,INT_00495,internships,internships_portal,internships.csv,494,v1,loaded,2026-08-17 10:10:50.300535+00:00
23952,INT_00496,internships,internships_portal,internships.csv,495,v1,loaded,2026-08-17 10:10:50.300535+00:00
23953,INT_00497,internships,internships_portal,internships.csv,496,v1,loaded,2026-08-17 10:10:50.300535+00:00
23954,INT_00498,internships,internships_portal,internships.csv,497,v1,loaded,2026-08-17 10:10:50.300535+00:00
23955,INT_00499,internships,internships_portal,internships.csv,498,v1,loaded,2026-08-17 10:10:50.300535+00:00
23956,INT_00500,internships,internships_portal,internships.csv,499,v1,loaded,2026-08-17 10:10:50.300535+00:00
23957,INT_00501,internships,internships_portal,internships.csv,500,v1,loaded,2026-08-17 10:10:50.300535+00:00
23958,INT_00502,internships,internships_portal,internships.csv,501,v1,loaded,2026-08-17 10:10:50.300535+00:00
23959,INT_00503,internships,internships_portal,internships.csv,502,v1,loaded,2026-08-17 10:10:50.300535+00:00
23960,INT_00504,internships,internships_portal,internships.csv,503,v1,loaded,2026-08-17 10:10:50.300535+00:00
23961,INT_00505,internships,internships_portal,internships.csv,504,v1,loaded,2026-08-17 10:10:50.300535+00:00
23962,INT_00506,internships,internships_portal,internships.csv,505,v1,loaded,2026-08-17 10:10:50.300535+00:00
23963,INT_00507,internships,internships_portal,internships.csv,506,v1,loaded,2026-08-17 10:10:50.300535+00:00
23964,INT_00508,internships,internships_portal,internships.csv,507,v1,loaded,2026-08-17 10:10:50.300535+00:00
23965,INT_00509,internships,internships_portal,internships.csv,508,v1,loaded,2026-08-17 10:10:50.300535+00:00
23966,INT_00510,internships,internships_portal,internships.csv,509,v1,loaded,2026-08-17 10:10:50.300535+00:00
23967,INT_00511,internships,internships_portal,internships.csv,510,v1,loaded,2026-08-17 10:10:50.300535+00:00
23968,INT_00512,internships,internships_portal,internships.csv,511,v1,loaded,2026-08-17 10:10:50.300535+00:00
23969,INT_00513,internships,internships_portal,internships.csv,512,v1,loaded,2026-08-17 10:10:50.300535+00:00
23970,INT_00514,internships,internships_portal,internships.csv,513,v1,loaded,2026-08-17 10:10:50.300535+00:00
23971,INT_00515,internships,internships_portal,internships.csv,514,v1,loaded,2026-08-17 10:10:50.300535+00:00
23972,INT_00516,internships,internships_portal,internships.csv,515,v1,loaded,2026-08-17 10:10:50.300535+00:00
23973,INT_00517,internships,internships_portal,internships.csv,516,v1,loaded,2026-08-17 10:10:50.300535+00:00
23974,INT_00518,internships,internships_portal,internships.csv,517,v1,loaded,2026-08-17 10:10:50.300535+00:00
23975,INT_00519,internships,internships_portal,internships.csv,518,v1,loaded,2026-08-17 10:10:50.300535+00:00
23976,INT_00520,internships,internships_portal,internships.csv,519,v1,loaded,2026-08-17 10:10:50.300535+00:00
23977,INT_00521,internships,internships_portal,internships.csv,520,v1,loaded,2026-08-17 10:10:50.300535+00:00
23978,INT_00522,internships,internships_portal,internships.csv,521,v1,loaded,2026-08-17 10:10:50.300535+00:00
23979,INT_00523,internships,internships_portal,internships.csv,522,v1,loaded,2026-08-17 10:10:50.300535+00:00
23980,INT_00524,internships,internships_portal,internships.csv,523,v1,loaded,2026-08-17 10:10:50.300535+00:00
23981,INT_00525,internships,internships_portal,internships.csv,524,v1,loaded,2026-08-17 10:10:50.300535+00:00
23982,INT_00526,internships,internships_portal,internships.csv,525,v1,loaded,2026-08-17 10:10:50.300535+00:00
23983,INT_00527,internships,internships_portal,internships.csv,526,v1,loaded,2026-08-17 10:10:50.300535+00:00
23984,INT_00528,internships,internships_portal,internships.csv,527,v1,loaded,2026-08-17 10:10:50.300535+00:00
23985,INT_00529,internships,internships_portal,internships.csv,528,v1,loaded,2026-08-17 10:10:50.300535+00:00
23986,INT_00530,internships,internships_portal,internships.csv,529,v1,loaded,2026-08-17 10:10:50.300535+00:00
23987,INT_00531,internships,internships_portal,internships.csv,530,v1,loaded,2026-08-17 10:10:50.300535+00:00
23988,INT_00532,internships,internships_portal,internships.csv,531,v1,loaded,2026-08-17 10:10:50.300535+00:00
23989,INT_00533,internships,internships_portal,internships.csv,532,v1,loaded,2026-08-17 10:10:50.300535+00:00
23990,INT_00534,internships,internships_portal,internships.csv,533,v1,loaded,2026-08-17 10:10:50.300535+00:00
23991,INT_00535,internships,internships_portal,internships.csv,534,v1,loaded,2026-08-17 10:10:50.300535+00:00
23992,INT_00536,internships,internships_portal,internships.csv,535,v1,loaded,2026-08-17 10:10:50.300535+00:00
23993,INT_00537,internships,internships_portal,internships.csv,536,v1,loaded,2026-08-17 10:10:50.300535+00:00
23994,INT_00538,internships,internships_portal,internships.csv,537,v1,loaded,2026-08-17 10:10:50.300535+00:00
23995,INT_00539,internships,internships_portal,internships.csv,538,v1,loaded,2026-08-17 10:10:50.300535+00:00
23996,INT_00540,internships,internships_portal,internships.csv,539,v1,loaded,2026-08-17 10:10:50.300535+00:00
23997,INT_00541,internships,internships_portal,internships.csv,540,v1,loaded,2026-08-17 10:10:50.300535+00:00
23998,INT_00542,internships,internships_portal,internships.csv,541,v1,loaded,2026-08-17 10:10:50.300535+00:00
23999,INT_00543,internships,internships_portal,internships.csv,542,v1,loaded,2026-08-17 10:10:50.300535+00:00
24000,INT_00544,internships,internships_portal,internships.csv,543,v1,loaded,2026-08-17 10:10:50.300535+00:00
24001,INT_00545,internships,internships_portal,internships.csv,544,v1,loaded,2026-08-17 10:10:50.300535+00:00
24002,INT_00546,internships,internships_portal,internships.csv,545,v1,loaded,2026-08-17 10:10:50.300535+00:00
24003,INT_00547,internships,internships_portal,internships.csv,546,v1,loaded,2026-08-17 10:10:50.300535+00:00
24004,INT_00548,internships,internships_portal,internships.csv,547,v1,loaded,2026-08-17 10:10:50.300535+00:00
24005,INT_00549,internships,internships_portal,internships.csv,548,v1,loaded,2026-08-17 10:10:50.300535+00:00
24006,INT_00550,internships,internships_portal,internships.csv,549,v1,loaded,2026-08-17 10:10:50.300535+00:00
24007,INT_00551,internships,internships_portal,internships.csv,550,v1,loaded,2026-08-17 10:10:50.300535+00:00
24008,INT_00552,internships,internships_portal,internships.csv,551,v1,loaded,2026-08-17 10:10:50.300535+00:00
24009,INT_00553,internships,internships_portal,internships.csv,552,v1,loaded,2026-08-17 10:10:50.300535+00:00
24010,INT_00554,internships,internships_portal,internships.csv,553,v1,loaded,2026-08-17 10:10:50.300535+00:00
24011,INT_00555,internships,internships_portal,internships.csv,554,v1,loaded,2026-08-17 10:10:50.300535+00:00
24012,INT_00556,internships,internships_portal,internships.csv,555,v1,loaded,2026-08-17 10:10:50.300535+00:00
24013,INT_00557,internships,internships_portal,internships.csv,556,v1,loaded,2026-08-17 10:10:50.300535+00:00
24014,INT_00558,internships,internships_portal,internships.csv,557,v1,loaded,2026-08-17 10:10:50.300535+00:00
24015,INT_00559,internships,internships_portal,internships.csv,558,v1,loaded,2026-08-17 10:10:50.300535+00:00
24016,INT_00560,internships,internships_portal,internships.csv,559,v1,loaded,2026-08-17 10:10:50.300535+00:00
24017,INT_00561,internships,internships_portal,internships.csv,560,v1,loaded,2026-08-17 10:10:50.300535+00:00
24018,INT_00562,internships,internships_portal,internships.csv,561,v1,loaded,2026-08-17 10:10:50.300535+00:00
24019,INT_00563,internships,internships_portal,internships.csv,562,v1,loaded,2026-08-17 10:10:50.300535+00:00
24020,INT_00564,internships,internships_portal,internships.csv,563,v1,loaded,2026-08-17 10:10:50.300535+00:00
24021,INT_00565,internships,internships_portal,internships.csv,564,v1,loaded,2026-08-17 10:10:50.300535+00:00
24022,INT_00566,internships,internships_portal,internships.csv,565,v1,loaded,2026-08-17 10:10:50.300535+00:00
24023,INT_00567,internships,internships_portal,internships.csv,566,v1,loaded,2026-08-17 10:10:50.300535+00:00
24024,INT_00568,internships,internships_portal,internships.csv,567,v1,loaded,2026-08-17 10:10:50.300535+00:00
24025,INT_00569,internships,internships_portal,internships.csv,568,v1,loaded,2026-08-17 10:10:50.300535+00:00
24026,INT_00570,internships,internships_portal,internships.csv,569,v1,loaded,2026-08-17 10:10:50.300535+00:00
24027,INT_00571,internships,internships_portal,internships.csv,570,v1,loaded,2026-08-17 10:10:50.300535+00:00
24028,INT_00572,internships,internships_portal,internships.csv,571,v1,loaded,2026-08-17 10:10:50.300535+00:00
24029,INT_00573,internships,internships_portal,internships.csv,572,v1,loaded,2026-08-17 10:10:50.300535+00:00
24030,INT_00574,internships,internships_portal,internships.csv,573,v1,loaded,2026-08-17 10:10:50.300535+00:00
24031,INT_00575,internships,internships_portal,internships.csv,574,v1,loaded,2026-08-17 10:10:50.300535+00:00
24032,INT_00576,internships,internships_portal,internships.csv,575,v1,loaded,2026-08-17 10:10:50.300535+00:00
24033,INT_00577,internships,internships_portal,internships.csv,576,v1,loaded,2026-08-17 10:10:50.300535+00:00
24034,INT_00578,internships,internships_portal,internships.csv,577,v1,loaded,2026-08-17 10:10:50.300535+00:00
24035,INT_00579,internships,internships_portal,internships.csv,578,v1,loaded,2026-08-17 10:10:50.300535+00:00
24036,INT_00580,internships,internships_portal,internships.csv,579,v1,loaded,2026-08-17 10:10:50.300535+00:00
24037,INT_00581,internships,internships_portal,internships.csv,580,v1,loaded,2026-08-17 10:10:50.300535+00:00
24038,INT_00582,internships,internships_portal,internships.csv,581,v1,loaded,2026-08-17 10:10:50.300535+00:00
24039,INT_00583,internships,internships_portal,internships.csv,582,v1,loaded,2026-08-17 10:10:50.300535+00:00
24040,INT_00584,internships,internships_portal,internships.csv,583,v1,loaded,2026-08-17 10:10:50.300535+00:00
24041,INT_00585,internships,internships_portal,internships.csv,584,v1,loaded,2026-08-17 10:10:50.300535+00:00
24042,INT_00586,internships,internships_portal,internships.csv,585,v1,loaded,2026-08-17 10:10:50.300535+00:00
24043,INT_00587,internships,internships_portal,internships.csv,586,v1,loaded,2026-08-17 10:10:50.300535+00:00
24044,INT_00588,internships,internships_portal,internships.csv,587,v1,loaded,2026-08-17 10:10:50.300535+00:00
24045,INT_00589,internships,internships_portal,internships.csv,588,v1,loaded,2026-08-17 10:10:50.300535+00:00
24046,INT_00590,internships,internships_portal,internships.csv,589,v1,loaded,2026-08-17 10:10:50.300535+00:00
24047,INT_00591,internships,internships_portal,internships.csv,590,v1,loaded,2026-08-17 10:10:50.300535+00:00
24048,INT_00592,internships,internships_portal,internships.csv,591,v1,loaded,2026-08-17 10:10:50.300535+00:00
24049,INT_00593,internships,internships_portal,internships.csv,592,v1,loaded,2026-08-17 10:10:50.300535+00:00
24050,INT_00594,internships,internships_portal,internships.csv,593,v1,loaded,2026-08-17 10:10:50.300535+00:00
24051,INT_00595,internships,internships_portal,internships.csv,594,v1,loaded,2026-08-17 10:10:50.300535+00:00
24052,INT_00596,internships,internships_portal,internships.csv,595,v1,loaded,2026-08-17 10:10:50.300535+00:00
24053,INT_00597,internships,internships_portal,internships.csv,596,v1,loaded,2026-08-17 10:10:50.300535+00:00
24054,INT_00598,internships,internships_portal,internships.csv,597,v1,loaded,2026-08-17 10:10:50.300535+00:00
24055,INT_00599,internships,internships_portal,internships.csv,598,v1,loaded,2026-08-17 10:10:50.300535+00:00
24056,INT_00600,internships,internships_portal,internships.csv,599,v1,loaded,2026-08-17 10:10:50.300535+00:00
24057,INT_00601,internships,internships_portal,internships.csv,600,v1,loaded,2026-08-17 10:10:50.300535+00:00
24058,INT_00602,internships,internships_portal,internships.csv,601,v1,loaded,2026-08-17 10:10:50.300535+00:00
24059,INT_00603,internships,internships_portal,internships.csv,602,v1,loaded,2026-08-17 10:10:50.300535+00:00
24060,INT_00604,internships,internships_portal,internships.csv,603,v1,loaded,2026-08-17 10:10:50.300535+00:00
24061,INT_00605,internships,internships_portal,internships.csv,604,v1,loaded,2026-08-17 10:10:50.300535+00:00
24062,INT_00606,internships,internships_portal,internships.csv,605,v1,loaded,2026-08-17 10:10:50.300535+00:00
24063,INT_00607,internships,internships_portal,internships.csv,606,v1,loaded,2026-08-17 10:10:50.300535+00:00
24064,INT_00608,internships,internships_portal,internships.csv,607,v1,loaded,2026-08-17 10:10:50.300535+00:00
24065,INT_00609,internships,internships_portal,internships.csv,608,v1,loaded,2026-08-17 10:10:50.300535+00:00
24066,INT_00610,internships,internships_portal,internships.csv,609,v1,loaded,2026-08-17 10:10:50.300535+00:00
24067,INT_00611,internships,internships_portal,internships.csv,610,v1,loaded,2026-08-17 10:10:50.300535+00:00
24068,INT_00612,internships,internships_portal,internships.csv,611,v1,loaded,2026-08-17 10:10:50.300535+00:00
24069,INT_00613,internships,internships_portal,internships.csv,612,v1,loaded,2026-08-17 10:10:50.300535+00:00
24070,INT_00614,internships,internships_portal,internships.csv,613,v1,loaded,2026-08-17 10:10:50.300535+00:00
24071,INT_00615,internships,internships_portal,internships.csv,614,v1,loaded,2026-08-17 10:10:50.300535+00:00
24072,INT_00616,internships,internships_portal,internships.csv,615,v1,loaded,2026-08-17 10:10:50.300535+00:00
24073,INT_00617,internships,internships_portal,internships.csv,616,v1,loaded,2026-08-17 10:10:50.300535+00:00
24074,INT_00618,internships,internships_portal,internships.csv,617,v1,loaded,2026-08-17 10:10:50.300535+00:00
24075,INT_00619,internships,internships_portal,internships.csv,618,v1,loaded,2026-08-17 10:10:50.300535+00:00
24076,INT_00620,internships,internships_portal,internships.csv,619,v1,loaded,2026-08-17 10:10:50.300535+00:00
24077,INT_00621,internships,internships_portal,internships.csv,620,v1,loaded,2026-08-17 10:10:50.300535+00:00
24078,INT_00622,internships,internships_portal,internships.csv,621,v1,loaded,2026-08-17 10:10:50.300535+00:00
24079,INT_00623,internships,internships_portal,internships.csv,622,v1,loaded,2026-08-17 10:10:50.300535+00:00
24080,INT_00624,internships,internships_portal,internships.csv,623,v1,loaded,2026-08-17 10:10:50.300535+00:00
24081,INT_00625,internships,internships_portal,internships.csv,624,v1,loaded,2026-08-17 10:10:50.300535+00:00
24082,INT_00626,internships,internships_portal,internships.csv,625,v1,loaded,2026-08-17 10:10:50.300535+00:00
24083,INT_00627,internships,internships_portal,internships.csv,626,v1,loaded,2026-08-17 10:10:50.300535+00:00
24084,INT_00628,internships,internships_portal,internships.csv,627,v1,loaded,2026-08-17 10:10:50.300535+00:00
24085,INT_00629,internships,internships_portal,internships.csv,628,v1,loaded,2026-08-17 10:10:50.300535+00:00
24086,INT_00630,internships,internships_portal,internships.csv,629,v1,loaded,2026-08-17 10:10:50.300535+00:00
24087,INT_00631,internships,internships_portal,internships.csv,630,v1,loaded,2026-08-17 10:10:50.300535+00:00
24088,INT_00632,internships,internships_portal,internships.csv,631,v1,loaded,2026-08-17 10:10:50.300535+00:00
24089,INT_00633,internships,internships_portal,internships.csv,632,v1,loaded,2026-08-17 10:10:50.300535+00:00
24090,INT_00634,internships,internships_portal,internships.csv,633,v1,loaded,2026-08-17 10:10:50.300535+00:00
24091,INT_00635,internships,internships_portal,internships.csv,634,v1,loaded,2026-08-17 10:10:50.300535+00:00
24092,INT_00636,internships,internships_portal,internships.csv,635,v1,loaded,2026-08-17 10:10:50.300535+00:00
24093,INT_00637,internships,internships_portal,internships.csv,636,v1,loaded,2026-08-17 10:10:50.300535+00:00
24094,INT_00638,internships,internships_portal,internships.csv,637,v1,loaded,2026-08-17 10:10:50.300535+00:00
24095,INT_00639,internships,internships_portal,internships.csv,638,v1,loaded,2026-08-17 10:10:50.300535+00:00
24096,INT_00640,internships,internships_portal,internships.csv,639,v1,loaded,2026-08-17 10:10:50.300535+00:00
24097,INT_00641,internships,internships_portal,internships.csv,640,v1,loaded,2026-08-17 10:10:50.300535+00:00
24098,INT_00642,internships,internships_portal,internships.csv,641,v1,loaded,2026-08-17 10:10:50.300535+00:00
24099,INT_00643,internships,internships_portal,internships.csv,642,v1,loaded,2026-08-17 10:10:50.300535+00:00
24100,INT_00644,internships,internships_portal,internships.csv,643,v1,loaded,2026-08-17 10:10:50.300535+00:00
24101,INT_00645,internships,internships_portal,internships.csv,644,v1,loaded,2026-08-17 10:10:50.300535+00:00
24102,INT_00646,internships,internships_portal,internships.csv,645,v1,loaded,2026-08-17 10:10:50.300535+00:00
24103,INT_00647,internships,internships_portal,internships.csv,646,v1,loaded,2026-08-17 10:10:50.300535+00:00
24104,INT_00648,internships,internships_portal,internships.csv,647,v1,loaded,2026-08-17 10:10:50.300535+00:00
24105,INT_00649,internships,internships_portal,internships.csv,648,v1,loaded,2026-08-17 10:10:50.300535+00:00
24106,INT_00650,internships,internships_portal,internships.csv,649,v1,loaded,2026-08-17 10:10:50.300535+00:00
