id,master_entity_id,entity_type,source_system,source_database,source_table,source_record_id,match_score,created_at
23227,INST_0001,institution,mysql,aicte_institutes,institutes,0,1.0,2026-09-04 18:56:46.078537+00:00
23228,INST_0002,institution,mysql,aicte_institutes,institutes,1,1.0,2026-09-04 18:56:46.078537+00:00
23229,INST_0003,institution,mysql,aicte_institutes,institutes,2,1.0,2026-09-04 18:56:46.078537+00:00
23230,INST_0004,institution,mysql,aicte_institutes,institutes,3,1.0,2026-09-04 18:56:46.078537+00:00
23231,INST_0005,institution,mysql,aicte_institutes,institutes,4,1.0,2026-09-04 18:56:46.078537+00:00
23232,INST_0006,institution,mysql,aicte_institutes,institutes,5,1.0,2026-09-04 18:56:46.078537+00:00
23233,INST_0007,institution,mysql,aicte_institutes,institutes,6,1.0,2026-09-04 18:56:46.078537+00:00
23234,INST_0008,institution,mysql,aicte_institutes,institutes,7,1.0,2026-09-04 18:56:46.078537+00:00
23235,INST_0009,institution,mysql,aicte_institutes,institutes,8,1.0,2026-09-04 18:56:46.078537+00:00
23236,INST_0010,institution,mysql,aicte_institutes,institutes,9,1.0,2026-09-04 18:56:46.078537+00:00
23237,INST_0011,institution,mysql,aicte_institutes,institutes,10,1.0,2026-09-04 18:56:46.078537+00:00
23238,INST_0012,institution,mysql,aicte_institutes,institutes,11,1.0,2026-09-04 18:56:46.078537+00:00
23239,INST_0013,institution,mysql,aicte_institutes,institutes,12,1.0,2026-09-04 18:56:46.078537+00:00
23240,INST_0014,institution,mysql,aicte_institutes,institutes,13,1.0,2026-09-04 18:56:46.078537+00:00
23241,INST_0015,institution,mysql,aicte_institutes,institutes,14,1.0,2026-09-04 18:56:46.078537+00:00
23242,INST_0016,institution,mysql,aicte_institutes,institutes,15,1.0,2026-09-04 18:56:46.078537+00:00
23243,INST_0017,institution,mysql,aicte_institutes,institutes,16,1.0,2026-09-04 18:56:46.078537+00:00
23244,INST_0018,institution,mysql,aicte_institutes,institutes,17,1.0,2026-09-04 18:56:46.078537+00:00
23245,INST_0019,institution,mysql,aicte_institutes,institutes,18,1.0,2026-09-04 18:56:46.078537+00:00
23246,INST_0020,institution,mysql,aicte_institutes,institutes,19,1.0,2026-09-04 18:56:46.078537+00:00
23247,INST_0021,institution,mysql,aicte_institutes,institutes,20,1.0,2026-09-04 18:56:46.078537+00:00
23248,INST_0022,institution,mysql,aicte_institutes,institutes,21,1.0,2026-09-04 18:56:46.078537+00:00
23249,INST_0023,institution,mysql,aicte_institutes,institutes,22,1.0,2026-09-04 18:56:46.078537+00:00
23250,INST_0024,institution,mysql,aicte_institutes,institutes,23,1.0,2026-09-04 18:56:46.078537+00:00
23251,INST_0025,institution,mysql,aicte_institutes,institutes,24,1.0,2026-09-04 18:56:46.078537+00:00
23252,INST_0026,institution,mysql,aicte_institutes,institutes,25,1.0,2026-09-04 18:56:46.078537+00:00
23253,INST_0027,institution,mysql,aicte_institutes,institutes,26,1.0,2026-09-04 18:56:46.078537+00:00
23254,INST_0028,institution,mysql,aicte_institutes,institutes,27,1.0,2026-09-04 18:56:46.078537+00:00
23255,INST_0029,institution,mysql,aicte_institutes,institutes,28,1.0,2026-09-04 18:56:46.078537+00:00
23256,INST_0030,institution,mysql,aicte_institutes,institutes,29,1.0,2026-09-04 18:56:46.078537+00:00
23257,INST_0031,institution,mysql,aicte_institutes,institutes,30,1.0,2026-09-04 18:56:46.078537+00:00
23258,INST_0032,institution,mysql,aicte_institutes,institutes,31,1.0,2026-09-04 18:56:46.078537+00:00
23259,INST_0033,institution,mysql,aicte_institutes,institutes,32,1.0,2026-09-04 18:56:46.078537+00:00
23260,INST_0034,institution,mysql,aicte_institutes,institutes,33,1.0,2026-09-04 18:56:46.078537+00:00
23261,INST_0035,institution,mysql,aicte_institutes,institutes,34,1.0,2026-09-04 18:56:46.078537+00:00
23262,INST_0036,institution,mysql,aicte_institutes,institutes,35,1.0,2026-09-04 18:56:46.078537+00:00
23263,INST_0037,institution,mysql,aicte_institutes,institutes,36,1.0,2026-09-04 18:56:46.078537+00:00
23264,INST_0038,institution,mysql,aicte_institutes,institutes,37,1.0,2026-09-04 18:56:46.078537+00:00
23265,INST_0039,institution,mysql,aicte_institutes,institutes,38,1.0,2026-09-04 18:56:46.078537+00:00
23266,INST_0040,institution,mysql,aicte_institutes,institutes,39,1.0,2026-09-04 18:56:46.078537+00:00
23267,INST_0041,institution,mysql,aicte_institutes,institutes,40,1.0,2026-09-04 18:56:46.078537+00:00
23268,INST_0042,institution,mysql,aicte_institutes,institutes,41,1.0,2026-09-04 18:56:46.078537+00:00
23269,INST_0043,institution,mysql,aicte_institutes,institutes,42,1.0,2026-09-04 18:56:46.078537+00:00
23270,INST_0044,institution,mysql,aicte_institutes,institutes,43,1.0,2026-09-04 18:56:46.078537+00:00
23271,INST_0045,institution,mysql,aicte_institutes,institutes,44,1.0,2026-09-04 18:56:46.078537+00:00
23272,INST_0046,institution,mysql,aicte_institutes,institutes,45,1.0,2026-09-04 18:56:46.078537+00:00
23273,INST_0047,institution,mysql,aicte_institutes,institutes,46,1.0,2026-09-04 18:56:46.078537+00:00
23274,INST_0048,institution,mysql,aicte_institutes,institutes,47,1.0,2026-09-04 18:56:46.078537+00:00
23275,INST_0049,institution,mysql,aicte_institutes,institutes,48,1.0,2026-09-04 18:56:46.078537+00:00
23276,INST_0050,institution,mysql,aicte_institutes,institutes,49,1.0,2026-09-04 18:56:46.078537+00:00
23277,INST_0051,institution,mysql,aicte_institutes,institutes,50,1.0,2026-09-04 18:56:46.078537+00:00
23278,INST_0052,institution,mysql,aicte_institutes,institutes,51,1.0,2026-09-04 18:56:46.078537+00:00
23279,INST_0053,institution,mysql,aicte_institutes,institutes,52,1.0,2026-09-04 18:56:46.078537+00:00
23280,INST_0054,institution,mysql,aicte_institutes,institutes,53,1.0,2026-09-04 18:56:46.078537+00:00
23281,INST_0055,institution,mysql,aicte_institutes,institutes,54,1.0,2026-09-04 18:56:46.078537+00:00
23282,INST_0056,institution,mysql,aicte_institutes,institutes,55,1.0,2026-09-04 18:56:46.078537+00:00
23283,INST_0057,institution,mysql,aicte_institutes,institutes,56,1.0,2026-09-04 18:56:46.078537+00:00
23284,INST_0058,institution,mysql,aicte_institutes,institutes,57,1.0,2026-09-04 18:56:46.078537+00:00
23285,INST_0059,institution,mysql,aicte_institutes,institutes,58,1.0,2026-09-04 18:56:46.078537+00:00
23286,INST_0060,institution,mysql,aicte_institutes,institutes,59,1.0,2026-09-04 18:56:46.078537+00:00
23287,INST_0061,institution,mysql,aicte_institutes,institutes,60,1.0,2026-09-04 18:56:46.078537+00:00
23288,INST_0062,institution,mysql,aicte_institutes,institutes,61,1.0,2026-09-04 18:56:46.078537+00:00
23289,INST_0063,institution,mysql,aicte_institutes,institutes,62,1.0,2026-09-04 18:56:46.078537+00:00
23290,INST_0064,institution,mysql,aicte_institutes,institutes,63,1.0,2026-09-04 18:56:46.078537+00:00
23291,INST_0065,institution,mysql,aicte_institutes,institutes,64,1.0,2026-09-04 18:56:46.078537+00:00
23292,INST_0066,institution,mysql,aicte_institutes,institutes,65,1.0,2026-09-04 18:56:46.078537+00:00
23293,INST_0067,institution,mysql,aicte_institutes,institutes,66,1.0,2026-09-04 18:56:46.078537+00:00
23294,INST_0068,institution,mysql,aicte_institutes,institutes,67,1.0,2026-09-04 18:56:46.078537+00:00
23295,INST_0069,institution,mysql,aicte_institutes,institutes,68,1.0,2026-09-04 18:56:46.078537+00:00
23296,INST_0070,institution,mysql,aicte_institutes,institutes,69,1.0,2026-09-04 18:56:46.078537+00:00
23297,INST_0071,institution,mysql,aicte_institutes,institutes,70,1.0,2026-09-04 18:56:46.078537+00:00
23298,INST_0072,institution,mysql,aicte_institutes,institutes,71,1.0,2026-09-04 18:56:46.078537+00:00
23299,INST_0073,institution,mysql,aicte_institutes,institutes,72,1.0,2026-09-04 18:56:46.078537+00:00
23300,INST_0074,institution,mysql,aicte_institutes,institutes,73,1.0,2026-09-04 18:56:46.078537+00:00
23301,INST_0075,institution,mysql,aicte_institutes,institutes,74,1.0,2026-09-04 18:56:46.078537+00:00
23302,INST_0076,institution,mysql,aicte_institutes,institutes,75,1.0,2026-09-04 18:56:46.078537+00:00
23303,INST_0077,institution,mysql,aicte_institutes,institutes,76,1.0,2026-09-04 18:56:46.078537+00:00
23304,INST_0078,institution,mysql,aicte_institutes,institutes,77,1.0,2026-09-04 18:56:46.078537+00:00
23305,INST_0079,institution,mysql,aicte_institutes,institutes,78,1.0,2026-09-04 18:56:46.078537+00:00
23306,INST_0080,institution,mysql,aicte_institutes,institutes,79,1.0,2026-09-04 18:56:46.078537+00:00
23307,INST_0081,institution,mysql,aicte_institutes,institutes,80,1.0,2026-09-04 18:56:46.078537+00:00
23308,INST_0082,institution,mysql,aicte_institutes,institutes,81,1.0,2026-09-04 18:56:46.078537+00:00
23309,INST_0083,institution,mysql,aicte_institutes,institutes,82,1.0,2026-09-04 18:56:46.078537+00:00
23310,INST_0084,institution,mysql,aicte_institutes,institutes,83,1.0,2026-09-04 18:56:46.078537+00:00
23311,INST_0085,institution,mysql,aicte_institutes,institutes,84,1.0,2026-09-04 18:56:46.078537+00:00
23312,INST_0086,institution,mysql,aicte_institutes,institutes,85,1.0,2026-09-04 18:56:46.078537+00:00
23313,INST_0087,institution,mysql,aicte_institutes,institutes,86,1.0,2026-09-04 18:56:46.078537+00:00
23314,INST_0088,institution,mysql,aicte_institutes,institutes,87,1.0,2026-09-04 18:56:46.078537+00:00
23315,INST_0089,institution,mysql,aicte_institutes,institutes,88,1.0,2026-09-04 18:56:46.078537+00:00
23316,INST_0090,institution,mysql,aicte_institutes,institutes,89,1.0,2026-09-04 18:56:46.078537+00:00
23317,INST_0091,institution,mysql,aicte_institutes,institutes,90,1.0,2026-09-04 18:56:46.078537+00:00
23318,INST_0092,institution,mysql,aicte_institutes,institutes,91,1.0,2026-09-04 18:56:46.078537+00:00
23319,INST_0093,institution,mysql,aicte_institutes,institutes,92,1.0,2026-09-04 18:56:46.078537+00:00
23320,INST_0094,institution,mysql,aicte_institutes,institutes,93,1.0,2026-09-04 18:56:46.078537+00:00
23321,INST_0095,institution,mysql,aicte_institutes,institutes,94,1.0,2026-09-04 18:56:46.078537+00:00
23322,INST_0096,institution,mysql,aicte_institutes,institutes,95,1.0,2026-09-04 18:56:46.078537+00:00
23323,INST_0097,institution,mysql,aicte_institutes,institutes,96,1.0,2026-09-04 18:56:46.078537+00:00
23324,INST_0098,institution,mysql,aicte_institutes,institutes,97,1.0,2026-09-04 18:56:46.078537+00:00
23325,INST_0099,institution,mysql,aicte_institutes,institutes,98,1.0,2026-09-04 18:56:46.078537+00:00
23326,INST_0100,institution,mysql,aicte_institutes,institutes,99,1.0,2026-09-04 18:56:46.078537+00:00
23327,INST_0101,institution,mysql,aicte_institutes,institutes,100,1.0,2026-09-04 18:56:46.078537+00:00
23328,INST_0102,institution,mysql,aicte_institutes,institutes,101,1.0,2026-09-04 18:56:46.078537+00:00
23329,INST_0103,institution,mysql,aicte_institutes,institutes,102,1.0,2026-09-04 18:56:46.078537+00:00
23330,INST_0104,institution,mysql,aicte_institutes,institutes,103,1.0,2026-09-04 18:56:46.078537+00:00
23331,INST_0105,institution,mysql,aicte_institutes,institutes,104,1.0,2026-09-04 18:56:46.078537+00:00
23332,INST_0106,institution,mysql,aicte_institutes,institutes,105,1.0,2026-09-04 18:56:46.078537+00:00
23333,INST_0107,institution,mysql,aicte_institutes,institutes,106,1.0,2026-09-04 18:56:46.078537+00:00
23334,INST_0108,institution,mysql,aicte_institutes,institutes,107,1.0,2026-09-04 18:56:46.078537+00:00
23335,INST_0109,institution,mysql,aicte_institutes,institutes,108,1.0,2026-09-04 18:56:46.078537+00:00
23336,INST_0110,institution,mysql,aicte_institutes,institutes,109,1.0,2026-09-04 18:56:46.078537+00:00
23337,INST_0111,institution,mysql,aicte_institutes,institutes,110,1.0,2026-09-04 18:56:46.078537+00:00
23338,INST_0112,institution,mysql,aicte_institutes,institutes,111,1.0,2026-09-04 18:56:46.078537+00:00
23339,INST_0113,institution,mysql,aicte_institutes,institutes,112,1.0,2026-09-04 18:56:46.078537+00:00
23340,INST_0114,institution,mysql,aicte_institutes,institutes,113,1.0,2026-09-04 18:56:46.078537+00:00
23341,INST_0115,institution,mysql,aicte_institutes,institutes,114,1.0,2026-09-04 18:56:46.078537+00:00
23342,INST_0116,institution,mysql,aicte_institutes,institutes,115,1.0,2026-09-04 18:56:46.078537+00:00
23343,INST_0117,institution,mysql,aicte_institutes,institutes,116,1.0,2026-09-04 18:56:46.078537+00:00
23344,INST_0118,institution,mysql,aicte_institutes,institutes,117,1.0,2026-09-04 18:56:46.078537+00:00
23345,INST_0119,institution,mysql,aicte_institutes,institutes,118,1.0,2026-09-04 18:56:46.078537+00:00
23346,INST_0120,institution,mysql,aicte_institutes,institutes,119,1.0,2026-09-04 18:56:46.078537+00:00
23347,INST_0121,institution,mysql,aicte_institutes,institutes,120,1.0,2026-09-04 18:56:46.078537+00:00
23348,INST_0122,institution,mysql,aicte_institutes,institutes,121,1.0,2026-09-04 18:56:46.078537+00:00
23349,INST_0123,institution,mysql,aicte_institutes,institutes,122,1.0,2026-09-04 18:56:46.078537+00:00
23350,INST_0124,institution,mysql,aicte_institutes,institutes,123,1.0,2026-09-04 18:56:46.078537+00:00
23351,INST_0125,institution,mysql,aicte_institutes,institutes,124,1.0,2026-09-04 18:56:46.078537+00:00
23352,INST_0126,institution,mysql,aicte_institutes,institutes,125,1.0,2026-09-04 18:56:46.078537+00:00
23353,INST_0127,institution,mysql,aicte_institutes,institutes,126,1.0,2026-09-04 18:56:46.078537+00:00
23354,INST_0128,institution,mysql,aicte_institutes,institutes,127,1.0,2026-09-04 18:56:46.078537+00:00
23355,INST_0129,institution,mysql,aicte_institutes,institutes,128,1.0,2026-09-04 18:56:46.078537+00:00
23356,INST_0130,institution,mysql,aicte_institutes,institutes,129,1.0,2026-09-04 18:56:46.078537+00:00
23357,INST_0131,institution,mysql,aicte_institutes,institutes,130,1.0,2026-09-04 18:56:46.078537+00:00
23358,INST_0132,institution,mysql,aicte_institutes,institutes,131,1.0,2026-09-04 18:56:46.078537+00:00
23359,INST_0133,institution,mysql,aicte_institutes,institutes,132,1.0,2026-09-04 18:56:46.078537+00:00
23360,INST_0134,institution,mysql,aicte_institutes,institutes,133,1.0,2026-09-04 18:56:46.078537+00:00
23361,INST_0135,institution,mysql,aicte_institutes,institutes,134,1.0,2026-09-04 18:56:46.078537+00:00
23362,INST_0136,institution,mysql,aicte_institutes,institutes,135,1.0,2026-09-04 18:56:46.078537+00:00
23363,INST_0137,institution,mysql,aicte_institutes,institutes,136,1.0,2026-09-04 18:56:46.078537+00:00
23364,INST_0138,institution,mysql,aicte_institutes,institutes,137,1.0,2026-09-04 18:56:46.078537+00:00
23365,INST_0139,institution,mysql,aicte_institutes,institutes,138,1.0,2026-09-04 18:56:46.078537+00:00
23366,INST_0140,institution,mysql,aicte_institutes,institutes,139,1.0,2026-09-04 18:56:46.078537+00:00
23367,INST_0141,institution,mysql,aicte_institutes,institutes,140,1.0,2026-09-04 18:56:46.078537+00:00
23368,INST_0142,institution,mysql,aicte_institutes,institutes,141,1.0,2026-09-04 18:56:46.078537+00:00
23369,INST_0143,institution,mysql,aicte_institutes,institutes,142,1.0,2026-09-04 18:56:46.078537+00:00
23370,INST_0144,institution,mysql,aicte_institutes,institutes,143,1.0,2026-09-04 18:56:46.078537+00:00
23371,INST_0145,institution,mysql,aicte_institutes,institutes,144,1.0,2026-09-04 18:56:46.078537+00:00
23372,INST_0146,institution,mysql,aicte_institutes,institutes,145,1.0,2026-09-04 18:56:46.078537+00:00
23373,INST_0147,institution,mysql,aicte_institutes,institutes,146,1.0,2026-09-04 18:56:46.078537+00:00
23374,INST_0148,institution,mysql,aicte_institutes,institutes,147,1.0,2026-09-04 18:56:46.078537+00:00
23375,INST_0149,institution,mysql,aicte_institutes,institutes,148,1.0,2026-09-04 18:56:46.078537+00:00
23376,INST_0150,institution,mysql,aicte_institutes,institutes,149,1.0,2026-09-04 18:56:46.078537+00:00
23377,INST_0151,institution,mysql,aicte_institutes,institutes,150,1.0,2026-09-04 18:56:46.078537+00:00
23378,INST_0152,institution,mysql,aicte_institutes,institutes,151,1.0,2026-09-04 18:56:46.078537+00:00
23379,INST_0153,institution,mysql,aicte_institutes,institutes,152,1.0,2026-09-04 18:56:46.078537+00:00
23380,INST_0154,institution,mysql,aicte_institutes,institutes,153,1.0,2026-09-04 18:56:46.078537+00:00
23381,INST_0155,institution,mysql,aicte_institutes,institutes,154,1.0,2026-09-04 18:56:46.078537+00:00
23382,INST_0156,institution,mysql,aicte_institutes,institutes,155,1.0,2026-09-04 18:56:46.078537+00:00
23383,INST_0157,institution,mysql,aicte_institutes,institutes,156,1.0,2026-09-04 18:56:46.078537+00:00
23384,INST_0158,institution,mysql,aicte_institutes,institutes,157,1.0,2026-09-04 18:56:46.078537+00:00
23385,INST_0159,institution,mysql,aicte_institutes,institutes,158,1.0,2026-09-04 18:56:46.078537+00:00
23386,INST_0160,institution,mysql,aicte_institutes,institutes,159,1.0,2026-09-04 18:56:46.078537+00:00
23387,INST_0161,institution,mysql,aicte_institutes,institutes,160,1.0,2026-09-04 18:56:46.078537+00:00
23388,INST_0162,institution,mysql,aicte_institutes,institutes,161,1.0,2026-09-04 18:56:46.078537+00:00
23389,INST_0163,institution,mysql,aicte_institutes,institutes,162,1.0,2026-09-04 18:56:46.078537+00:00
23390,INST_0164,institution,mysql,aicte_institutes,institutes,163,1.0,2026-09-04 18:56:46.078537+00:00
23391,INST_0165,institution,mysql,aicte_institutes,institutes,164,1.0,2026-09-04 18:56:46.078537+00:00
23392,INST_0166,institution,mysql,aicte_institutes,institutes,165,1.0,2026-09-04 18:56:46.078537+00:00
23393,INST_0167,institution,mysql,aicte_institutes,institutes,166,1.0,2026-09-04 18:56:46.078537+00:00
23394,INST_0168,institution,mysql,aicte_institutes,institutes,167,1.0,2026-09-04 18:56:46.078537+00:00
23395,INST_0169,institution,mysql,aicte_institutes,institutes,168,1.0,2026-09-04 18:56:46.078537+00:00
23396,INST_0170,institution,mysql,aicte_institutes,institutes,169,1.0,2026-09-04 18:56:46.078537+00:00
23397,INST_0171,institution,mysql,aicte_institutes,institutes,170,1.0,2026-09-04 18:56:46.078537+00:00
23398,INST_0172,institution,mysql,aicte_institutes,institutes,171,1.0,2026-09-04 18:56:46.078537+00:00
23399,INST_0173,institution,mysql,aicte_institutes,institutes,172,1.0,2026-09-04 18:56:46.078537+00:00
23400,INST_0174,institution,mysql,aicte_institutes,institutes,173,1.0,2026-09-04 18:56:46.078537+00:00
23401,INST_0175,institution,mysql,aicte_institutes,institutes,174,1.0,2026-09-04 18:56:46.078537+00:00
23402,INST_0176,institution,mysql,aicte_institutes,institutes,175,1.0,2026-09-04 18:56:46.078537+00:00
23403,INST_0177,institution,mysql,aicte_institutes,institutes,176,1.0,2026-09-04 18:56:46.078537+00:00
23404,INST_0178,institution,mysql,aicte_institutes,institutes,177,1.0,2026-09-04 18:56:46.078537+00:00
23405,INST_0179,institution,mysql,aicte_institutes,institutes,178,1.0,2026-09-04 18:56:46.078537+00:00
23406,INST_0180,institution,mysql,aicte_institutes,institutes,179,1.0,2026-09-04 18:56:46.078537+00:00
23407,INST_0181,institution,mysql,aicte_institutes,institutes,180,1.0,2026-09-04 18:56:46.078537+00:00
23408,INST_0182,institution,mysql,aicte_institutes,institutes,181,1.0,2026-09-04 18:56:46.078537+00:00
23409,INST_0183,institution,mysql,aicte_institutes,institutes,182,1.0,2026-09-04 18:56:46.078537+00:00
23410,INST_0184,institution,mysql,aicte_institutes,institutes,183,1.0,2026-09-04 18:56:46.078537+00:00
23411,INST_0185,institution,mysql,aicte_institutes,institutes,184,1.0,2026-09-04 18:56:46.078537+00:00
23412,INST_0186,institution,mysql,aicte_institutes,institutes,185,1.0,2026-09-04 18:56:46.078537+00:00
23413,INST_0187,institution,mysql,aicte_institutes,institutes,186,1.0,2026-09-04 18:56:46.078537+00:00
23414,INST_0188,institution,mysql,aicte_institutes,institutes,187,1.0,2026-09-04 18:56:46.078537+00:00
23415,INST_0189,institution,mysql,aicte_institutes,institutes,188,1.0,2026-09-04 18:56:46.078537+00:00
23416,INST_0190,institution,mysql,aicte_institutes,institutes,189,1.0,2026-09-04 18:56:46.078537+00:00
23417,INST_0191,institution,mysql,aicte_institutes,institutes,190,1.0,2026-09-04 18:56:46.078537+00:00
23418,INST_0192,institution,mysql,aicte_institutes,institutes,191,1.0,2026-09-04 18:56:46.078537+00:00
23419,INST_0193,institution,mysql,aicte_institutes,institutes,192,1.0,2026-09-04 18:56:46.078537+00:00
23420,INST_0194,institution,mysql,aicte_institutes,institutes,193,1.0,2026-09-04 18:56:46.078537+00:00
23421,INST_0195,institution,mysql,aicte_institutes,institutes,194,1.0,2026-09-04 18:56:46.078537+00:00
23422,INST_0196,institution,mysql,aicte_institutes,institutes,195,1.0,2026-09-04 18:56:46.078537+00:00
23423,INST_0197,institution,mysql,aicte_institutes,institutes,196,1.0,2026-09-04 18:56:46.078537+00:00
23424,INST_0198,institution,mysql,aicte_institutes,institutes,197,1.0,2026-09-04 18:56:46.078537+00:00
23425,INST_0199,institution,mysql,aicte_institutes,institutes,198,1.0,2026-09-04 18:56:46.078537+00:00
23426,INST_0200,institution,mysql,aicte_institutes,institutes,199,1.0,2026-09-04 18:56:46.078537+00:00
23427,INST_0201,institution,mysql,aicte_institutes,institutes,200,1.0,2026-09-04 18:56:46.078537+00:00
23428,INST_0202,institution,mysql,aicte_institutes,institutes,201,1.0,2026-09-04 18:56:46.078537+00:00
23429,INST_0203,institution,mysql,aicte_institutes,institutes,202,1.0,2026-09-04 18:56:46.078537+00:00
23430,INST_0204,institution,mysql,aicte_institutes,institutes,203,1.0,2026-09-04 18:56:46.078537+00:00
23431,INST_0205,institution,mysql,aicte_institutes,institutes,204,1.0,2026-09-04 18:56:46.078537+00:00
23432,INST_0206,institution,mysql,aicte_institutes,institutes,205,1.0,2026-09-04 18:56:46.078537+00:00
23433,INST_0207,institution,mysql,aicte_institutes,institutes,206,1.0,2026-09-04 18:56:46.078537+00:00
23434,INST_0208,institution,mysql,aicte_institutes,institutes,207,1.0,2026-09-04 18:56:46.078537+00:00
23435,INST_0209,institution,mysql,aicte_institutes,institutes,208,1.0,2026-09-04 18:56:46.078537+00:00
23436,INST_0210,institution,mysql,aicte_institutes,institutes,209,1.0,2026-09-04 18:56:46.078537+00:00
23437,INST_0211,institution,mysql,aicte_institutes,institutes,210,1.0,2026-09-04 18:56:46.078537+00:00
23438,INST_0212,institution,mysql,aicte_institutes,institutes,211,1.0,2026-09-04 18:56:46.078537+00:00
23439,INST_0213,institution,mysql,aicte_institutes,institutes,212,1.0,2026-09-04 18:56:46.078537+00:00
23440,INST_0214,institution,mysql,aicte_institutes,institutes,213,1.0,2026-09-04 18:56:46.078537+00:00
23441,INST_0215,institution,mysql,aicte_institutes,institutes,214,1.0,2026-09-04 18:56:46.078537+00:00
23442,INST_0216,institution,mysql,aicte_institutes,institutes,215,1.0,2026-09-04 18:56:46.078537+00:00
23443,INST_0217,institution,mysql,aicte_institutes,institutes,216,1.0,2026-09-04 18:56:46.078537+00:00
23444,INST_0218,institution,mysql,aicte_institutes,institutes,217,1.0,2026-09-04 18:56:46.078537+00:00
23445,INST_0219,institution,mysql,aicte_institutes,institutes,218,1.0,2026-09-04 18:56:46.078537+00:00
23446,INST_0220,institution,mysql,aicte_institutes,institutes,219,1.0,2026-09-04 18:56:46.078537+00:00
23447,INST_0221,institution,mysql,aicte_institutes,institutes,220,1.0,2026-09-04 18:56:46.078537+00:00
23448,INST_0222,institution,mysql,aicte_institutes,institutes,221,1.0,2026-09-04 18:56:46.078537+00:00
23449,INST_0223,institution,mysql,aicte_institutes,institutes,222,1.0,2026-09-04 18:56:46.078537+00:00
23450,INST_0224,institution,mysql,aicte_institutes,institutes,223,1.0,2026-09-04 18:56:46.078537+00:00
23451,INST_0225,institution,mysql,aicte_institutes,institutes,224,1.0,2026-09-04 18:56:46.078537+00:00
23452,INST_0226,institution,mysql,aicte_institutes,institutes,225,1.0,2026-09-04 18:56:46.078537+00:00
23453,INST_0227,institution,mysql,aicte_institutes,institutes,226,1.0,2026-09-04 18:56:46.078537+00:00
23454,INST_0228,institution,mysql,aicte_institutes,institutes,227,1.0,2026-09-04 18:56:46.078537+00:00
23455,INST_0229,institution,mysql,aicte_institutes,institutes,228,1.0,2026-09-04 18:56:46.078537+00:00
23456,INST_0230,institution,mysql,aicte_institutes,institutes,229,1.0,2026-09-04 18:56:46.078537+00:00
23457,INST_0231,institution,mysql,aicte_institutes,institutes,230,1.0,2026-09-04 18:56:46.078537+00:00
23458,INST_0232,institution,mysql,aicte_institutes,institutes,231,1.0,2026-09-04 18:56:46.078537+00:00
23459,INST_0233,institution,mysql,aicte_institutes,institutes,232,1.0,2026-09-04 18:56:46.078537+00:00
23460,INST_0234,institution,mysql,aicte_institutes,institutes,233,1.0,2026-09-04 18:56:46.078537+00:00
23461,INST_0235,institution,mysql,aicte_institutes,institutes,234,1.0,2026-09-04 18:56:46.078537+00:00
23462,INST_0236,institution,mysql,aicte_institutes,institutes,235,1.0,2026-09-04 18:56:46.078537+00:00
23463,INST_0237,institution,mysql,aicte_institutes,institutes,236,1.0,2026-09-04 18:56:46.078537+00:00
23464,INST_0238,institution,mysql,aicte_institutes,institutes,237,1.0,2026-09-04 18:56:46.078537+00:00
23465,INST_0239,institution,mysql,aicte_institutes,institutes,238,1.0,2026-09-04 18:56:46.078537+00:00
23466,INST_0240,institution,mysql,aicte_institutes,institutes,239,1.0,2026-09-04 18:56:46.078537+00:00
23467,INST_0241,institution,mysql,aicte_institutes,institutes,240,1.0,2026-09-04 18:56:46.078537+00:00
23468,INST_0242,institution,mysql,aicte_institutes,institutes,241,1.0,2026-09-04 18:56:46.078537+00:00
23469,INST_0243,institution,mysql,aicte_institutes,institutes,242,1.0,2026-09-04 18:56:46.078537+00:00
23470,INST_0244,institution,mysql,aicte_institutes,institutes,243,1.0,2026-09-04 18:56:46.078537+00:00
23471,INST_0245,institution,mysql,aicte_institutes,institutes,244,1.0,2026-09-04 18:56:46.078537+00:00
23472,INST_0246,institution,mysql,aicte_institutes,institutes,245,1.0,2026-09-04 18:56:46.078537+00:00
23473,INST_0247,institution,mysql,aicte_institutes,institutes,246,1.0,2026-09-04 18:56:46.078537+00:00
23474,INST_0248,institution,mysql,aicte_institutes,institutes,247,1.0,2026-09-04 18:56:46.078537+00:00
23475,INST_0249,institution,mysql,aicte_institutes,institutes,248,1.0,2026-09-04 18:56:46.078537+00:00
23476,INST_0250,institution,mysql,aicte_institutes,institutes,249,1.0,2026-09-04 18:56:46.078537+00:00
23477,INST_0251,institution,mysql,aicte_institutes,institutes,250,1.0,2026-09-04 18:56:46.078537+00:00
23478,INST_0252,institution,mysql,aicte_institutes,institutes,251,1.0,2026-09-04 18:56:46.078537+00:00
23479,INST_0253,institution,mysql,aicte_institutes,institutes,252,1.0,2026-09-04 18:56:46.078537+00:00
23480,INST_0254,institution,mysql,aicte_institutes,institutes,253,1.0,2026-09-04 18:56:46.078537+00:00
23481,INST_0255,institution,mysql,aicte_institutes,institutes,254,1.0,2026-09-04 18:56:46.078537+00:00
23482,INST_0256,institution,mysql,aicte_institutes,institutes,255,1.0,2026-09-04 18:56:46.078537+00:00
23483,INST_0257,institution,mysql,aicte_institutes,institutes,256,1.0,2026-09-04 18:56:46.078537+00:00
23484,INST_0258,institution,mysql,aicte_institutes,institutes,257,1.0,2026-09-04 18:56:46.078537+00:00
23485,INST_0259,institution,mysql,aicte_institutes,institutes,258,1.0,2026-09-04 18:56:46.078537+00:00
23486,INST_0260,institution,mysql,aicte_institutes,institutes,259,1.0,2026-09-04 18:56:46.078537+00:00
23487,INST_0261,institution,mysql,aicte_institutes,institutes,260,1.0,2026-09-04 18:56:46.078537+00:00
23488,INST_0262,institution,mysql,aicte_institutes,institutes,261,1.0,2026-09-04 18:56:46.078537+00:00
23489,INST_0263,institution,mysql,aicte_institutes,institutes,262,1.0,2026-09-04 18:56:46.078537+00:00
23490,INST_0264,institution,mysql,aicte_institutes,institutes,263,1.0,2026-09-04 18:56:46.078537+00:00
23491,INST_0265,institution,mysql,aicte_institutes,institutes,264,1.0,2026-09-04 18:56:46.078537+00:00
23492,INST_0266,institution,mysql,aicte_institutes,institutes,265,1.0,2026-09-04 18:56:46.078537+00:00
23493,INST_0267,institution,mysql,aicte_institutes,institutes,266,1.0,2026-09-04 18:56:46.078537+00:00
23494,INST_0268,institution,mysql,aicte_institutes,institutes,267,1.0,2026-09-04 18:56:46.078537+00:00
23495,INST_0269,institution,mysql,aicte_institutes,institutes,268,1.0,2026-09-04 18:56:46.078537+00:00
23496,INST_0270,institution,mysql,aicte_institutes,institutes,269,1.0,2026-09-04 18:56:46.078537+00:00
23497,INST_0271,institution,mysql,aicte_institutes,institutes,270,1.0,2026-09-04 18:56:46.078537+00:00
23498,INST_0272,institution,mysql,aicte_institutes,institutes,271,1.0,2026-09-04 18:56:46.078537+00:00
23499,INST_0273,institution,mysql,aicte_institutes,institutes,272,1.0,2026-09-04 18:56:46.078537+00:00
23500,INST_0274,institution,mysql,aicte_institutes,institutes,273,1.0,2026-09-04 18:56:46.078537+00:00
23501,INST_0275,institution,mysql,aicte_institutes,institutes,274,1.0,2026-09-04 18:56:46.078537+00:00
23502,INST_0276,institution,mysql,aicte_institutes,institutes,275,1.0,2026-09-04 18:56:46.078537+00:00
23503,INST_0277,institution,mysql,aicte_institutes,institutes,276,1.0,2026-09-04 18:56:46.078537+00:00
23504,INST_0278,institution,mysql,aicte_institutes,institutes,277,1.0,2026-09-04 18:56:46.078537+00:00
23505,INST_0279,institution,mysql,aicte_institutes,institutes,278,1.0,2026-09-04 18:56:46.078537+00:00
23506,INST_0280,institution,mysql,aicte_institutes,institutes,279,1.0,2026-09-04 18:56:46.078537+00:00
23507,INST_0281,institution,mysql,aicte_institutes,institutes,280,1.0,2026-09-04 18:56:46.078537+00:00
23508,INST_0282,institution,mysql,aicte_institutes,institutes,281,1.0,2026-09-04 18:56:46.078537+00:00
23509,INST_0283,institution,mysql,aicte_institutes,institutes,282,1.0,2026-09-04 18:56:46.078537+00:00
23510,INST_0284,institution,mysql,aicte_institutes,institutes,283,1.0,2026-09-04 18:56:46.078537+00:00
23511,INST_0285,institution,mysql,aicte_institutes,institutes,284,1.0,2026-09-04 18:56:46.078537+00:00
23512,INST_0286,institution,mysql,aicte_institutes,institutes,285,1.0,2026-09-04 18:56:46.078537+00:00
23513,INST_0287,institution,mysql,aicte_institutes,institutes,286,1.0,2026-09-04 18:56:46.078537+00:00
23514,INST_0288,institution,mysql,aicte_institutes,institutes,287,1.0,2026-09-04 18:56:46.078537+00:00
23515,INST_0289,institution,mysql,aicte_institutes,institutes,288,1.0,2026-09-04 18:56:46.078537+00:00
23516,INST_0290,institution,mysql,aicte_institutes,institutes,289,1.0,2026-09-04 18:56:46.078537+00:00
23517,INST_0291,institution,mysql,aicte_institutes,institutes,290,1.0,2026-09-04 18:56:46.078537+00:00
23518,INST_0292,institution,mysql,aicte_institutes,institutes,291,1.0,2026-09-04 18:56:46.078537+00:00
23519,INST_0293,institution,mysql,aicte_institutes,institutes,292,1.0,2026-09-04 18:56:46.078537+00:00
23520,INST_0294,institution,mysql,aicte_institutes,institutes,293,1.0,2026-09-04 18:56:46.078537+00:00
23521,INST_0295,institution,mysql,aicte_institutes,institutes,294,1.0,2026-09-04 18:56:46.078537+00:00
23522,INST_0296,institution,mysql,aicte_institutes,institutes,295,1.0,2026-09-04 18:56:46.078537+00:00
23523,INST_0297,institution,mysql,aicte_institutes,institutes,296,1.0,2026-09-04 18:56:46.078537+00:00
23524,INST_0298,institution,mysql,aicte_institutes,institutes,297,1.0,2026-09-04 18:56:46.078537+00:00
23525,INST_0299,institution,mysql,aicte_institutes,institutes,298,1.0,2026-09-04 18:56:46.078537+00:00
23526,INST_0300,institution,mysql,aicte_institutes,institutes,299,1.0,2026-09-04 18:56:46.078537+00:00
23527,INST_0301,institution,mysql,aicte_institutes,institutes,300,1.0,2026-09-04 18:56:46.078537+00:00
23528,INST_0302,institution,mysql,aicte_institutes,institutes,301,1.0,2026-09-04 18:56:46.078537+00:00
23529,INST_0303,institution,mysql,aicte_institutes,institutes,302,1.0,2026-09-04 18:56:46.078537+00:00
23530,INST_0304,institution,mysql,aicte_institutes,institutes,303,1.0,2026-09-04 18:56:46.078537+00:00
23531,INST_0305,institution,mysql,aicte_institutes,institutes,304,1.0,2026-09-04 18:56:46.078537+00:00
23532,INST_0306,institution,mysql,aicte_institutes,institutes,305,1.0,2026-09-04 18:56:46.078537+00:00
23533,INST_0307,institution,mysql,aicte_institutes,institutes,306,1.0,2026-09-04 18:56:46.078537+00:00
23534,INST_0308,institution,mysql,aicte_institutes,institutes,307,1.0,2026-09-04 18:56:46.078537+00:00
23535,INST_0309,institution,mysql,aicte_institutes,institutes,308,1.0,2026-09-04 18:56:46.078537+00:00
23536,INST_0310,institution,mysql,aicte_institutes,institutes,309,1.0,2026-09-04 18:56:46.078537+00:00
23537,INST_0311,institution,mysql,aicte_institutes,institutes,310,1.0,2026-09-04 18:56:46.078537+00:00
23538,INST_0312,institution,mysql,aicte_institutes,institutes,311,1.0,2026-09-04 18:56:46.078537+00:00
23539,INST_0313,institution,mysql,aicte_institutes,institutes,312,1.0,2026-09-04 18:56:46.078537+00:00
23540,INST_0314,institution,mysql,aicte_institutes,institutes,313,1.0,2026-09-04 18:56:46.078537+00:00
23541,INST_0315,institution,mysql,aicte_institutes,institutes,314,1.0,2026-09-04 18:56:46.078537+00:00
23542,INST_0316,institution,mysql,aicte_institutes,institutes,315,1.0,2026-09-04 18:56:46.078537+00:00
23543,INST_0317,institution,mysql,aicte_institutes,institutes,316,1.0,2026-09-04 18:56:46.078537+00:00
23544,INST_0318,institution,mysql,aicte_institutes,institutes,317,1.0,2026-09-04 18:56:46.078537+00:00
23545,INST_0319,institution,mysql,aicte_institutes,institutes,318,1.0,2026-09-04 18:56:46.078537+00:00
23546,INST_0320,institution,mysql,aicte_institutes,institutes,319,1.0,2026-09-04 18:56:46.078537+00:00
23547,INST_0321,institution,mysql,aicte_institutes,institutes,320,1.0,2026-09-04 18:56:46.078537+00:00
23548,INST_0322,institution,mysql,aicte_institutes,institutes,321,1.0,2026-09-04 18:56:46.078537+00:00
23549,INST_0323,institution,mysql,aicte_institutes,institutes,322,1.0,2026-09-04 18:56:46.078537+00:00
23550,INST_0324,institution,mysql,aicte_institutes,institutes,323,1.0,2026-09-04 18:56:46.078537+00:00
23551,INST_0325,institution,mysql,aicte_institutes,institutes,324,1.0,2026-09-04 18:56:46.078537+00:00
23552,INST_0326,institution,mysql,aicte_institutes,institutes,325,1.0,2026-09-04 18:56:46.078537+00:00
23553,INST_0327,institution,mysql,aicte_institutes,institutes,326,1.0,2026-09-04 18:56:46.078537+00:00
23554,INST_0328,institution,mysql,aicte_institutes,institutes,327,1.0,2026-09-04 18:56:46.078537+00:00
23555,INST_0329,institution,mysql,aicte_institutes,institutes,328,1.0,2026-09-04 18:56:46.078537+00:00
23556,INST_0330,institution,mysql,aicte_institutes,institutes,329,1.0,2026-09-04 18:56:46.078537+00:00
23557,INST_0331,institution,mysql,aicte_institutes,institutes,330,1.0,2026-09-04 18:56:46.078537+00:00
23558,INST_0332,institution,mysql,aicte_institutes,institutes,331,1.0,2026-09-04 18:56:46.078537+00:00
23559,INST_0333,institution,mysql,aicte_institutes,institutes,332,1.0,2026-09-04 18:56:46.078537+00:00
23560,INST_0334,institution,mysql,aicte_institutes,institutes,333,1.0,2026-09-04 18:56:46.078537+00:00
23561,INST_0335,institution,mysql,aicte_institutes,institutes,334,1.0,2026-09-04 18:56:46.078537+00:00
23562,INST_0336,institution,mysql,aicte_institutes,institutes,335,1.0,2026-09-04 18:56:46.078537+00:00
23563,INST_0337,institution,mysql,aicte_institutes,institutes,336,1.0,2026-09-04 18:56:46.078537+00:00
23564,INST_0338,institution,mysql,aicte_institutes,institutes,337,1.0,2026-09-04 18:56:46.078537+00:00
23565,INST_0339,institution,mysql,aicte_institutes,institutes,338,1.0,2026-09-04 18:56:46.078537+00:00
23566,INST_0340,institution,mysql,aicte_institutes,institutes,339,1.0,2026-09-04 18:56:46.078537+00:00
23567,INST_0341,institution,mysql,aicte_institutes,institutes,340,1.0,2026-09-04 18:56:46.078537+00:00
23568,INST_0342,institution,mysql,aicte_institutes,institutes,341,1.0,2026-09-04 18:56:46.078537+00:00
23569,INST_0343,institution,mysql,aicte_institutes,institutes,342,1.0,2026-09-04 18:56:46.078537+00:00
23570,INST_0344,institution,mysql,aicte_institutes,institutes,343,1.0,2026-09-04 18:56:46.078537+00:00
23571,INST_0345,institution,mysql,aicte_institutes,institutes,344,1.0,2026-09-04 18:56:46.078537+00:00
23572,INST_0346,institution,mysql,aicte_institutes,institutes,345,1.0,2026-09-04 18:56:46.078537+00:00
23573,INST_0347,institution,mysql,aicte_institutes,institutes,346,1.0,2026-09-04 18:56:46.078537+00:00
23574,INST_0348,institution,mysql,aicte_institutes,institutes,347,1.0,2026-09-04 18:56:46.078537+00:00
23575,INST_0349,institution,mysql,aicte_institutes,institutes,348,1.0,2026-09-04 18:56:46.078537+00:00
23576,INST_0350,institution,mysql,aicte_institutes,institutes,349,1.0,2026-09-04 18:56:46.078537+00:00
23577,INST_0351,institution,mysql,aicte_institutes,institutes,350,1.0,2026-09-04 18:56:46.078537+00:00
23578,INST_0352,institution,mysql,aicte_institutes,institutes,351,1.0,2026-09-04 18:56:46.078537+00:00
23579,INST_0353,institution,mysql,aicte_institutes,institutes,352,1.0,2026-09-04 18:56:46.078537+00:00
23580,INST_0354,institution,mysql,aicte_institutes,institutes,353,1.0,2026-09-04 18:56:46.078537+00:00
23581,INST_0355,institution,mysql,aicte_institutes,institutes,354,1.0,2026-09-04 18:56:46.078537+00:00
23582,INST_0356,institution,mysql,aicte_institutes,institutes,355,1.0,2026-09-04 18:56:46.078537+00:00
23583,INST_0357,institution,mysql,aicte_institutes,institutes,356,1.0,2026-09-04 18:56:46.078537+00:00
23584,INST_0358,institution,mysql,aicte_institutes,institutes,357,1.0,2026-09-04 18:56:46.078537+00:00
23585,INST_0359,institution,mysql,aicte_institutes,institutes,358,1.0,2026-09-04 18:56:46.078537+00:00
23586,INST_0360,institution,mysql,aicte_institutes,institutes,359,1.0,2026-09-04 18:56:46.078537+00:00
23587,INST_0361,institution,mysql,aicte_institutes,institutes,360,1.0,2026-09-04 18:56:46.078537+00:00
23588,INST_0362,institution,mysql,aicte_institutes,institutes,361,1.0,2026-09-04 18:56:46.078537+00:00
23589,INST_0363,institution,mysql,aicte_institutes,institutes,362,1.0,2026-09-04 18:56:46.078537+00:00
23590,INST_0364,institution,mysql,aicte_institutes,institutes,363,1.0,2026-09-04 18:56:46.078537+00:00
23591,INST_0365,institution,mysql,aicte_institutes,institutes,364,1.0,2026-09-04 18:56:46.078537+00:00
23592,INST_0366,institution,mysql,aicte_institutes,institutes,365,1.0,2026-09-04 18:56:46.078537+00:00
23593,INST_0367,institution,mysql,aicte_institutes,institutes,366,1.0,2026-09-04 18:56:46.078537+00:00
23594,INST_0368,institution,mysql,aicte_institutes,institutes,367,1.0,2026-09-04 18:56:46.078537+00:00
23595,INST_0369,institution,mysql,aicte_institutes,institutes,368,1.0,2026-09-04 18:56:46.078537+00:00
23596,INST_0370,institution,mysql,aicte_institutes,institutes,369,1.0,2026-09-04 18:56:46.078537+00:00
23597,INST_0371,institution,mysql,aicte_institutes,institutes,370,1.0,2026-09-04 18:56:46.078537+00:00
23598,INST_0372,institution,mysql,aicte_institutes,institutes,371,1.0,2026-09-04 18:56:46.078537+00:00
23599,INST_0373,institution,mysql,aicte_institutes,institutes,372,1.0,2026-09-04 18:56:46.078537+00:00
23600,INST_0374,institution,mysql,aicte_institutes,institutes,373,1.0,2026-09-04 18:56:46.078537+00:00
23601,INST_0375,institution,mysql,aicte_institutes,institutes,374,1.0,2026-09-04 18:56:46.078537+00:00
23602,INST_0376,institution,mysql,aicte_institutes,institutes,375,1.0,2026-09-04 18:56:46.078537+00:00
23603,INST_0377,institution,mysql,aicte_institutes,institutes,376,1.0,2026-09-04 18:56:46.078537+00:00
23604,INST_0378,institution,mysql,aicte_institutes,institutes,377,1.0,2026-09-04 18:56:46.078537+00:00
23605,INST_0379,institution,mysql,aicte_institutes,institutes,378,1.0,2026-09-04 18:56:46.078537+00:00
23606,INST_0380,institution,mysql,aicte_institutes,institutes,379,1.0,2026-09-04 18:56:46.078537+00:00
23607,INST_0381,institution,mysql,aicte_institutes,institutes,380,1.0,2026-09-04 18:56:46.078537+00:00
23608,INST_0382,institution,mysql,aicte_institutes,institutes,381,1.0,2026-09-04 18:56:46.078537+00:00
23609,INST_0383,institution,mysql,aicte_institutes,institutes,382,1.0,2026-09-04 18:56:46.078537+00:00
23610,INST_0384,institution,mysql,aicte_institutes,institutes,383,1.0,2026-09-04 18:56:46.078537+00:00
23611,INST_0385,institution,mysql,aicte_institutes,institutes,384,1.0,2026-09-04 18:56:46.078537+00:00
23612,INST_0386,institution,mysql,aicte_institutes,institutes,385,1.0,2026-09-04 18:56:46.078537+00:00
23613,INST_0387,institution,mysql,aicte_institutes,institutes,386,1.0,2026-09-04 18:56:46.078537+00:00
23614,INST_0388,institution,mysql,aicte_institutes,institutes,387,1.0,2026-09-04 18:56:46.078537+00:00
23615,INST_0389,institution,mysql,aicte_institutes,institutes,388,1.0,2026-09-04 18:56:46.078537+00:00
23616,INST_0390,institution,mysql,aicte_institutes,institutes,389,1.0,2026-09-04 18:56:46.078537+00:00
23617,INST_0391,institution,mysql,aicte_institutes,institutes,390,1.0,2026-09-04 18:56:46.078537+00:00
23618,INST_0392,institution,mysql,aicte_institutes,institutes,391,1.0,2026-09-04 18:56:46.078537+00:00
23619,INST_0393,institution,mysql,aicte_institutes,institutes,392,1.0,2026-09-04 18:56:46.078537+00:00
23620,INST_0394,institution,mysql,aicte_institutes,institutes,393,1.0,2026-09-04 18:56:46.078537+00:00
23621,INST_0395,institution,mysql,aicte_institutes,institutes,394,1.0,2026-09-04 18:56:46.078537+00:00
23622,INST_0396,institution,mysql,aicte_institutes,institutes,395,1.0,2026-09-04 18:56:46.078537+00:00
23623,INST_0397,institution,mysql,aicte_institutes,institutes,396,1.0,2026-09-04 18:56:46.078537+00:00
23624,INST_0398,institution,mysql,aicte_institutes,institutes,397,1.0,2026-09-04 18:56:46.078537+00:00
23625,INST_0399,institution,mysql,aicte_institutes,institutes,398,1.0,2026-09-04 18:56:46.078537+00:00
23626,INST_0400,institution,mysql,aicte_institutes,institutes,399,1.0,2026-09-04 18:56:46.078537+00:00
23627,INST_0401,institution,mysql,aicte_institutes,institutes,400,1.0,2026-09-04 18:56:46.078537+00:00
23628,INST_0402,institution,mysql,aicte_institutes,institutes,401,1.0,2026-09-04 18:56:46.078537+00:00
23629,INST_0403,institution,mysql,aicte_institutes,institutes,402,1.0,2026-09-04 18:56:46.078537+00:00
23630,INST_0404,institution,mysql,aicte_institutes,institutes,403,1.0,2026-09-04 18:56:46.078537+00:00
23631,INST_0405,institution,mysql,aicte_institutes,institutes,404,1.0,2026-09-04 18:56:46.078537+00:00
23632,INST_0406,institution,mysql,aicte_institutes,institutes,405,1.0,2026-09-04 18:56:46.078537+00:00
23633,INST_0407,institution,mysql,aicte_institutes,institutes,406,1.0,2026-09-04 18:56:46.078537+00:00
23634,INST_0408,institution,mysql,aicte_institutes,institutes,407,1.0,2026-09-04 18:56:46.078537+00:00
23635,INST_0409,institution,mysql,aicte_institutes,institutes,408,1.0,2026-09-04 18:56:46.078537+00:00
23636,INST_0410,institution,mysql,aicte_institutes,institutes,409,1.0,2026-09-04 18:56:46.078537+00:00
23637,INST_0411,institution,mysql,aicte_institutes,institutes,410,1.0,2026-09-04 18:56:46.078537+00:00
23638,INST_0412,institution,mysql,aicte_institutes,institutes,411,1.0,2026-09-04 18:56:46.078537+00:00
23639,INST_0413,institution,mysql,aicte_institutes,institutes,412,1.0,2026-09-04 18:56:46.078537+00:00
23640,INST_0414,institution,mysql,aicte_institutes,institutes,413,1.0,2026-09-04 18:56:46.078537+00:00
23641,INST_0415,institution,mysql,aicte_institutes,institutes,414,1.0,2026-09-04 18:56:46.078537+00:00
23642,INST_0416,institution,mysql,aicte_institutes,institutes,415,1.0,2026-09-04 18:56:46.078537+00:00
23643,INST_0417,institution,mysql,aicte_institutes,institutes,416,1.0,2026-09-04 18:56:46.078537+00:00
23644,INST_0418,institution,mysql,aicte_institutes,institutes,417,1.0,2026-09-04 18:56:46.078537+00:00
23645,INST_0419,institution,mysql,aicte_institutes,institutes,418,1.0,2026-09-04 18:56:46.078537+00:00
23646,INST_0420,institution,mysql,aicte_institutes,institutes,419,1.0,2026-09-04 18:56:46.078537+00:00
23647,INST_0421,institution,mysql,aicte_institutes,institutes,420,1.0,2026-09-04 18:56:46.078537+00:00
23648,INST_0422,institution,mysql,aicte_institutes,institutes,421,1.0,2026-09-04 18:56:46.078537+00:00
23649,INST_0423,institution,mysql,aicte_institutes,institutes,422,1.0,2026-09-04 18:56:46.078537+00:00
23650,INST_0424,institution,mysql,aicte_institutes,institutes,423,1.0,2026-09-04 18:56:46.078537+00:00
23651,INST_0425,institution,mysql,aicte_institutes,institutes,424,1.0,2026-09-04 18:56:46.078537+00:00
23652,INST_0426,institution,mysql,aicte_institutes,institutes,425,1.0,2026-09-04 18:56:46.078537+00:00
23653,INST_0427,institution,mysql,aicte_institutes,institutes,426,1.0,2026-09-04 18:56:46.078537+00:00
23654,INST_0428,institution,mysql,aicte_institutes,institutes,427,1.0,2026-09-04 18:56:46.078537+00:00
23655,INST_0429,institution,mysql,aicte_institutes,institutes,428,1.0,2026-09-04 18:56:46.078537+00:00
23656,INST_0430,institution,mysql,aicte_institutes,institutes,429,1.0,2026-09-04 18:56:46.078537+00:00
23657,INST_0431,institution,mysql,aicte_institutes,institutes,430,1.0,2026-09-04 18:56:46.078537+00:00
23658,INST_0432,institution,mysql,aicte_institutes,institutes,431,1.0,2026-09-04 18:56:46.078537+00:00
23659,INST_0433,institution,mysql,aicte_institutes,institutes,432,1.0,2026-09-04 18:56:46.078537+00:00
23660,INST_0434,institution,mysql,aicte_institutes,institutes,433,1.0,2026-09-04 18:56:46.078537+00:00
23661,INST_0435,institution,mysql,aicte_institutes,institutes,434,1.0,2026-09-04 18:56:46.078537+00:00
23662,INST_0436,institution,mysql,aicte_institutes,institutes,435,1.0,2026-09-04 18:56:46.078537+00:00
23663,INST_0437,institution,mysql,aicte_institutes,institutes,436,1.0,2026-09-04 18:56:46.078537+00:00
23664,INST_0438,institution,mysql,aicte_institutes,institutes,437,1.0,2026-09-04 18:56:46.078537+00:00
23665,INST_0439,institution,mysql,aicte_institutes,institutes,438,1.0,2026-09-04 18:56:46.078537+00:00
23666,INST_0440,institution,mysql,aicte_institutes,institutes,439,1.0,2026-09-04 18:56:46.078537+00:00
23667,INST_0441,institution,mysql,aicte_institutes,institutes,440,1.0,2026-09-04 18:56:46.078537+00:00
23668,INST_0442,institution,mysql,aicte_institutes,institutes,441,1.0,2026-09-04 18:56:46.078537+00:00
23669,INST_0443,institution,mysql,aicte_institutes,institutes,442,1.0,2026-09-04 18:56:46.078537+00:00
23670,INST_0444,institution,mysql,aicte_institutes,institutes,443,1.0,2026-09-04 18:56:46.078537+00:00
23671,INST_0445,institution,mysql,aicte_institutes,institutes,444,1.0,2026-09-04 18:56:46.078537+00:00
23672,INST_0446,institution,mysql,aicte_institutes,institutes,445,1.0,2026-09-04 18:56:46.078537+00:00
23673,INST_0447,institution,mysql,aicte_institutes,institutes,446,1.0,2026-09-04 18:56:46.078537+00:00
23674,INST_0448,institution,mysql,aicte_institutes,institutes,447,1.0,2026-09-04 18:56:46.078537+00:00
23675,INST_0449,institution,mysql,aicte_institutes,institutes,448,1.0,2026-09-04 18:56:46.078537+00:00
23676,INST_0450,institution,mysql,aicte_institutes,institutes,449,1.0,2026-09-04 18:56:46.078537+00:00
23677,INST_0451,institution,mysql,aicte_institutes,institutes,450,1.0,2026-09-04 18:56:46.078537+00:00
23678,INST_0452,institution,mysql,aicte_institutes,institutes,451,1.0,2026-09-04 18:56:46.078537+00:00
23679,INST_0453,institution,mysql,aicte_institutes,institutes,452,1.0,2026-09-04 18:56:46.078537+00:00
23680,INST_0454,institution,mysql,aicte_institutes,institutes,453,1.0,2026-09-04 18:56:46.078537+00:00
23681,INST_0455,institution,mysql,aicte_institutes,institutes,454,1.0,2026-09-04 18:56:46.078537+00:00
23682,INST_0456,institution,mysql,aicte_institutes,institutes,455,1.0,2026-09-04 18:56:46.078537+00:00
23683,INST_0457,institution,mysql,aicte_institutes,institutes,456,1.0,2026-09-04 18:56:46.078537+00:00
23684,INST_0458,institution,mysql,aicte_institutes,institutes,457,1.0,2026-09-04 18:56:46.078537+00:00
23685,INST_0459,institution,mysql,aicte_institutes,institutes,458,1.0,2026-09-04 18:56:46.078537+00:00
23686,INST_0460,institution,mysql,aicte_institutes,institutes,459,1.0,2026-09-04 18:56:46.078537+00:00
23687,INST_0461,institution,mysql,aicte_institutes,institutes,460,1.0,2026-09-04 18:56:46.078537+00:00
23688,INST_0462,institution,mysql,aicte_institutes,institutes,461,1.0,2026-09-04 18:56:46.078537+00:00
23689,INST_0463,institution,mysql,aicte_institutes,institutes,462,1.0,2026-09-04 18:56:46.078537+00:00
23690,INST_0464,institution,mysql,aicte_institutes,institutes,463,1.0,2026-09-04 18:56:46.078537+00:00
23691,INST_0465,institution,mysql,aicte_institutes,institutes,464,1.0,2026-09-04 18:56:46.078537+00:00
23692,INST_0466,institution,mysql,aicte_institutes,institutes,465,1.0,2026-09-04 18:56:46.078537+00:00
23693,INST_0467,institution,mysql,aicte_institutes,institutes,466,1.0,2026-09-04 18:56:46.078537+00:00
23694,INST_0468,institution,mysql,aicte_institutes,institutes,467,1.0,2026-09-04 18:56:46.078537+00:00
23695,INST_0469,institution,mysql,aicte_institutes,institutes,468,1.0,2026-09-04 18:56:46.078537+00:00
23696,INST_0470,institution,mysql,aicte_institutes,institutes,469,1.0,2026-09-04 18:56:46.078537+00:00
23697,INST_0471,institution,mysql,aicte_institutes,institutes,470,1.0,2026-09-04 18:56:46.078537+00:00
23698,INST_0472,institution,mysql,aicte_institutes,institutes,471,1.0,2026-09-04 18:56:46.078537+00:00
23699,INST_0473,institution,mysql,aicte_institutes,institutes,472,1.0,2026-09-04 18:56:46.078537+00:00
23700,INST_0474,institution,mysql,aicte_institutes,institutes,473,1.0,2026-09-04 18:56:46.078537+00:00
23701,INST_0475,institution,mysql,aicte_institutes,institutes,474,1.0,2026-09-04 18:56:46.078537+00:00
23702,INST_0476,institution,mysql,aicte_institutes,institutes,475,1.0,2026-09-04 18:56:46.078537+00:00
23703,INST_0477,institution,mysql,aicte_institutes,institutes,476,1.0,2026-09-04 18:56:46.078537+00:00
23704,INST_0478,institution,mysql,aicte_institutes,institutes,477,1.0,2026-09-04 18:56:46.078537+00:00
23705,INST_0479,institution,mysql,aicte_institutes,institutes,478,1.0,2026-09-04 18:56:46.078537+00:00
23706,INST_0480,institution,mysql,aicte_institutes,institutes,479,1.0,2026-09-04 18:56:46.078537+00:00
23707,INST_0481,institution,mysql,aicte_institutes,institutes,480,1.0,2026-09-04 18:56:46.078537+00:00
23708,INST_0482,institution,mysql,aicte_institutes,institutes,481,1.0,2026-09-04 18:56:46.078537+00:00
23709,INST_0483,institution,mysql,aicte_institutes,institutes,482,1.0,2026-09-04 18:56:46.078537+00:00
23710,INST_0484,institution,mysql,aicte_institutes,institutes,483,1.0,2026-09-04 18:56:46.078537+00:00
23711,INST_0485,institution,mysql,aicte_institutes,institutes,484,1.0,2026-09-04 18:56:46.078537+00:00
23712,INST_0486,institution,mysql,aicte_institutes,institutes,485,1.0,2026-09-04 18:56:46.078537+00:00
23713,INST_0487,institution,mysql,aicte_institutes,institutes,486,1.0,2026-09-04 18:56:46.078537+00:00
23714,INST_0488,institution,mysql,aicte_institutes,institutes,487,1.0,2026-09-04 18:56:46.078537+00:00
23715,INST_0489,institution,mysql,aicte_institutes,institutes,488,1.0,2026-09-04 18:56:46.078537+00:00
23716,INST_0490,institution,mysql,aicte_institutes,institutes,489,1.0,2026-09-04 18:56:46.078537+00:00
23717,INST_0491,institution,mysql,aicte_institutes,institutes,490,1.0,2026-09-04 18:56:46.078537+00:00
23718,INST_0492,institution,mysql,aicte_institutes,institutes,491,1.0,2026-09-04 18:56:46.078537+00:00
23719,INST_0493,institution,mysql,aicte_institutes,institutes,492,1.0,2026-09-04 18:56:46.078537+00:00
23720,INST_0494,institution,mysql,aicte_institutes,institutes,493,1.0,2026-09-04 18:56:46.078537+00:00
23721,INST_0495,institution,mysql,aicte_institutes,institutes,494,1.0,2026-09-04 18:56:46.078537+00:00
23722,INST_0496,institution,mysql,aicte_institutes,institutes,495,1.0,2026-09-04 18:56:46.078537+00:00
23723,INST_0497,institution,mysql,aicte_institutes,institutes,496,1.0,2026-09-04 18:56:46.078537+00:00
23724,INST_0498,institution,mysql,aicte_institutes,institutes,497,1.0,2026-09-04 18:56:46.078537+00:00
23725,INST_0499,institution,mysql,aicte_institutes,institutes,498,1.0,2026-09-04 18:56:46.078537+00:00
23726,INST_0500,institution,mysql,aicte_institutes,institutes,499,1.0,2026-09-04 18:56:46.078537+00:00
23727,INST_0501,institution,postgres,courses_db,courses,1393,1.0,2026-09-04 18:56:46.078537+00:00
23728,INST_0502,institution,postgres,courses_db,courses,1394,1.0,2026-09-04 18:56:46.078537+00:00
23729,INST_0503,institution,postgres,courses_db,courses,1395,1.0,2026-09-04 18:56:46.078537+00:00
23730,INST_0504,institution,postgres,courses_db,courses,1396,1.0,2026-09-04 18:56:46.078537+00:00
23731,INST_0505,institution,postgres,courses_db,courses,1397,1.0,2026-09-04 18:56:46.078537+00:00
23732,INST_0506,institution,postgres,courses_db,courses,1398,1.0,2026-09-04 18:56:46.078537+00:00
23733,INST_0507,institution,postgres,faculty_db,faculty,850,1.0,2026-09-04 18:56:46.078537+00:00
23734,INST_0508,institution,postgres,faculty_db,faculty,851,1.0,2026-09-04 18:56:46.078537+00:00
23735,INST_0509,institution,postgres,faculty_db,faculty,852,1.0,2026-09-04 18:56:46.078537+00:00
23736,INST_0510,institution,postgres,faculty_db,faculty,853,1.0,2026-09-04 18:56:46.078537+00:00
23737,INST_0511,institution,postgres,faculty_db,faculty,854,1.0,2026-09-04 18:56:46.078537+00:00
23738,INST_0512,institution,postgres,faculty_db,faculty,855,1.0,2026-09-04 18:56:46.078537+00:00
23739,INST_0513,institution,postgres,faculty_db,faculty,856,1.0,2026-09-04 18:56:46.078537+00:00
23740,INST_0514,institution,postgres,faculty_db,faculty,857,1.0,2026-09-04 18:56:46.078537+00:00
23741,INST_0515,institution,postgres,faculty_db,faculty,858,1.0,2026-09-04 18:56:46.078537+00:00
23742,INST_0516,institution,postgres,faculty_db,faculty,859,1.0,2026-09-04 18:56:46.078537+00:00
23743,INST_0517,institution,postgres,faculty_db,faculty,860,1.0,2026-09-04 18:56:46.078537+00:00
23744,INST_0518,institution,postgres,faculty_db,faculty,861,1.0,2026-09-04 18:56:46.078537+00:00
23745,INST_0519,institution,postgres,faculty_db,faculty,862,1.0,2026-09-04 18:56:46.078537+00:00
23746,INST_0520,institution,postgres,faculty_db,faculty,863,1.0,2026-09-04 18:56:46.078537+00:00
23747,INST_0521,institution,legacy_csv,legacy,nba_autonomous_status.csv,30,1.0,2026-09-04 18:56:46.078537+00:00
23748,INST_0522,institution,legacy_csv,legacy,nba_autonomous_status.csv,72,1.0,2026-09-04 18:56:46.078537+00:00
23749,INST_0523,institution,legacy_csv,legacy,nba_autonomous_status.csv,73,1.0,2026-09-04 18:56:46.078537+00:00
23750,INST_0524,institution,legacy_csv,legacy,nba_autonomous_status.csv,74,1.0,2026-09-04 18:56:46.078537+00:00
23751,INST_0525,institution,legacy_csv,legacy,nba_autonomous_status.csv,75,1.0,2026-09-04 18:56:46.078537+00:00
23752,INST_0526,institution,legacy_csv,legacy,closed_institutes.csv,87,1.0,2026-09-04 18:56:46.078537+00:00
23753,INST_0527,institution,legacy_csv,legacy,unapproved_list.csv,85,1.0,2026-09-04 18:56:46.078537+00:00
23754,INST_0528,institution,legacy_csv,legacy,unapproved_list.csv,86,1.0,2026-09-04 18:56:46.078537+00:00
23755,INST_0529,institution,legacy_csv,legacy,unapproved_list.csv,87,1.0,2026-09-04 18:56:46.078537+00:00
23756,INST_0530,institution,legacy_csv,legacy,unapproved_list.csv,88,1.0,2026-09-04 18:56:46.078537+00:00
23757,CRS_1,course,postgres,courses_db,courses,0,1.0,2026-09-04 18:56:47.977415+00:00
23758,CRS_2,course,postgres,courses_db,courses,1,1.0,2026-09-04 18:56:47.977415+00:00
23759,CRS_3,course,postgres,courses_db,courses,2,1.0,2026-09-04 18:56:47.977415+00:00
23760,CRS_4,course,postgres,courses_db,courses,3,1.0,2026-09-04 18:56:47.977415+00:00
23761,CRS_5,course,postgres,courses_db,courses,4,1.0,2026-09-04 18:56:47.977415+00:00
23762,CRS_6,course,postgres,courses_db,courses,5,1.0,2026-09-04 18:56:47.977415+00:00
23763,CRS_7,course,postgres,courses_db,courses,6,1.0,2026-09-04 18:56:47.977415+00:00
23764,CRS_8,course,postgres,courses_db,courses,7,1.0,2026-09-04 18:56:47.977415+00:00
23765,CRS_9,course,postgres,courses_db,courses,8,1.0,2026-09-04 18:56:47.977415+00:00
23766,CRS_10,course,postgres,courses_db,courses,9,1.0,2026-09-04 18:56:47.977415+00:00
23767,CRS_11,course,postgres,courses_db,courses,10,1.0,2026-09-04 18:56:47.977415+00:00
23768,CRS_12,course,postgres,courses_db,courses,11,1.0,2026-09-04 18:56:47.977415+00:00
23769,CRS_13,course,postgres,courses_db,courses,12,1.0,2026-09-04 18:56:47.977415+00:00
23770,CRS_14,course,postgres,courses_db,courses,13,1.0,2026-09-04 18:56:47.977415+00:00
23771,CRS_15,course,postgres,courses_db,courses,14,1.0,2026-09-04 18:56:47.977415+00:00
23772,CRS_16,course,postgres,courses_db,courses,15,1.0,2026-09-04 18:56:47.977415+00:00
23773,CRS_17,course,postgres,courses_db,courses,16,1.0,2026-09-04 18:56:47.977415+00:00
23774,CRS_18,course,postgres,courses_db,courses,17,1.0,2026-09-04 18:56:47.977415+00:00
23775,CRS_19,course,postgres,courses_db,courses,18,1.0,2026-09-04 18:56:47.977415+00:00
23776,CRS_20,course,postgres,courses_db,courses,19,1.0,2026-09-04 18:56:47.977415+00:00
23777,CRS_21,course,postgres,courses_db,courses,20,1.0,2026-09-04 18:56:47.977415+00:00
23778,CRS_22,course,postgres,courses_db,courses,21,1.0,2026-09-04 18:56:47.977415+00:00
23779,CRS_23,course,postgres,courses_db,courses,22,1.0,2026-09-04 18:56:47.977415+00:00
23780,CRS_24,course,postgres,courses_db,courses,23,1.0,2026-09-04 18:56:47.977415+00:00
23781,CRS_25,course,postgres,courses_db,courses,24,1.0,2026-09-04 18:56:47.977415+00:00
23782,CRS_26,course,postgres,courses_db,courses,25,1.0,2026-09-04 18:56:47.977415+00:00
23783,CRS_27,course,postgres,courses_db,courses,26,1.0,2026-09-04 18:56:47.977415+00:00
23784,CRS_28,course,postgres,courses_db,courses,27,1.0,2026-09-04 18:56:47.977415+00:00
23785,CRS_29,course,postgres,courses_db,courses,28,1.0,2026-09-04 18:56:47.977415+00:00
23786,CRS_30,course,postgres,courses_db,courses,29,1.0,2026-09-04 18:56:47.977415+00:00
23787,CRS_31,course,postgres,courses_db,courses,30,1.0,2026-09-04 18:56:47.977415+00:00
23788,CRS_32,course,postgres,courses_db,courses,31,1.0,2026-09-04 18:56:47.977415+00:00
23789,CRS_33,course,postgres,courses_db,courses,32,1.0,2026-09-04 18:56:47.977415+00:00
23790,CRS_34,course,postgres,courses_db,courses,33,1.0,2026-09-04 18:56:47.977415+00:00
23791,CRS_35,course,postgres,courses_db,courses,34,1.0,2026-09-04 18:56:47.977415+00:00
23792,CRS_36,course,postgres,courses_db,courses,35,1.0,2026-09-04 18:56:47.977415+00:00
23793,CRS_37,course,postgres,courses_db,courses,36,1.0,2026-09-04 18:56:47.977415+00:00
23794,CRS_38,course,postgres,courses_db,courses,37,1.0,2026-09-04 18:56:47.977415+00:00
23795,CRS_39,course,postgres,courses_db,courses,38,1.0,2026-09-04 18:56:47.977415+00:00
23796,CRS_40,course,postgres,courses_db,courses,39,1.0,2026-09-04 18:56:47.977415+00:00
23797,CRS_41,course,postgres,courses_db,courses,40,1.0,2026-09-04 18:56:47.977415+00:00
23798,CRS_42,course,postgres,courses_db,courses,41,1.0,2026-09-04 18:56:47.977415+00:00
23799,CRS_43,course,postgres,courses_db,courses,42,1.0,2026-09-04 18:56:47.977415+00:00
23800,CRS_44,course,postgres,courses_db,courses,43,1.0,2026-09-04 18:56:47.977415+00:00
23801,CRS_45,course,postgres,courses_db,courses,44,1.0,2026-09-04 18:56:47.977415+00:00
23802,CRS_46,course,postgres,courses_db,courses,45,1.0,2026-09-04 18:56:47.977415+00:00
23803,CRS_47,course,postgres,courses_db,courses,46,1.0,2026-09-04 18:56:47.977415+00:00
23804,CRS_48,course,postgres,courses_db,courses,47,1.0,2026-09-04 18:56:47.977415+00:00
23805,CRS_49,course,postgres,courses_db,courses,48,1.0,2026-09-04 18:56:47.977415+00:00
23806,CRS_50,course,postgres,courses_db,courses,49,1.0,2026-09-04 18:56:47.977415+00:00
23807,CRS_51,course,postgres,courses_db,courses,50,1.0,2026-09-04 18:56:47.977415+00:00
23808,CRS_52,course,postgres,courses_db,courses,51,1.0,2026-09-04 18:56:47.977415+00:00
23809,CRS_53,course,postgres,courses_db,courses,52,1.0,2026-09-04 18:56:47.977415+00:00
23810,CRS_54,course,postgres,courses_db,courses,53,1.0,2026-09-04 18:56:47.977415+00:00
23811,CRS_55,course,postgres,courses_db,courses,54,1.0,2026-09-04 18:56:47.977415+00:00
23812,CRS_56,course,postgres,courses_db,courses,55,1.0,2026-09-04 18:56:47.977415+00:00
23813,CRS_57,course,postgres,courses_db,courses,56,1.0,2026-09-04 18:56:47.977415+00:00
23814,CRS_58,course,postgres,courses_db,courses,57,1.0,2026-09-04 18:56:47.977415+00:00
23815,CRS_59,course,postgres,courses_db,courses,58,1.0,2026-09-04 18:56:47.977415+00:00
23816,CRS_60,course,postgres,courses_db,courses,59,1.0,2026-09-04 18:56:47.977415+00:00
23817,CRS_61,course,postgres,courses_db,courses,60,1.0,2026-09-04 18:56:47.977415+00:00
23818,CRS_62,course,postgres,courses_db,courses,61,1.0,2026-09-04 18:56:47.977415+00:00
23819,CRS_63,course,postgres,courses_db,courses,62,1.0,2026-09-04 18:56:47.977415+00:00
23820,CRS_64,course,postgres,courses_db,courses,63,1.0,2026-09-04 18:56:47.977415+00:00
23821,CRS_65,course,postgres,courses_db,courses,64,1.0,2026-09-04 18:56:47.977415+00:00
23822,CRS_66,course,postgres,courses_db,courses,65,1.0,2026-09-04 18:56:47.977415+00:00
23823,CRS_67,course,postgres,courses_db,courses,66,1.0,2026-09-04 18:56:47.977415+00:00
23824,CRS_68,course,postgres,courses_db,courses,67,1.0,2026-09-04 18:56:47.977415+00:00
23825,CRS_69,course,postgres,courses_db,courses,68,1.0,2026-09-04 18:56:47.977415+00:00
23826,CRS_70,course,postgres,courses_db,courses,69,1.0,2026-09-04 18:56:47.977415+00:00
23827,CRS_71,course,postgres,courses_db,courses,70,1.0,2026-09-04 18:56:47.977415+00:00
23828,CRS_72,course,postgres,courses_db,courses,71,1.0,2026-09-04 18:56:47.977415+00:00
23829,CRS_73,course,postgres,courses_db,courses,72,1.0,2026-09-04 18:56:47.977415+00:00
23830,CRS_74,course,postgres,courses_db,courses,73,1.0,2026-09-04 18:56:47.977415+00:00
23831,CRS_75,course,postgres,courses_db,courses,74,1.0,2026-09-04 18:56:47.977415+00:00
23832,CRS_76,course,postgres,courses_db,courses,75,1.0,2026-09-04 18:56:47.977415+00:00
23833,CRS_77,course,postgres,courses_db,courses,76,1.0,2026-09-04 18:56:47.977415+00:00
23834,CRS_78,course,postgres,courses_db,courses,77,1.0,2026-09-04 18:56:47.977415+00:00
23835,CRS_79,course,postgres,courses_db,courses,78,1.0,2026-09-04 18:56:47.977415+00:00
23836,CRS_80,course,postgres,courses_db,courses,79,1.0,2026-09-04 18:56:47.977415+00:00
23837,CRS_81,course,postgres,courses_db,courses,80,1.0,2026-09-04 18:56:47.977415+00:00
23838,CRS_82,course,postgres,courses_db,courses,81,1.0,2026-09-04 18:56:47.977415+00:00
23839,CRS_83,course,postgres,courses_db,courses,82,1.0,2026-09-04 18:56:47.977415+00:00
23840,CRS_84,course,postgres,courses_db,courses,83,1.0,2026-09-04 18:56:47.977415+00:00
23841,CRS_85,course,postgres,courses_db,courses,84,1.0,2026-09-04 18:56:47.977415+00:00
23842,CRS_86,course,postgres,courses_db,courses,85,1.0,2026-09-04 18:56:47.977415+00:00
23843,CRS_87,course,postgres,courses_db,courses,86,1.0,2026-09-04 18:56:47.977415+00:00
23844,CRS_88,course,postgres,courses_db,courses,87,1.0,2026-09-04 18:56:47.977415+00:00
23845,CRS_89,course,postgres,courses_db,courses,88,1.0,2026-09-04 18:56:47.977415+00:00
23846,CRS_90,course,postgres,courses_db,courses,89,1.0,2026-09-04 18:56:47.977415+00:00
23847,CRS_91,course,postgres,courses_db,courses,90,1.0,2026-09-04 18:56:47.977415+00:00
23848,CRS_92,course,postgres,courses_db,courses,91,1.0,2026-09-04 18:56:47.977415+00:00
23849,CRS_93,course,postgres,courses_db,courses,92,1.0,2026-09-04 18:56:47.977415+00:00
23850,CRS_94,course,postgres,courses_db,courses,93,1.0,2026-09-04 18:56:47.977415+00:00
23851,CRS_95,course,postgres,courses_db,courses,94,1.0,2026-09-04 18:56:47.977415+00:00
23852,CRS_96,course,postgres,courses_db,courses,95,1.0,2026-09-04 18:56:47.977415+00:00
23853,CRS_97,course,postgres,courses_db,courses,96,1.0,2026-09-04 18:56:47.977415+00:00
23854,CRS_98,course,postgres,courses_db,courses,97,1.0,2026-09-04 18:56:47.977415+00:00
23855,CRS_99,course,postgres,courses_db,courses,98,1.0,2026-09-04 18:56:47.977415+00:00
23856,CRS_100,course,postgres,courses_db,courses,99,1.0,2026-09-04 18:56:47.977415+00:00
23857,CRS_101,course,postgres,courses_db,courses,100,1.0,2026-09-04 18:56:47.977415+00:00
23858,CRS_102,course,postgres,courses_db,courses,101,1.0,2026-09-04 18:56:47.977415+00:00
23859,CRS_103,course,postgres,courses_db,courses,102,1.0,2026-09-04 18:56:47.977415+00:00
23860,CRS_104,course,postgres,courses_db,courses,103,1.0,2026-09-04 18:56:47.977415+00:00
23861,CRS_105,course,postgres,courses_db,courses,104,1.0,2026-09-04 18:56:47.977415+00:00
23862,CRS_106,course,postgres,courses_db,courses,105,1.0,2026-09-04 18:56:47.977415+00:00
23863,CRS_107,course,postgres,courses_db,courses,106,1.0,2026-09-04 18:56:47.977415+00:00
23864,CRS_108,course,postgres,courses_db,courses,107,1.0,2026-09-04 18:56:47.977415+00:00
23865,CRS_109,course,postgres,courses_db,courses,108,1.0,2026-09-04 18:56:47.977415+00:00
23866,CRS_110,course,postgres,courses_db,courses,109,1.0,2026-09-04 18:56:47.977415+00:00
23867,CRS_111,course,postgres,courses_db,courses,110,1.0,2026-09-04 18:56:47.977415+00:00
23868,CRS_112,course,postgres,courses_db,courses,111,1.0,2026-09-04 18:56:47.977415+00:00
23869,CRS_113,course,postgres,courses_db,courses,112,1.0,2026-09-04 18:56:47.977415+00:00
23870,CRS_114,course,postgres,courses_db,courses,113,1.0,2026-09-04 18:56:47.977415+00:00
23871,CRS_115,course,postgres,courses_db,courses,114,1.0,2026-09-04 18:56:47.977415+00:00
23872,CRS_116,course,postgres,courses_db,courses,115,1.0,2026-09-04 18:56:47.977415+00:00
23873,CRS_117,course,postgres,courses_db,courses,116,1.0,2026-09-04 18:56:47.977415+00:00
23874,CRS_118,course,postgres,courses_db,courses,117,1.0,2026-09-04 18:56:47.977415+00:00
23875,CRS_119,course,postgres,courses_db,courses,118,1.0,2026-09-04 18:56:47.977415+00:00
23876,CRS_120,course,postgres,courses_db,courses,119,1.0,2026-09-04 18:56:47.977415+00:00
23877,CRS_121,course,postgres,courses_db,courses,120,1.0,2026-09-04 18:56:47.977415+00:00
23878,CRS_122,course,postgres,courses_db,courses,121,1.0,2026-09-04 18:56:47.977415+00:00
23879,CRS_123,course,postgres,courses_db,courses,122,1.0,2026-09-04 18:56:47.977415+00:00
23880,CRS_124,course,postgres,courses_db,courses,123,1.0,2026-09-04 18:56:47.977415+00:00
23881,CRS_125,course,postgres,courses_db,courses,124,1.0,2026-09-04 18:56:47.977415+00:00
23882,CRS_126,course,postgres,courses_db,courses,125,1.0,2026-09-04 18:56:47.977415+00:00
23883,CRS_127,course,postgres,courses_db,courses,126,1.0,2026-09-04 18:56:47.977415+00:00
23884,CRS_128,course,postgres,courses_db,courses,127,1.0,2026-09-04 18:56:47.977415+00:00
23885,CRS_129,course,postgres,courses_db,courses,128,1.0,2026-09-04 18:56:47.977415+00:00
23886,CRS_130,course,postgres,courses_db,courses,129,1.0,2026-09-04 18:56:47.977415+00:00
23887,CRS_131,course,postgres,courses_db,courses,130,1.0,2026-09-04 18:56:47.977415+00:00
23888,CRS_132,course,postgres,courses_db,courses,131,1.0,2026-09-04 18:56:47.977415+00:00
23889,CRS_133,course,postgres,courses_db,courses,132,1.0,2026-09-04 18:56:47.977415+00:00
23890,CRS_134,course,postgres,courses_db,courses,133,1.0,2026-09-04 18:56:47.977415+00:00
23891,CRS_135,course,postgres,courses_db,courses,134,1.0,2026-09-04 18:56:47.977415+00:00
23892,CRS_136,course,postgres,courses_db,courses,135,1.0,2026-09-04 18:56:47.977415+00:00
23893,CRS_137,course,postgres,courses_db,courses,136,1.0,2026-09-04 18:56:47.977415+00:00
23894,CRS_138,course,postgres,courses_db,courses,137,1.0,2026-09-04 18:56:47.977415+00:00
23895,CRS_139,course,postgres,courses_db,courses,138,1.0,2026-09-04 18:56:47.977415+00:00
23896,CRS_140,course,postgres,courses_db,courses,139,1.0,2026-09-04 18:56:47.977415+00:00
23897,CRS_141,course,postgres,courses_db,courses,140,1.0,2026-09-04 18:56:47.977415+00:00
23898,CRS_142,course,postgres,courses_db,courses,141,1.0,2026-09-04 18:56:47.977415+00:00
23899,CRS_143,course,postgres,courses_db,courses,142,1.0,2026-09-04 18:56:47.977415+00:00
23900,CRS_144,course,postgres,courses_db,courses,143,1.0,2026-09-04 18:56:47.977415+00:00
23901,CRS_145,course,postgres,courses_db,courses,144,1.0,2026-09-04 18:56:47.977415+00:00
23902,CRS_146,course,postgres,courses_db,courses,145,1.0,2026-09-04 18:56:47.977415+00:00
23903,CRS_147,course,postgres,courses_db,courses,146,1.0,2026-09-04 18:56:47.977415+00:00
23904,CRS_148,course,postgres,courses_db,courses,147,1.0,2026-09-04 18:56:47.977415+00:00
23905,CRS_149,course,postgres,courses_db,courses,148,1.0,2026-09-04 18:56:47.977415+00:00
23906,CRS_150,course,postgres,courses_db,courses,149,1.0,2026-09-04 18:56:47.977415+00:00
23907,CRS_151,course,postgres,courses_db,courses,150,1.0,2026-09-04 18:56:47.977415+00:00
23908,CRS_152,course,postgres,courses_db,courses,151,1.0,2026-09-04 18:56:47.977415+00:00
23909,CRS_153,course,postgres,courses_db,courses,152,1.0,2026-09-04 18:56:47.977415+00:00
23910,CRS_154,course,postgres,courses_db,courses,153,1.0,2026-09-04 18:56:47.977415+00:00
23911,CRS_155,course,postgres,courses_db,courses,154,1.0,2026-09-04 18:56:47.977415+00:00
23912,CRS_156,course,postgres,courses_db,courses,155,1.0,2026-09-04 18:56:47.977415+00:00
23913,CRS_157,course,postgres,courses_db,courses,156,1.0,2026-09-04 18:56:47.977415+00:00
23914,CRS_158,course,postgres,courses_db,courses,157,1.0,2026-09-04 18:56:47.977415+00:00
23915,CRS_159,course,postgres,courses_db,courses,158,1.0,2026-09-04 18:56:47.977415+00:00
23916,CRS_160,course,postgres,courses_db,courses,159,1.0,2026-09-04 18:56:47.977415+00:00
23917,CRS_161,course,postgres,courses_db,courses,160,1.0,2026-09-04 18:56:47.977415+00:00
23918,CRS_162,course,postgres,courses_db,courses,161,1.0,2026-09-04 18:56:47.977415+00:00
23919,CRS_163,course,postgres,courses_db,courses,162,1.0,2026-09-04 18:56:47.977415+00:00
23920,CRS_164,course,postgres,courses_db,courses,163,1.0,2026-09-04 18:56:47.977415+00:00
23921,CRS_165,course,postgres,courses_db,courses,164,1.0,2026-09-04 18:56:47.977415+00:00
23922,CRS_166,course,postgres,courses_db,courses,165,1.0,2026-09-04 18:56:47.977415+00:00
23923,CRS_167,course,postgres,courses_db,courses,166,1.0,2026-09-04 18:56:47.977415+00:00
23924,CRS_168,course,postgres,courses_db,courses,167,1.0,2026-09-04 18:56:47.977415+00:00
23925,CRS_169,course,postgres,courses_db,courses,168,1.0,2026-09-04 18:56:47.977415+00:00
23926,CRS_170,course,postgres,courses_db,courses,169,1.0,2026-09-04 18:56:47.977415+00:00
23927,CRS_171,course,postgres,courses_db,courses,170,1.0,2026-09-04 18:56:47.977415+00:00
23928,CRS_172,course,postgres,courses_db,courses,171,1.0,2026-09-04 18:56:47.977415+00:00
23929,CRS_173,course,postgres,courses_db,courses,172,1.0,2026-09-04 18:56:47.977415+00:00
23930,CRS_174,course,postgres,courses_db,courses,173,1.0,2026-09-04 18:56:47.977415+00:00
23931,CRS_175,course,postgres,courses_db,courses,174,1.0,2026-09-04 18:56:47.977415+00:00
23932,CRS_176,course,postgres,courses_db,courses,175,1.0,2026-09-04 18:56:47.977415+00:00
23933,CRS_177,course,postgres,courses_db,courses,176,1.0,2026-09-04 18:56:47.977415+00:00
23934,CRS_178,course,postgres,courses_db,courses,177,1.0,2026-09-04 18:56:47.977415+00:00
23935,CRS_179,course,postgres,courses_db,courses,178,1.0,2026-09-04 18:56:47.977415+00:00
23936,CRS_180,course,postgres,courses_db,courses,179,1.0,2026-09-04 18:56:47.977415+00:00
23937,CRS_181,course,postgres,courses_db,courses,180,1.0,2026-09-04 18:56:47.977415+00:00
23938,CRS_182,course,postgres,courses_db,courses,181,1.0,2026-09-04 18:56:47.977415+00:00
23939,CRS_183,course,postgres,courses_db,courses,182,1.0,2026-09-04 18:56:47.977415+00:00
23940,CRS_184,course,postgres,courses_db,courses,183,1.0,2026-09-04 18:56:47.977415+00:00
23941,CRS_185,course,postgres,courses_db,courses,184,1.0,2026-09-04 18:56:47.977415+00:00
23942,CRS_186,course,postgres,courses_db,courses,185,1.0,2026-09-04 18:56:47.977415+00:00
23943,CRS_187,course,postgres,courses_db,courses,186,1.0,2026-09-04 18:56:47.977415+00:00
23944,CRS_188,course,postgres,courses_db,courses,187,1.0,2026-09-04 18:56:47.977415+00:00
23945,CRS_189,course,postgres,courses_db,courses,188,1.0,2026-09-04 18:56:47.977415+00:00
23946,CRS_190,course,postgres,courses_db,courses,189,1.0,2026-09-04 18:56:47.977415+00:00
23947,CRS_191,course,postgres,courses_db,courses,190,1.0,2026-09-04 18:56:47.977415+00:00
23948,CRS_192,course,postgres,courses_db,courses,191,1.0,2026-09-04 18:56:47.977415+00:00
23949,CRS_193,course,postgres,courses_db,courses,192,1.0,2026-09-04 18:56:47.977415+00:00
23950,CRS_194,course,postgres,courses_db,courses,193,1.0,2026-09-04 18:56:47.977415+00:00
23951,CRS_195,course,postgres,courses_db,courses,194,1.0,2026-09-04 18:56:47.977415+00:00
23952,CRS_196,course,postgres,courses_db,courses,195,1.0,2026-09-04 18:56:47.977415+00:00
23953,CRS_197,course,postgres,courses_db,courses,196,1.0,2026-09-04 18:56:47.977415+00:00
23954,CRS_198,course,postgres,courses_db,courses,197,1.0,2026-09-04 18:56:47.977415+00:00
23955,CRS_199,course,postgres,courses_db,courses,198,1.0,2026-09-04 18:56:47.977415+00:00
23956,CRS_200,course,postgres,courses_db,courses,199,1.0,2026-09-04 18:56:47.977415+00:00
23957,CRS_201,course,postgres,courses_db,courses,200,1.0,2026-09-04 18:56:47.977415+00:00
23958,CRS_202,course,postgres,courses_db,courses,201,1.0,2026-09-04 18:56:47.977415+00:00
23959,CRS_203,course,postgres,courses_db,courses,202,1.0,2026-09-04 18:56:47.977415+00:00
23960,CRS_204,course,postgres,courses_db,courses,203,1.0,2026-09-04 18:56:47.977415+00:00
23961,CRS_205,course,postgres,courses_db,courses,204,1.0,2026-09-04 18:56:47.977415+00:00
23962,CRS_206,course,postgres,courses_db,courses,205,1.0,2026-09-04 18:56:47.977415+00:00
23963,CRS_207,course,postgres,courses_db,courses,206,1.0,2026-09-04 18:56:47.977415+00:00
23964,CRS_208,course,postgres,courses_db,courses,207,1.0,2026-09-04 18:56:47.977415+00:00
23965,CRS_209,course,postgres,courses_db,courses,208,1.0,2026-09-04 18:56:47.977415+00:00
23966,CRS_210,course,postgres,courses_db,courses,209,1.0,2026-09-04 18:56:47.977415+00:00
23967,CRS_211,course,postgres,courses_db,courses,210,1.0,2026-09-04 18:56:47.977415+00:00
23968,CRS_212,course,postgres,courses_db,courses,211,1.0,2026-09-04 18:56:47.977415+00:00
23969,CRS_213,course,postgres,courses_db,courses,212,1.0,2026-09-04 18:56:47.977415+00:00
23970,CRS_214,course,postgres,courses_db,courses,213,1.0,2026-09-04 18:56:47.977415+00:00
23971,CRS_215,course,postgres,courses_db,courses,214,1.0,2026-09-04 18:56:47.977415+00:00
23972,CRS_216,course,postgres,courses_db,courses,215,1.0,2026-09-04 18:56:47.977415+00:00
23973,CRS_217,course,postgres,courses_db,courses,216,1.0,2026-09-04 18:56:47.977415+00:00
23974,CRS_218,course,postgres,courses_db,courses,217,1.0,2026-09-04 18:56:47.977415+00:00
23975,CRS_219,course,postgres,courses_db,courses,218,1.0,2026-09-04 18:56:47.977415+00:00
23976,CRS_220,course,postgres,courses_db,courses,219,1.0,2026-09-04 18:56:47.977415+00:00
23977,CRS_221,course,postgres,courses_db,courses,220,1.0,2026-09-04 18:56:47.977415+00:00
23978,CRS_222,course,postgres,courses_db,courses,221,1.0,2026-09-04 18:56:47.977415+00:00
23979,CRS_223,course,postgres,courses_db,courses,222,1.0,2026-09-04 18:56:47.977415+00:00
23980,CRS_224,course,postgres,courses_db,courses,223,1.0,2026-09-04 18:56:47.977415+00:00
23981,CRS_225,course,postgres,courses_db,courses,224,1.0,2026-09-04 18:56:47.977415+00:00
23982,CRS_226,course,postgres,courses_db,courses,225,1.0,2026-09-04 18:56:47.977415+00:00
23983,CRS_227,course,postgres,courses_db,courses,226,1.0,2026-09-04 18:56:47.977415+00:00
23984,CRS_228,course,postgres,courses_db,courses,227,1.0,2026-09-04 18:56:47.977415+00:00
23985,CRS_229,course,postgres,courses_db,courses,228,1.0,2026-09-04 18:56:47.977415+00:00
23986,CRS_230,course,postgres,courses_db,courses,229,1.0,2026-09-04 18:56:47.977415+00:00
23987,CRS_231,course,postgres,courses_db,courses,230,1.0,2026-09-04 18:56:47.977415+00:00
23988,CRS_232,course,postgres,courses_db,courses,231,1.0,2026-09-04 18:56:47.977415+00:00
23989,CRS_233,course,postgres,courses_db,courses,232,1.0,2026-09-04 18:56:47.977415+00:00
23990,CRS_234,course,postgres,courses_db,courses,233,1.0,2026-09-04 18:56:47.977415+00:00
23991,CRS_235,course,postgres,courses_db,courses,234,1.0,2026-09-04 18:56:47.977415+00:00
23992,CRS_236,course,postgres,courses_db,courses,235,1.0,2026-09-04 18:56:47.977415+00:00
23993,CRS_237,course,postgres,courses_db,courses,236,1.0,2026-09-04 18:56:47.977415+00:00
23994,CRS_238,course,postgres,courses_db,courses,237,1.0,2026-09-04 18:56:47.977415+00:00
23995,CRS_239,course,postgres,courses_db,courses,238,1.0,2026-09-04 18:56:47.977415+00:00
23996,CRS_240,course,postgres,courses_db,courses,239,1.0,2026-09-04 18:56:47.977415+00:00
23997,CRS_241,course,postgres,courses_db,courses,240,1.0,2026-09-04 18:56:47.977415+00:00
23998,CRS_242,course,postgres,courses_db,courses,241,1.0,2026-09-04 18:56:47.977415+00:00
23999,CRS_243,course,postgres,courses_db,courses,242,1.0,2026-09-04 18:56:47.977415+00:00
24000,CRS_244,course,postgres,courses_db,courses,243,1.0,2026-09-04 18:56:47.977415+00:00
24001,CRS_245,course,postgres,courses_db,courses,244,1.0,2026-09-04 18:56:47.977415+00:00
24002,CRS_246,course,postgres,courses_db,courses,245,1.0,2026-09-04 18:56:47.977415+00:00
24003,CRS_247,course,postgres,courses_db,courses,246,1.0,2026-09-04 18:56:47.977415+00:00
24004,CRS_248,course,postgres,courses_db,courses,247,1.0,2026-09-04 18:56:47.977415+00:00
24005,CRS_249,course,postgres,courses_db,courses,248,1.0,2026-09-04 18:56:47.977415+00:00
24006,CRS_250,course,postgres,courses_db,courses,249,1.0,2026-09-04 18:56:47.977415+00:00
24007,CRS_251,course,postgres,courses_db,courses,250,1.0,2026-09-04 18:56:47.977415+00:00
24008,CRS_252,course,postgres,courses_db,courses,251,1.0,2026-09-04 18:56:47.977415+00:00
24009,CRS_253,course,postgres,courses_db,courses,252,1.0,2026-09-04 18:56:47.977415+00:00
24010,CRS_254,course,postgres,courses_db,courses,253,1.0,2026-09-04 18:56:47.977415+00:00
24011,CRS_255,course,postgres,courses_db,courses,254,1.0,2026-09-04 18:56:47.977415+00:00
24012,CRS_256,course,postgres,courses_db,courses,255,1.0,2026-09-04 18:56:47.977415+00:00
24013,CRS_257,course,postgres,courses_db,courses,256,1.0,2026-09-04 18:56:47.977415+00:00
24014,CRS_258,course,postgres,courses_db,courses,257,1.0,2026-09-04 18:56:47.977415+00:00
24015,CRS_259,course,postgres,courses_db,courses,258,1.0,2026-09-04 18:56:47.977415+00:00
24016,CRS_260,course,postgres,courses_db,courses,259,1.0,2026-09-04 18:56:47.977415+00:00
24017,CRS_261,course,postgres,courses_db,courses,260,1.0,2026-09-04 18:56:47.977415+00:00
24018,CRS_262,course,postgres,courses_db,courses,261,1.0,2026-09-04 18:56:47.977415+00:00
24019,CRS_263,course,postgres,courses_db,courses,262,1.0,2026-09-04 18:56:47.977415+00:00
24020,CRS_264,course,postgres,courses_db,courses,263,1.0,2026-09-04 18:56:47.977415+00:00
24021,CRS_265,course,postgres,courses_db,courses,264,1.0,2026-09-04 18:56:47.977415+00:00
24022,CRS_266,course,postgres,courses_db,courses,265,1.0,2026-09-04 18:56:47.977415+00:00
24023,CRS_267,course,postgres,courses_db,courses,266,1.0,2026-09-04 18:56:47.977415+00:00
24024,CRS_268,course,postgres,courses_db,courses,267,1.0,2026-09-04 18:56:47.977415+00:00
24025,CRS_269,course,postgres,courses_db,courses,268,1.0,2026-09-04 18:56:47.977415+00:00
24026,CRS_270,course,postgres,courses_db,courses,269,1.0,2026-09-04 18:56:47.977415+00:00
24027,CRS_271,course,postgres,courses_db,courses,270,1.0,2026-09-04 18:56:47.977415+00:00
24028,CRS_272,course,postgres,courses_db,courses,271,1.0,2026-09-04 18:56:47.977415+00:00
24029,CRS_273,course,postgres,courses_db,courses,272,1.0,2026-09-04 18:56:47.977415+00:00
24030,CRS_274,course,postgres,courses_db,courses,273,1.0,2026-09-04 18:56:47.977415+00:00
24031,CRS_275,course,postgres,courses_db,courses,274,1.0,2026-09-04 18:56:47.977415+00:00
24032,CRS_276,course,postgres,courses_db,courses,275,1.0,2026-09-04 18:56:47.977415+00:00
24033,CRS_277,course,postgres,courses_db,courses,276,1.0,2026-09-04 18:56:47.977415+00:00
24034,CRS_278,course,postgres,courses_db,courses,277,1.0,2026-09-04 18:56:47.977415+00:00
24035,CRS_279,course,postgres,courses_db,courses,278,1.0,2026-09-04 18:56:47.977415+00:00
24036,CRS_280,course,postgres,courses_db,courses,279,1.0,2026-09-04 18:56:47.977415+00:00
24037,CRS_281,course,postgres,courses_db,courses,280,1.0,2026-09-04 18:56:47.977415+00:00
24038,CRS_282,course,postgres,courses_db,courses,281,1.0,2026-09-04 18:56:47.977415+00:00
24039,CRS_283,course,postgres,courses_db,courses,282,1.0,2026-09-04 18:56:47.977415+00:00
24040,CRS_284,course,postgres,courses_db,courses,283,1.0,2026-09-04 18:56:47.977415+00:00
24041,CRS_285,course,postgres,courses_db,courses,284,1.0,2026-09-04 18:56:47.977415+00:00
24042,CRS_286,course,postgres,courses_db,courses,285,1.0,2026-09-04 18:56:47.977415+00:00
24043,CRS_287,course,postgres,courses_db,courses,286,1.0,2026-09-04 18:56:47.977415+00:00
24044,CRS_288,course,postgres,courses_db,courses,287,1.0,2026-09-04 18:56:47.977415+00:00
24045,CRS_289,course,postgres,courses_db,courses,288,1.0,2026-09-04 18:56:47.977415+00:00
24046,CRS_290,course,postgres,courses_db,courses,289,1.0,2026-09-04 18:56:47.977415+00:00
24047,CRS_291,course,postgres,courses_db,courses,290,1.0,2026-09-04 18:56:47.977415+00:00
24048,CRS_292,course,postgres,courses_db,courses,291,1.0,2026-09-04 18:56:47.977415+00:00
24049,CRS_293,course,postgres,courses_db,courses,292,1.0,2026-09-04 18:56:47.977415+00:00
24050,CRS_294,course,postgres,courses_db,courses,293,1.0,2026-09-04 18:56:47.977415+00:00
24051,CRS_295,course,postgres,courses_db,courses,294,1.0,2026-09-04 18:56:47.977415+00:00
24052,CRS_296,course,postgres,courses_db,courses,295,1.0,2026-09-04 18:56:47.977415+00:00
24053,CRS_297,course,postgres,courses_db,courses,296,1.0,2026-09-04 18:56:47.977415+00:00
24054,CRS_298,course,postgres,courses_db,courses,297,1.0,2026-09-04 18:56:47.977415+00:00
24055,CRS_299,course,postgres,courses_db,courses,298,1.0,2026-09-04 18:56:47.977415+00:00
24056,CRS_300,course,postgres,courses_db,courses,299,1.0,2026-09-04 18:56:47.977415+00:00
24057,CRS_301,course,postgres,courses_db,courses,300,1.0,2026-09-04 18:56:47.977415+00:00
24058,CRS_302,course,postgres,courses_db,courses,301,1.0,2026-09-04 18:56:47.977415+00:00
24059,CRS_303,course,postgres,courses_db,courses,302,1.0,2026-09-04 18:56:47.977415+00:00
24060,CRS_304,course,postgres,courses_db,courses,303,1.0,2026-09-04 18:56:47.977415+00:00
24061,CRS_305,course,postgres,courses_db,courses,304,1.0,2026-09-04 18:56:47.977415+00:00
24062,CRS_306,course,postgres,courses_db,courses,305,1.0,2026-09-04 18:56:47.977415+00:00
24063,CRS_307,course,postgres,courses_db,courses,306,1.0,2026-09-04 18:56:47.977415+00:00
24064,CRS_308,course,postgres,courses_db,courses,307,1.0,2026-09-04 18:56:47.977415+00:00
24065,CRS_309,course,postgres,courses_db,courses,308,1.0,2026-09-04 18:56:47.977415+00:00
24066,CRS_310,course,postgres,courses_db,courses,309,1.0,2026-09-04 18:56:47.977415+00:00
24067,CRS_311,course,postgres,courses_db,courses,310,1.0,2026-09-04 18:56:47.977415+00:00
24068,CRS_312,course,postgres,courses_db,courses,311,1.0,2026-09-04 18:56:47.977415+00:00
24069,CRS_313,course,postgres,courses_db,courses,312,1.0,2026-09-04 18:56:47.977415+00:00
24070,CRS_314,course,postgres,courses_db,courses,313,1.0,2026-09-04 18:56:47.977415+00:00
24071,CRS_315,course,postgres,courses_db,courses,314,1.0,2026-09-04 18:56:47.977415+00:00
24072,CRS_316,course,postgres,courses_db,courses,315,1.0,2026-09-04 18:56:47.977415+00:00
24073,CRS_317,course,postgres,courses_db,courses,316,1.0,2026-09-04 18:56:47.977415+00:00
24074,CRS_318,course,postgres,courses_db,courses,317,1.0,2026-09-04 18:56:47.977415+00:00
24075,CRS_319,course,postgres,courses_db,courses,318,1.0,2026-09-04 18:56:47.977415+00:00
24076,CRS_320,course,postgres,courses_db,courses,319,1.0,2026-09-04 18:56:47.977415+00:00
24077,CRS_321,course,postgres,courses_db,courses,320,1.0,2026-09-04 18:56:47.977415+00:00
24078,CRS_322,course,postgres,courses_db,courses,321,1.0,2026-09-04 18:56:47.977415+00:00
24079,CRS_323,course,postgres,courses_db,courses,322,1.0,2026-09-04 18:56:47.977415+00:00
24080,CRS_324,course,postgres,courses_db,courses,323,1.0,2026-09-04 18:56:47.977415+00:00
24081,CRS_325,course,postgres,courses_db,courses,324,1.0,2026-09-04 18:56:47.977415+00:00
24082,CRS_326,course,postgres,courses_db,courses,325,1.0,2026-09-04 18:56:47.977415+00:00
24083,CRS_327,course,postgres,courses_db,courses,326,1.0,2026-09-04 18:56:47.977415+00:00
24084,CRS_328,course,postgres,courses_db,courses,327,1.0,2026-09-04 18:56:47.977415+00:00
24085,CRS_329,course,postgres,courses_db,courses,328,1.0,2026-09-04 18:56:47.977415+00:00
24086,CRS_330,course,postgres,courses_db,courses,329,1.0,2026-09-04 18:56:47.977415+00:00
24087,CRS_331,course,postgres,courses_db,courses,330,1.0,2026-09-04 18:56:47.977415+00:00
24088,CRS_332,course,postgres,courses_db,courses,331,1.0,2026-09-04 18:56:47.977415+00:00
24089,CRS_333,course,postgres,courses_db,courses,332,1.0,2026-09-04 18:56:47.977415+00:00
24090,CRS_334,course,postgres,courses_db,courses,333,1.0,2026-09-04 18:56:47.977415+00:00
24091,CRS_335,course,postgres,courses_db,courses,334,1.0,2026-09-04 18:56:47.977415+00:00
24092,CRS_336,course,postgres,courses_db,courses,335,1.0,2026-09-04 18:56:47.977415+00:00
24093,CRS_337,course,postgres,courses_db,courses,336,1.0,2026-09-04 18:56:47.977415+00:00
24094,CRS_338,course,postgres,courses_db,courses,337,1.0,2026-09-04 18:56:47.977415+00:00
24095,CRS_339,course,postgres,courses_db,courses,338,1.0,2026-09-04 18:56:47.977415+00:00
24096,CRS_340,course,postgres,courses_db,courses,339,1.0,2026-09-04 18:56:47.977415+00:00
24097,CRS_341,course,postgres,courses_db,courses,340,1.0,2026-09-04 18:56:47.977415+00:00
24098,CRS_342,course,postgres,courses_db,courses,341,1.0,2026-09-04 18:56:47.977415+00:00
24099,CRS_343,course,postgres,courses_db,courses,342,1.0,2026-09-04 18:56:47.977415+00:00
24100,CRS_344,course,postgres,courses_db,courses,343,1.0,2026-09-04 18:56:47.977415+00:00
24101,CRS_345,course,postgres,courses_db,courses,344,1.0,2026-09-04 18:56:47.977415+00:00
24102,CRS_346,course,postgres,courses_db,courses,345,1.0,2026-09-04 18:56:47.977415+00:00
24103,CRS_347,course,postgres,courses_db,courses,346,1.0,2026-09-04 18:56:47.977415+00:00
24104,CRS_348,course,postgres,courses_db,courses,347,1.0,2026-09-04 18:56:47.977415+00:00
24105,CRS_349,course,postgres,courses_db,courses,348,1.0,2026-09-04 18:56:47.977415+00:00
24106,CRS_350,course,postgres,courses_db,courses,349,1.0,2026-09-04 18:56:47.977415+00:00
24107,CRS_351,course,postgres,courses_db,courses,350,1.0,2026-09-04 18:56:47.977415+00:00
24108,CRS_352,course,postgres,courses_db,courses,351,1.0,2026-09-04 18:56:47.977415+00:00
24109,CRS_353,course,postgres,courses_db,courses,352,1.0,2026-09-04 18:56:47.977415+00:00
24110,CRS_354,course,postgres,courses_db,courses,353,1.0,2026-09-04 18:56:47.977415+00:00
24111,CRS_355,course,postgres,courses_db,courses,354,1.0,2026-09-04 18:56:47.977415+00:00
24112,CRS_356,course,postgres,courses_db,courses,355,1.0,2026-09-04 18:56:47.977415+00:00
24113,CRS_357,course,postgres,courses_db,courses,356,1.0,2026-09-04 18:56:47.977415+00:00
24114,CRS_358,course,postgres,courses_db,courses,357,1.0,2026-09-04 18:56:47.977415+00:00
24115,CRS_359,course,postgres,courses_db,courses,358,1.0,2026-09-04 18:56:47.977415+00:00
24116,CRS_360,course,postgres,courses_db,courses,359,1.0,2026-09-04 18:56:47.977415+00:00
24117,CRS_361,course,postgres,courses_db,courses,360,1.0,2026-09-04 18:56:47.977415+00:00
24118,CRS_362,course,postgres,courses_db,courses,361,1.0,2026-09-04 18:56:47.977415+00:00
24119,CRS_363,course,postgres,courses_db,courses,362,1.0,2026-09-04 18:56:47.977415+00:00
24120,CRS_364,course,postgres,courses_db,courses,363,1.0,2026-09-04 18:56:47.977415+00:00
24121,CRS_365,course,postgres,courses_db,courses,364,1.0,2026-09-04 18:56:47.977415+00:00
24122,CRS_366,course,postgres,courses_db,courses,365,1.0,2026-09-04 18:56:47.977415+00:00
24123,CRS_367,course,postgres,courses_db,courses,366,1.0,2026-09-04 18:56:47.977415+00:00
24124,CRS_368,course,postgres,courses_db,courses,367,1.0,2026-09-04 18:56:47.977415+00:00
24125,CRS_369,course,postgres,courses_db,courses,368,1.0,2026-09-04 18:56:47.977415+00:00
24126,CRS_370,course,postgres,courses_db,courses,369,1.0,2026-09-04 18:56:47.977415+00:00
24127,CRS_371,course,postgres,courses_db,courses,370,1.0,2026-09-04 18:56:47.977415+00:00
24128,CRS_372,course,postgres,courses_db,courses,371,1.0,2026-09-04 18:56:47.977415+00:00
24129,CRS_373,course,postgres,courses_db,courses,372,1.0,2026-09-04 18:56:47.977415+00:00
24130,CRS_374,course,postgres,courses_db,courses,373,1.0,2026-09-04 18:56:47.977415+00:00
24131,CRS_375,course,postgres,courses_db,courses,374,1.0,2026-09-04 18:56:47.977415+00:00
24132,CRS_376,course,postgres,courses_db,courses,375,1.0,2026-09-04 18:56:47.977415+00:00
24133,CRS_377,course,postgres,courses_db,courses,376,1.0,2026-09-04 18:56:47.977415+00:00
24134,CRS_378,course,postgres,courses_db,courses,377,1.0,2026-09-04 18:56:47.977415+00:00
24135,CRS_379,course,postgres,courses_db,courses,378,1.0,2026-09-04 18:56:47.977415+00:00
24136,CRS_435,course,postgres,courses_db,courses,379,1.0,2026-09-04 18:56:47.977415+00:00
24137,CRS_380,course,postgres,courses_db,courses,380,1.0,2026-09-04 18:56:47.977415+00:00
24138,CRS_381,course,postgres,courses_db,courses,381,1.0,2026-09-04 18:56:47.977415+00:00
24139,CRS_382,course,postgres,courses_db,courses,382,1.0,2026-09-04 18:56:47.977415+00:00
24140,CRS_383,course,postgres,courses_db,courses,383,1.0,2026-09-04 18:56:47.977415+00:00
24141,CRS_384,course,postgres,courses_db,courses,384,1.0,2026-09-04 18:56:47.977415+00:00
24142,CRS_385,course,postgres,courses_db,courses,385,1.0,2026-09-04 18:56:47.977415+00:00
24143,CRS_386,course,postgres,courses_db,courses,386,1.0,2026-09-04 18:56:47.977415+00:00
24144,CRS_387,course,postgres,courses_db,courses,387,1.0,2026-09-04 18:56:47.977415+00:00
24145,CRS_388,course,postgres,courses_db,courses,388,1.0,2026-09-04 18:56:47.977415+00:00
24146,CRS_389,course,postgres,courses_db,courses,389,1.0,2026-09-04 18:56:47.977415+00:00
24147,CRS_390,course,postgres,courses_db,courses,390,1.0,2026-09-04 18:56:47.977415+00:00
24148,CRS_391,course,postgres,courses_db,courses,391,1.0,2026-09-04 18:56:47.977415+00:00
24149,CRS_392,course,postgres,courses_db,courses,392,1.0,2026-09-04 18:56:47.977415+00:00
24150,CRS_393,course,postgres,courses_db,courses,393,1.0,2026-09-04 18:56:47.977415+00:00
24151,CRS_394,course,postgres,courses_db,courses,394,1.0,2026-09-04 18:56:47.977415+00:00
24152,CRS_395,course,postgres,courses_db,courses,395,1.0,2026-09-04 18:56:47.977415+00:00
24153,CRS_396,course,postgres,courses_db,courses,396,1.0,2026-09-04 18:56:47.977415+00:00
24154,CRS_397,course,postgres,courses_db,courses,397,1.0,2026-09-04 18:56:47.977415+00:00
24155,CRS_398,course,postgres,courses_db,courses,398,1.0,2026-09-04 18:56:47.977415+00:00
24156,CRS_399,course,postgres,courses_db,courses,399,1.0,2026-09-04 18:56:47.977415+00:00
24157,CRS_400,course,postgres,courses_db,courses,400,1.0,2026-09-04 18:56:47.977415+00:00
24158,CRS_401,course,postgres,courses_db,courses,401,1.0,2026-09-04 18:56:47.977415+00:00
24159,CRS_402,course,postgres,courses_db,courses,402,1.0,2026-09-04 18:56:47.977415+00:00
24160,CRS_403,course,postgres,courses_db,courses,403,1.0,2026-09-04 18:56:47.977415+00:00
24161,CRS_404,course,postgres,courses_db,courses,404,1.0,2026-09-04 18:56:47.977415+00:00
24162,CRS_405,course,postgres,courses_db,courses,405,1.0,2026-09-04 18:56:47.977415+00:00
24163,CRS_406,course,postgres,courses_db,courses,406,1.0,2026-09-04 18:56:47.977415+00:00
24164,CRS_407,course,postgres,courses_db,courses,407,1.0,2026-09-04 18:56:47.977415+00:00
24165,CRS_408,course,postgres,courses_db,courses,408,1.0,2026-09-04 18:56:47.977415+00:00
24166,CRS_409,course,postgres,courses_db,courses,409,1.0,2026-09-04 18:56:47.977415+00:00
24167,CRS_410,course,postgres,courses_db,courses,410,1.0,2026-09-04 18:56:47.977415+00:00
24168,CRS_411,course,postgres,courses_db,courses,411,1.0,2026-09-04 18:56:47.977415+00:00
24169,CRS_412,course,postgres,courses_db,courses,412,1.0,2026-09-04 18:56:47.977415+00:00
24170,CRS_413,course,postgres,courses_db,courses,413,1.0,2026-09-04 18:56:47.977415+00:00
24171,CRS_414,course,postgres,courses_db,courses,414,1.0,2026-09-04 18:56:47.977415+00:00
24172,CRS_415,course,postgres,courses_db,courses,415,1.0,2026-09-04 18:56:47.977415+00:00
24173,CRS_416,course,postgres,courses_db,courses,416,1.0,2026-09-04 18:56:47.977415+00:00
24174,CRS_417,course,postgres,courses_db,courses,417,1.0,2026-09-04 18:56:47.977415+00:00
24175,CRS_418,course,postgres,courses_db,courses,418,1.0,2026-09-04 18:56:47.977415+00:00
24176,CRS_419,course,postgres,courses_db,courses,419,1.0,2026-09-04 18:56:47.977415+00:00
24177,CRS_420,course,postgres,courses_db,courses,420,1.0,2026-09-04 18:56:47.977415+00:00
24178,CRS_421,course,postgres,courses_db,courses,421,1.0,2026-09-04 18:56:47.977415+00:00
24179,CRS_422,course,postgres,courses_db,courses,422,1.0,2026-09-04 18:56:47.977415+00:00
24180,CRS_423,course,postgres,courses_db,courses,423,1.0,2026-09-04 18:56:47.977415+00:00
24181,CRS_424,course,postgres,courses_db,courses,424,1.0,2026-09-04 18:56:47.977415+00:00
24182,CRS_425,course,postgres,courses_db,courses,425,1.0,2026-09-04 18:56:47.977415+00:00
24183,CRS_426,course,postgres,courses_db,courses,426,1.0,2026-09-04 18:56:47.977415+00:00
24184,CRS_427,course,postgres,courses_db,courses,427,1.0,2026-09-04 18:56:47.977415+00:00
24185,CRS_428,course,postgres,courses_db,courses,428,1.0,2026-09-04 18:56:47.977415+00:00
24186,CRS_429,course,postgres,courses_db,courses,429,1.0,2026-09-04 18:56:47.977415+00:00
24187,CRS_430,course,postgres,courses_db,courses,430,1.0,2026-09-04 18:56:47.977415+00:00
24188,CRS_431,course,postgres,courses_db,courses,431,1.0,2026-09-04 18:56:47.977415+00:00
24189,CRS_432,course,postgres,courses_db,courses,432,1.0,2026-09-04 18:56:47.977415+00:00
24190,CRS_433,course,postgres,courses_db,courses,433,1.0,2026-09-04 18:56:47.977415+00:00
24191,CRS_434,course,postgres,courses_db,courses,434,1.0,2026-09-04 18:56:47.977415+00:00
24192,CRS_436,course,postgres,courses_db,courses,435,1.0,2026-09-04 18:56:47.977415+00:00
24193,CRS_437,course,postgres,courses_db,courses,436,1.0,2026-09-04 18:56:47.977415+00:00
24194,CRS_438,course,postgres,courses_db,courses,437,1.0,2026-09-04 18:56:47.977415+00:00
24195,CRS_439,course,postgres,courses_db,courses,438,1.0,2026-09-04 18:56:47.977415+00:00
24196,CRS_440,course,postgres,courses_db,courses,439,1.0,2026-09-04 18:56:47.977415+00:00
24197,CRS_441,course,postgres,courses_db,courses,440,1.0,2026-09-04 18:56:47.977415+00:00
24198,CRS_442,course,postgres,courses_db,courses,441,1.0,2026-09-04 18:56:47.977415+00:00
24199,CRS_443,course,postgres,courses_db,courses,442,1.0,2026-09-04 18:56:47.977415+00:00
24200,CRS_444,course,postgres,courses_db,courses,443,1.0,2026-09-04 18:56:47.977415+00:00
24201,CRS_445,course,postgres,courses_db,courses,444,1.0,2026-09-04 18:56:47.977415+00:00
24202,CRS_446,course,postgres,courses_db,courses,445,1.0,2026-09-04 18:56:47.977415+00:00
24203,CRS_447,course,postgres,courses_db,courses,446,1.0,2026-09-04 18:56:47.977415+00:00
24204,CRS_448,course,postgres,courses_db,courses,447,1.0,2026-09-04 18:56:47.977415+00:00
24205,CRS_449,course,postgres,courses_db,courses,448,1.0,2026-09-04 18:56:47.977415+00:00
24206,CRS_450,course,postgres,courses_db,courses,449,1.0,2026-09-04 18:56:47.977415+00:00
24207,CRS_451,course,postgres,courses_db,courses,450,1.0,2026-09-04 18:56:47.977415+00:00
24208,CRS_452,course,postgres,courses_db,courses,451,1.0,2026-09-04 18:56:47.977415+00:00
24209,CRS_453,course,postgres,courses_db,courses,452,1.0,2026-09-04 18:56:47.977415+00:00
24210,CRS_454,course,postgres,courses_db,courses,453,1.0,2026-09-04 18:56:47.977415+00:00
24211,CRS_455,course,postgres,courses_db,courses,454,1.0,2026-09-04 18:56:47.977415+00:00
24212,CRS_456,course,postgres,courses_db,courses,455,1.0,2026-09-04 18:56:47.977415+00:00
24213,CRS_457,course,postgres,courses_db,courses,456,1.0,2026-09-04 18:56:47.977415+00:00
24214,CRS_458,course,postgres,courses_db,courses,457,1.0,2026-09-04 18:56:47.977415+00:00
24215,CRS_459,course,postgres,courses_db,courses,458,1.0,2026-09-04 18:56:47.977415+00:00
24216,CRS_460,course,postgres,courses_db,courses,459,1.0,2026-09-04 18:56:47.977415+00:00
24217,CRS_461,course,postgres,courses_db,courses,460,1.0,2026-09-04 18:56:47.977415+00:00
24218,CRS_462,course,postgres,courses_db,courses,461,1.0,2026-09-04 18:56:47.977415+00:00
24219,CRS_463,course,postgres,courses_db,courses,462,1.0,2026-09-04 18:56:47.977415+00:00
24220,CRS_464,course,postgres,courses_db,courses,463,1.0,2026-09-04 18:56:47.977415+00:00
24221,CRS_465,course,postgres,courses_db,courses,464,1.0,2026-09-04 18:56:47.977415+00:00
24222,CRS_466,course,postgres,courses_db,courses,465,1.0,2026-09-04 18:56:47.977415+00:00
24223,CRS_467,course,postgres,courses_db,courses,466,1.0,2026-09-04 18:56:47.977415+00:00
24224,CRS_468,course,postgres,courses_db,courses,467,1.0,2026-09-04 18:56:47.977415+00:00
24225,CRS_469,course,postgres,courses_db,courses,468,1.0,2026-09-04 18:56:47.977415+00:00
24226,CRS_470,course,postgres,courses_db,courses,469,1.0,2026-09-04 18:56:47.977415+00:00
24227,CRS_471,course,postgres,courses_db,courses,470,1.0,2026-09-04 18:56:47.977415+00:00
24228,CRS_472,course,postgres,courses_db,courses,471,1.0,2026-09-04 18:56:47.977415+00:00
24229,CRS_473,course,postgres,courses_db,courses,472,1.0,2026-09-04 18:56:47.977415+00:00
24230,CRS_474,course,postgres,courses_db,courses,473,1.0,2026-09-04 18:56:47.977415+00:00
24231,CRS_475,course,postgres,courses_db,courses,474,1.0,2026-09-04 18:56:47.977415+00:00
24232,CRS_476,course,postgres,courses_db,courses,475,1.0,2026-09-04 18:56:47.977415+00:00
24233,CRS_477,course,postgres,courses_db,courses,476,1.0,2026-09-04 18:56:47.977415+00:00
24234,CRS_478,course,postgres,courses_db,courses,477,1.0,2026-09-04 18:56:47.977415+00:00
24235,CRS_479,course,postgres,courses_db,courses,478,1.0,2026-09-04 18:56:47.977415+00:00
24236,CRS_480,course,postgres,courses_db,courses,479,1.0,2026-09-04 18:56:47.977415+00:00
24237,CRS_481,course,postgres,courses_db,courses,480,1.0,2026-09-04 18:56:47.977415+00:00
24238,CRS_482,course,postgres,courses_db,courses,481,1.0,2026-09-04 18:56:47.977415+00:00
24239,CRS_483,course,postgres,courses_db,courses,482,1.0,2026-09-04 18:56:47.977415+00:00
24240,CRS_484,course,postgres,courses_db,courses,483,1.0,2026-09-04 18:56:47.977415+00:00
24241,CRS_485,course,postgres,courses_db,courses,484,1.0,2026-09-04 18:56:47.977415+00:00
24242,CRS_486,course,postgres,courses_db,courses,485,1.0,2026-09-04 18:56:47.977415+00:00
24243,CRS_487,course,postgres,courses_db,courses,486,1.0,2026-09-04 18:56:47.977415+00:00
24244,CRS_488,course,postgres,courses_db,courses,487,1.0,2026-09-04 18:56:47.977415+00:00
24245,CRS_489,course,postgres,courses_db,courses,488,1.0,2026-09-04 18:56:47.977415+00:00
24246,CRS_490,course,postgres,courses_db,courses,489,1.0,2026-09-04 18:56:47.977415+00:00
24247,CRS_491,course,postgres,courses_db,courses,490,1.0,2026-09-04 18:56:47.977415+00:00
24248,CRS_492,course,postgres,courses_db,courses,491,1.0,2026-09-04 18:56:47.977415+00:00
24249,CRS_493,course,postgres,courses_db,courses,492,1.0,2026-09-04 18:56:47.977415+00:00
24250,CRS_494,course,postgres,courses_db,courses,493,1.0,2026-09-04 18:56:47.977415+00:00
24251,CRS_495,course,postgres,courses_db,courses,494,1.0,2026-09-04 18:56:47.977415+00:00
24252,CRS_496,course,postgres,courses_db,courses,495,1.0,2026-09-04 18:56:47.977415+00:00
24253,CRS_497,course,postgres,courses_db,courses,496,1.0,2026-09-04 18:56:47.977415+00:00
24254,CRS_498,course,postgres,courses_db,courses,497,1.0,2026-09-04 18:56:47.977415+00:00
24255,CRS_499,course,postgres,courses_db,courses,498,1.0,2026-09-04 18:56:47.977415+00:00
24256,CRS_500,course,postgres,courses_db,courses,499,1.0,2026-09-04 18:56:47.977415+00:00
24257,CRS_501,course,postgres,courses_db,courses,500,1.0,2026-09-04 18:56:47.977415+00:00
24258,CRS_502,course,postgres,courses_db,courses,501,1.0,2026-09-04 18:56:47.977415+00:00
24259,CRS_503,course,postgres,courses_db,courses,502,1.0,2026-09-04 18:56:47.977415+00:00
24260,CRS_504,course,postgres,courses_db,courses,503,1.0,2026-09-04 18:56:47.977415+00:00
24261,CRS_505,course,postgres,courses_db,courses,504,1.0,2026-09-04 18:56:47.977415+00:00
24262,CRS_506,course,postgres,courses_db,courses,505,1.0,2026-09-04 18:56:47.977415+00:00
24263,CRS_507,course,postgres,courses_db,courses,506,1.0,2026-09-04 18:56:47.977415+00:00
24264,CRS_508,course,postgres,courses_db,courses,507,1.0,2026-09-04 18:56:47.977415+00:00
24265,CRS_509,course,postgres,courses_db,courses,508,1.0,2026-09-04 18:56:47.977415+00:00
24266,CRS_510,course,postgres,courses_db,courses,509,1.0,2026-09-04 18:56:47.977415+00:00
24267,CRS_511,course,postgres,courses_db,courses,510,1.0,2026-09-04 18:56:47.977415+00:00
24268,CRS_512,course,postgres,courses_db,courses,511,1.0,2026-09-04 18:56:47.977415+00:00
24269,CRS_513,course,postgres,courses_db,courses,512,1.0,2026-09-04 18:56:47.977415+00:00
24270,CRS_514,course,postgres,courses_db,courses,513,1.0,2026-09-04 18:56:47.977415+00:00
24271,CRS_515,course,postgres,courses_db,courses,514,1.0,2026-09-04 18:56:47.977415+00:00
24272,CRS_516,course,postgres,courses_db,courses,515,1.0,2026-09-04 18:56:47.977415+00:00
24273,CRS_517,course,postgres,courses_db,courses,516,1.0,2026-09-04 18:56:47.977415+00:00
24274,CRS_518,course,postgres,courses_db,courses,517,1.0,2026-09-04 18:56:47.977415+00:00
24275,CRS_519,course,postgres,courses_db,courses,518,1.0,2026-09-04 18:56:47.977415+00:00
24276,CRS_520,course,postgres,courses_db,courses,519,1.0,2026-09-04 18:56:47.977415+00:00
24277,CRS_521,course,postgres,courses_db,courses,520,1.0,2026-09-04 18:56:47.977415+00:00
24278,CRS_522,course,postgres,courses_db,courses,521,1.0,2026-09-04 18:56:47.977415+00:00
24279,CRS_523,course,postgres,courses_db,courses,522,1.0,2026-09-04 18:56:47.977415+00:00
24280,CRS_524,course,postgres,courses_db,courses,523,1.0,2026-09-04 18:56:47.977415+00:00
24281,CRS_525,course,postgres,courses_db,courses,524,1.0,2026-09-04 18:56:47.977415+00:00
24282,CRS_526,course,postgres,courses_db,courses,525,1.0,2026-09-04 18:56:47.977415+00:00
24283,CRS_527,course,postgres,courses_db,courses,526,1.0,2026-09-04 18:56:47.977415+00:00
24284,CRS_528,course,postgres,courses_db,courses,527,1.0,2026-09-04 18:56:47.977415+00:00
24285,CRS_529,course,postgres,courses_db,courses,528,1.0,2026-09-04 18:56:47.977415+00:00
24286,CRS_530,course,postgres,courses_db,courses,529,1.0,2026-09-04 18:56:47.977415+00:00
24287,CRS_531,course,postgres,courses_db,courses,530,1.0,2026-09-04 18:56:47.977415+00:00
24288,CRS_532,course,postgres,courses_db,courses,531,1.0,2026-09-04 18:56:47.977415+00:00
24289,CRS_533,course,postgres,courses_db,courses,532,1.0,2026-09-04 18:56:47.977415+00:00
24290,CRS_534,course,postgres,courses_db,courses,533,1.0,2026-09-04 18:56:47.977415+00:00
24291,CRS_535,course,postgres,courses_db,courses,534,1.0,2026-09-04 18:56:47.977415+00:00
24292,CRS_536,course,postgres,courses_db,courses,535,1.0,2026-09-04 18:56:47.977415+00:00
24293,CRS_537,course,postgres,courses_db,courses,536,1.0,2026-09-04 18:56:47.977415+00:00
24294,CRS_538,course,postgres,courses_db,courses,537,1.0,2026-09-04 18:56:47.977415+00:00
24295,CRS_539,course,postgres,courses_db,courses,538,1.0,2026-09-04 18:56:47.977415+00:00
24296,CRS_540,course,postgres,courses_db,courses,539,1.0,2026-09-04 18:56:47.977415+00:00
24297,CRS_541,course,postgres,courses_db,courses,540,1.0,2026-09-04 18:56:47.977415+00:00
24298,CRS_542,course,postgres,courses_db,courses,541,1.0,2026-09-04 18:56:47.977415+00:00
24299,CRS_543,course,postgres,courses_db,courses,542,1.0,2026-09-04 18:56:47.977415+00:00
24300,CRS_544,course,postgres,courses_db,courses,543,1.0,2026-09-04 18:56:47.977415+00:00
24301,CRS_545,course,postgres,courses_db,courses,544,1.0,2026-09-04 18:56:47.977415+00:00
24302,CRS_546,course,postgres,courses_db,courses,545,1.0,2026-09-04 18:56:47.977415+00:00
24303,CRS_547,course,postgres,courses_db,courses,546,1.0,2026-09-04 18:56:47.977415+00:00
24304,CRS_548,course,postgres,courses_db,courses,547,1.0,2026-09-04 18:56:47.977415+00:00
24305,CRS_549,course,postgres,courses_db,courses,548,1.0,2026-09-04 18:56:47.977415+00:00
24306,CRS_550,course,postgres,courses_db,courses,549,1.0,2026-09-04 18:56:47.977415+00:00
24307,CRS_551,course,postgres,courses_db,courses,550,1.0,2026-09-04 18:56:47.977415+00:00
24308,CRS_552,course,postgres,courses_db,courses,551,1.0,2026-09-04 18:56:47.977415+00:00
24309,CRS_553,course,postgres,courses_db,courses,552,1.0,2026-09-04 18:56:47.977415+00:00
24310,CRS_554,course,postgres,courses_db,courses,553,1.0,2026-09-04 18:56:47.977415+00:00
24311,CRS_555,course,postgres,courses_db,courses,554,1.0,2026-09-04 18:56:47.977415+00:00
24312,CRS_556,course,postgres,courses_db,courses,555,1.0,2026-09-04 18:56:47.977415+00:00
24313,CRS_557,course,postgres,courses_db,courses,556,1.0,2026-09-04 18:56:47.977415+00:00
24314,CRS_558,course,postgres,courses_db,courses,557,1.0,2026-09-04 18:56:47.977415+00:00
24315,CRS_559,course,postgres,courses_db,courses,558,1.0,2026-09-04 18:56:47.977415+00:00
24316,CRS_560,course,postgres,courses_db,courses,559,1.0,2026-09-04 18:56:47.977415+00:00
24317,CRS_561,course,postgres,courses_db,courses,560,1.0,2026-09-04 18:56:47.977415+00:00
24318,CRS_562,course,postgres,courses_db,courses,561,1.0,2026-09-04 18:56:47.977415+00:00
24319,CRS_563,course,postgres,courses_db,courses,562,1.0,2026-09-04 18:56:47.977415+00:00
24320,CRS_564,course,postgres,courses_db,courses,563,1.0,2026-09-04 18:56:47.977415+00:00
24321,CRS_565,course,postgres,courses_db,courses,564,1.0,2026-09-04 18:56:47.977415+00:00
24322,CRS_566,course,postgres,courses_db,courses,565,1.0,2026-09-04 18:56:47.977415+00:00
24323,CRS_567,course,postgres,courses_db,courses,566,1.0,2026-09-04 18:56:47.977415+00:00
24324,CRS_568,course,postgres,courses_db,courses,567,1.0,2026-09-04 18:56:47.977415+00:00
24325,CRS_569,course,postgres,courses_db,courses,568,1.0,2026-09-04 18:56:47.977415+00:00
24326,CRS_570,course,postgres,courses_db,courses,569,1.0,2026-09-04 18:56:47.977415+00:00
24327,CRS_571,course,postgres,courses_db,courses,570,1.0,2026-09-04 18:56:47.977415+00:00
24328,CRS_572,course,postgres,courses_db,courses,571,1.0,2026-09-04 18:56:47.977415+00:00
24329,CRS_573,course,postgres,courses_db,courses,572,1.0,2026-09-04 18:56:47.977415+00:00
24330,CRS_574,course,postgres,courses_db,courses,573,1.0,2026-09-04 18:56:47.977415+00:00
24331,CRS_575,course,postgres,courses_db,courses,574,1.0,2026-09-04 18:56:47.977415+00:00
24332,CRS_576,course,postgres,courses_db,courses,575,1.0,2026-09-04 18:56:47.977415+00:00
24333,CRS_577,course,postgres,courses_db,courses,576,1.0,2026-09-04 18:56:47.977415+00:00
24334,CRS_578,course,postgres,courses_db,courses,577,1.0,2026-09-04 18:56:47.977415+00:00
24335,CRS_579,course,postgres,courses_db,courses,578,1.0,2026-09-04 18:56:47.977415+00:00
24336,CRS_580,course,postgres,courses_db,courses,579,1.0,2026-09-04 18:56:47.977415+00:00
24337,CRS_581,course,postgres,courses_db,courses,580,1.0,2026-09-04 18:56:47.977415+00:00
24338,CRS_582,course,postgres,courses_db,courses,581,1.0,2026-09-04 18:56:47.977415+00:00
24339,CRS_583,course,postgres,courses_db,courses,582,1.0,2026-09-04 18:56:47.977415+00:00
24340,CRS_584,course,postgres,courses_db,courses,583,1.0,2026-09-04 18:56:47.977415+00:00
24341,CRS_585,course,postgres,courses_db,courses,584,1.0,2026-09-04 18:56:47.977415+00:00
24342,CRS_586,course,postgres,courses_db,courses,585,1.0,2026-09-04 18:56:47.977415+00:00
24343,CRS_587,course,postgres,courses_db,courses,586,1.0,2026-09-04 18:56:47.977415+00:00
24344,CRS_588,course,postgres,courses_db,courses,587,1.0,2026-09-04 18:56:47.977415+00:00
24345,CRS_589,course,postgres,courses_db,courses,588,1.0,2026-09-04 18:56:47.977415+00:00
24346,CRS_590,course,postgres,courses_db,courses,589,1.0,2026-09-04 18:56:47.977415+00:00
24347,CRS_591,course,postgres,courses_db,courses,590,1.0,2026-09-04 18:56:47.977415+00:00
24348,CRS_592,course,postgres,courses_db,courses,591,1.0,2026-09-04 18:56:47.977415+00:00
24349,CRS_593,course,postgres,courses_db,courses,592,1.0,2026-09-04 18:56:47.977415+00:00
24350,CRS_594,course,postgres,courses_db,courses,593,1.0,2026-09-04 18:56:47.977415+00:00
24351,CRS_595,course,postgres,courses_db,courses,594,1.0,2026-09-04 18:56:47.977415+00:00
24352,CRS_596,course,postgres,courses_db,courses,595,1.0,2026-09-04 18:56:47.977415+00:00
24353,CRS_597,course,postgres,courses_db,courses,596,1.0,2026-09-04 18:56:47.977415+00:00
24354,CRS_598,course,postgres,courses_db,courses,597,1.0,2026-09-04 18:56:47.977415+00:00
24355,CRS_599,course,postgres,courses_db,courses,598,1.0,2026-09-04 18:56:47.977415+00:00
24356,CRS_600,course,postgres,courses_db,courses,599,1.0,2026-09-04 18:56:47.977415+00:00
24357,CRS_601,course,postgres,courses_db,courses,600,1.0,2026-09-04 18:56:47.977415+00:00
24358,CRS_602,course,postgres,courses_db,courses,601,1.0,2026-09-04 18:56:47.977415+00:00
24359,CRS_603,course,postgres,courses_db,courses,602,1.0,2026-09-04 18:56:47.977415+00:00
24360,CRS_604,course,postgres,courses_db,courses,603,1.0,2026-09-04 18:56:47.977415+00:00
24361,CRS_605,course,postgres,courses_db,courses,604,1.0,2026-09-04 18:56:47.977415+00:00
24362,CRS_606,course,postgres,courses_db,courses,605,1.0,2026-09-04 18:56:47.977415+00:00
24363,CRS_607,course,postgres,courses_db,courses,606,1.0,2026-09-04 18:56:47.977415+00:00
24364,CRS_608,course,postgres,courses_db,courses,607,1.0,2026-09-04 18:56:47.977415+00:00
24365,CRS_609,course,postgres,courses_db,courses,608,1.0,2026-09-04 18:56:47.977415+00:00
24366,CRS_610,course,postgres,courses_db,courses,609,1.0,2026-09-04 18:56:47.977415+00:00
24367,CRS_611,course,postgres,courses_db,courses,610,1.0,2026-09-04 18:56:47.977415+00:00
24368,CRS_612,course,postgres,courses_db,courses,611,1.0,2026-09-04 18:56:47.977415+00:00
24369,CRS_613,course,postgres,courses_db,courses,612,1.0,2026-09-04 18:56:47.977415+00:00
24370,CRS_614,course,postgres,courses_db,courses,613,1.0,2026-09-04 18:56:47.977415+00:00
24371,CRS_615,course,postgres,courses_db,courses,614,1.0,2026-09-04 18:56:47.977415+00:00
24372,CRS_616,course,postgres,courses_db,courses,615,1.0,2026-09-04 18:56:47.977415+00:00
24373,CRS_617,course,postgres,courses_db,courses,616,1.0,2026-09-04 18:56:47.977415+00:00
24374,CRS_618,course,postgres,courses_db,courses,617,1.0,2026-09-04 18:56:47.977415+00:00
24375,CRS_619,course,postgres,courses_db,courses,618,1.0,2026-09-04 18:56:47.977415+00:00
24376,CRS_620,course,postgres,courses_db,courses,619,1.0,2026-09-04 18:56:47.977415+00:00
24377,CRS_621,course,postgres,courses_db,courses,620,1.0,2026-09-04 18:56:47.977415+00:00
24378,CRS_622,course,postgres,courses_db,courses,621,1.0,2026-09-04 18:56:47.977415+00:00
24379,CRS_623,course,postgres,courses_db,courses,622,1.0,2026-09-04 18:56:47.977415+00:00
24380,CRS_624,course,postgres,courses_db,courses,623,1.0,2026-09-04 18:56:47.977415+00:00
24381,CRS_625,course,postgres,courses_db,courses,624,1.0,2026-09-04 18:56:47.977415+00:00
24382,CRS_626,course,postgres,courses_db,courses,625,1.0,2026-09-04 18:56:47.977415+00:00
24383,CRS_627,course,postgres,courses_db,courses,626,1.0,2026-09-04 18:56:47.977415+00:00
24384,CRS_628,course,postgres,courses_db,courses,627,1.0,2026-09-04 18:56:47.977415+00:00
24385,CRS_629,course,postgres,courses_db,courses,628,1.0,2026-09-04 18:56:47.977415+00:00
24386,CRS_630,course,postgres,courses_db,courses,629,1.0,2026-09-04 18:56:47.977415+00:00
24387,CRS_631,course,postgres,courses_db,courses,630,1.0,2026-09-04 18:56:47.977415+00:00
24388,CRS_632,course,postgres,courses_db,courses,631,1.0,2026-09-04 18:56:47.977415+00:00
24389,CRS_633,course,postgres,courses_db,courses,632,1.0,2026-09-04 18:56:47.977415+00:00
24390,CRS_634,course,postgres,courses_db,courses,633,1.0,2026-09-04 18:56:47.977415+00:00
24391,CRS_635,course,postgres,courses_db,courses,634,1.0,2026-09-04 18:56:47.977415+00:00
24392,CRS_636,course,postgres,courses_db,courses,635,1.0,2026-09-04 18:56:47.977415+00:00
24393,CRS_637,course,postgres,courses_db,courses,636,1.0,2026-09-04 18:56:47.977415+00:00
24394,CRS_638,course,postgres,courses_db,courses,637,1.0,2026-09-04 18:56:47.977415+00:00
24395,CRS_639,course,postgres,courses_db,courses,638,1.0,2026-09-04 18:56:47.977415+00:00
24396,CRS_640,course,postgres,courses_db,courses,639,1.0,2026-09-04 18:56:47.977415+00:00
24397,CRS_641,course,postgres,courses_db,courses,640,1.0,2026-09-04 18:56:47.977415+00:00
24398,CRS_642,course,postgres,courses_db,courses,641,1.0,2026-09-04 18:56:47.977415+00:00
24399,CRS_643,course,postgres,courses_db,courses,642,1.0,2026-09-04 18:56:47.977415+00:00
24400,CRS_644,course,postgres,courses_db,courses,643,1.0,2026-09-04 18:56:47.977415+00:00
24401,CRS_645,course,postgres,courses_db,courses,644,1.0,2026-09-04 18:56:47.977415+00:00
24402,CRS_646,course,postgres,courses_db,courses,645,1.0,2026-09-04 18:56:47.977415+00:00
24403,CRS_647,course,postgres,courses_db,courses,646,1.0,2026-09-04 18:56:47.977415+00:00
24404,CRS_648,course,postgres,courses_db,courses,647,1.0,2026-09-04 18:56:47.977415+00:00
24405,CRS_649,course,postgres,courses_db,courses,648,1.0,2026-09-04 18:56:47.977415+00:00
24406,CRS_650,course,postgres,courses_db,courses,649,1.0,2026-09-04 18:56:47.977415+00:00
24407,CRS_651,course,postgres,courses_db,courses,650,1.0,2026-09-04 18:56:47.977415+00:00
24408,CRS_652,course,postgres,courses_db,courses,651,1.0,2026-09-04 18:56:47.977415+00:00
24409,CRS_653,course,postgres,courses_db,courses,652,1.0,2026-09-04 18:56:47.977415+00:00
24410,CRS_654,course,postgres,courses_db,courses,653,1.0,2026-09-04 18:56:47.977415+00:00
24411,CRS_655,course,postgres,courses_db,courses,654,1.0,2026-09-04 18:56:47.977415+00:00
24412,CRS_656,course,postgres,courses_db,courses,655,1.0,2026-09-04 18:56:47.977415+00:00
24413,CRS_657,course,postgres,courses_db,courses,656,1.0,2026-09-04 18:56:47.977415+00:00
24414,CRS_658,course,postgres,courses_db,courses,657,1.0,2026-09-04 18:56:47.977415+00:00
24415,CRS_659,course,postgres,courses_db,courses,658,1.0,2026-09-04 18:56:47.977415+00:00
24416,CRS_660,course,postgres,courses_db,courses,659,1.0,2026-09-04 18:56:47.977415+00:00
24417,CRS_661,course,postgres,courses_db,courses,660,1.0,2026-09-04 18:56:47.977415+00:00
24418,CRS_662,course,postgres,courses_db,courses,661,1.0,2026-09-04 18:56:47.977415+00:00
24419,CRS_663,course,postgres,courses_db,courses,662,1.0,2026-09-04 18:56:47.977415+00:00
24420,CRS_664,course,postgres,courses_db,courses,663,1.0,2026-09-04 18:56:47.977415+00:00
24421,CRS_665,course,postgres,courses_db,courses,664,1.0,2026-09-04 18:56:47.977415+00:00
24422,CRS_666,course,postgres,courses_db,courses,665,1.0,2026-09-04 18:56:47.977415+00:00
24423,CRS_667,course,postgres,courses_db,courses,666,1.0,2026-09-04 18:56:47.977415+00:00
24424,CRS_668,course,postgres,courses_db,courses,667,1.0,2026-09-04 18:56:47.977415+00:00
24425,CRS_669,course,postgres,courses_db,courses,668,1.0,2026-09-04 18:56:47.977415+00:00
24426,CRS_670,course,postgres,courses_db,courses,669,1.0,2026-09-04 18:56:47.977415+00:00
24427,CRS_671,course,postgres,courses_db,courses,670,1.0,2026-09-04 18:56:47.977415+00:00
24428,CRS_672,course,postgres,courses_db,courses,671,1.0,2026-09-04 18:56:47.977415+00:00
24429,CRS_673,course,postgres,courses_db,courses,672,1.0,2026-09-04 18:56:47.977415+00:00
24430,CRS_674,course,postgres,courses_db,courses,673,1.0,2026-09-04 18:56:47.977415+00:00
24431,CRS_675,course,postgres,courses_db,courses,674,1.0,2026-09-04 18:56:47.977415+00:00
24432,CRS_676,course,postgres,courses_db,courses,675,1.0,2026-09-04 18:56:47.977415+00:00
24433,CRS_677,course,postgres,courses_db,courses,676,1.0,2026-09-04 18:56:47.977415+00:00
24434,CRS_678,course,postgres,courses_db,courses,677,1.0,2026-09-04 18:56:47.977415+00:00
24435,CRS_679,course,postgres,courses_db,courses,678,1.0,2026-09-04 18:56:47.977415+00:00
24436,CRS_680,course,postgres,courses_db,courses,679,1.0,2026-09-04 18:56:47.977415+00:00
24437,CRS_681,course,postgres,courses_db,courses,680,1.0,2026-09-04 18:56:47.977415+00:00
24438,CRS_682,course,postgres,courses_db,courses,681,1.0,2026-09-04 18:56:47.977415+00:00
24439,CRS_683,course,postgres,courses_db,courses,682,1.0,2026-09-04 18:56:47.977415+00:00
24440,CRS_684,course,postgres,courses_db,courses,683,1.0,2026-09-04 18:56:47.977415+00:00
24441,CRS_685,course,postgres,courses_db,courses,684,1.0,2026-09-04 18:56:47.977415+00:00
24442,CRS_686,course,postgres,courses_db,courses,685,1.0,2026-09-04 18:56:47.977415+00:00
24443,CRS_687,course,postgres,courses_db,courses,686,1.0,2026-09-04 18:56:47.977415+00:00
24444,CRS_688,course,postgres,courses_db,courses,687,1.0,2026-09-04 18:56:47.977415+00:00
24445,CRS_689,course,postgres,courses_db,courses,688,1.0,2026-09-04 18:56:47.977415+00:00
24446,CRS_690,course,postgres,courses_db,courses,689,1.0,2026-09-04 18:56:47.977415+00:00
24447,CRS_691,course,postgres,courses_db,courses,690,1.0,2026-09-04 18:56:47.977415+00:00
24448,CRS_692,course,postgres,courses_db,courses,691,1.0,2026-09-04 18:56:47.977415+00:00
24449,CRS_693,course,postgres,courses_db,courses,692,1.0,2026-09-04 18:56:47.977415+00:00
24450,CRS_694,course,postgres,courses_db,courses,693,1.0,2026-09-04 18:56:47.977415+00:00
24451,CRS_695,course,postgres,courses_db,courses,694,1.0,2026-09-04 18:56:47.977415+00:00
24452,CRS_696,course,postgres,courses_db,courses,695,1.0,2026-09-04 18:56:47.977415+00:00
24453,CRS_697,course,postgres,courses_db,courses,696,1.0,2026-09-04 18:56:47.977415+00:00
24454,CRS_698,course,postgres,courses_db,courses,697,1.0,2026-09-04 18:56:47.977415+00:00
24455,CRS_699,course,postgres,courses_db,courses,698,1.0,2026-09-04 18:56:47.977415+00:00
24456,CRS_700,course,postgres,courses_db,courses,699,1.0,2026-09-04 18:56:47.977415+00:00
24457,CRS_701,course,postgres,courses_db,courses,700,1.0,2026-09-04 18:56:47.977415+00:00
24458,CRS_702,course,postgres,courses_db,courses,701,1.0,2026-09-04 18:56:47.977415+00:00
24459,CRS_703,course,postgres,courses_db,courses,702,1.0,2026-09-04 18:56:47.977415+00:00
24460,CRS_704,course,postgres,courses_db,courses,703,1.0,2026-09-04 18:56:47.977415+00:00
24461,CRS_705,course,postgres,courses_db,courses,704,1.0,2026-09-04 18:56:47.977415+00:00
24462,CRS_706,course,postgres,courses_db,courses,705,1.0,2026-09-04 18:56:47.977415+00:00
24463,CRS_707,course,postgres,courses_db,courses,706,1.0,2026-09-04 18:56:47.977415+00:00
24464,CRS_708,course,postgres,courses_db,courses,707,1.0,2026-09-04 18:56:47.977415+00:00
24465,CRS_709,course,postgres,courses_db,courses,708,1.0,2026-09-04 18:56:47.977415+00:00
24466,CRS_710,course,postgres,courses_db,courses,709,1.0,2026-09-04 18:56:47.977415+00:00
24467,CRS_711,course,postgres,courses_db,courses,710,1.0,2026-09-04 18:56:47.977415+00:00
24468,CRS_712,course,postgres,courses_db,courses,711,1.0,2026-09-04 18:56:47.977415+00:00
24469,CRS_713,course,postgres,courses_db,courses,712,1.0,2026-09-04 18:56:47.977415+00:00
24470,CRS_714,course,postgres,courses_db,courses,713,1.0,2026-09-04 18:56:47.977415+00:00
24471,CRS_715,course,postgres,courses_db,courses,714,1.0,2026-09-04 18:56:47.977415+00:00
24472,CRS_716,course,postgres,courses_db,courses,715,1.0,2026-09-04 18:56:47.977415+00:00
24473,CRS_717,course,postgres,courses_db,courses,716,1.0,2026-09-04 18:56:47.977415+00:00
24474,CRS_718,course,postgres,courses_db,courses,717,1.0,2026-09-04 18:56:47.977415+00:00
24475,CRS_719,course,postgres,courses_db,courses,718,1.0,2026-09-04 18:56:47.977415+00:00
24476,CRS_720,course,postgres,courses_db,courses,719,1.0,2026-09-04 18:56:47.977415+00:00
24477,CRS_721,course,postgres,courses_db,courses,720,1.0,2026-09-04 18:56:47.977415+00:00
24478,CRS_722,course,postgres,courses_db,courses,721,1.0,2026-09-04 18:56:47.977415+00:00
24479,CRS_723,course,postgres,courses_db,courses,722,1.0,2026-09-04 18:56:47.977415+00:00
24480,CRS_724,course,postgres,courses_db,courses,723,1.0,2026-09-04 18:56:47.977415+00:00
24481,CRS_725,course,postgres,courses_db,courses,724,1.0,2026-09-04 18:56:47.977415+00:00
24482,CRS_726,course,postgres,courses_db,courses,725,1.0,2026-09-04 18:56:47.977415+00:00
24483,CRS_727,course,postgres,courses_db,courses,726,1.0,2026-09-04 18:56:47.977415+00:00
24484,CRS_728,course,postgres,courses_db,courses,727,1.0,2026-09-04 18:56:47.977415+00:00
24485,CRS_729,course,postgres,courses_db,courses,728,1.0,2026-09-04 18:56:47.977415+00:00
24486,CRS_730,course,postgres,courses_db,courses,729,1.0,2026-09-04 18:56:47.977415+00:00
24487,CRS_731,course,postgres,courses_db,courses,730,1.0,2026-09-04 18:56:47.977415+00:00
24488,CRS_732,course,postgres,courses_db,courses,731,1.0,2026-09-04 18:56:47.977415+00:00
24489,CRS_733,course,postgres,courses_db,courses,732,1.0,2026-09-04 18:56:47.977415+00:00
24490,CRS_734,course,postgres,courses_db,courses,733,1.0,2026-09-04 18:56:47.977415+00:00
24491,CRS_735,course,postgres,courses_db,courses,734,1.0,2026-09-04 18:56:47.977415+00:00
24492,CRS_736,course,postgres,courses_db,courses,735,1.0,2026-09-04 18:56:47.977415+00:00
24493,CRS_737,course,postgres,courses_db,courses,736,1.0,2026-09-04 18:56:47.977415+00:00
24494,CRS_738,course,postgres,courses_db,courses,737,1.0,2026-09-04 18:56:47.977415+00:00
24495,CRS_739,course,postgres,courses_db,courses,738,1.0,2026-09-04 18:56:47.977415+00:00
24496,CRS_740,course,postgres,courses_db,courses,739,1.0,2026-09-04 18:56:47.977415+00:00
24497,CRS_741,course,postgres,courses_db,courses,740,1.0,2026-09-04 18:56:47.977415+00:00
24498,CRS_742,course,postgres,courses_db,courses,741,1.0,2026-09-04 18:56:47.977415+00:00
24499,CRS_743,course,postgres,courses_db,courses,742,1.0,2026-09-04 18:56:47.977415+00:00
24500,CRS_744,course,postgres,courses_db,courses,743,1.0,2026-09-04 18:56:47.977415+00:00
24501,CRS_745,course,postgres,courses_db,courses,744,1.0,2026-09-04 18:56:47.977415+00:00
24502,CRS_746,course,postgres,courses_db,courses,745,1.0,2026-09-04 18:56:47.977415+00:00
24503,CRS_747,course,postgres,courses_db,courses,746,1.0,2026-09-04 18:56:47.977415+00:00
24504,CRS_748,course,postgres,courses_db,courses,747,1.0,2026-09-04 18:56:47.977415+00:00
24505,CRS_749,course,postgres,courses_db,courses,748,1.0,2026-09-04 18:56:47.977415+00:00
24506,CRS_750,course,postgres,courses_db,courses,749,1.0,2026-09-04 18:56:47.977415+00:00
24507,CRS_751,course,postgres,courses_db,courses,750,1.0,2026-09-04 18:56:47.977415+00:00
24508,CRS_752,course,postgres,courses_db,courses,751,1.0,2026-09-04 18:56:47.977415+00:00
24509,CRS_753,course,postgres,courses_db,courses,752,1.0,2026-09-04 18:56:47.977415+00:00
24510,CRS_754,course,postgres,courses_db,courses,753,1.0,2026-09-04 18:56:47.977415+00:00
24511,CRS_755,course,postgres,courses_db,courses,754,1.0,2026-09-04 18:56:47.977415+00:00
24512,CRS_756,course,postgres,courses_db,courses,755,1.0,2026-09-04 18:56:47.977415+00:00
24513,CRS_757,course,postgres,courses_db,courses,756,1.0,2026-09-04 18:56:47.977415+00:00
24514,CRS_758,course,postgres,courses_db,courses,757,1.0,2026-09-04 18:56:47.977415+00:00
24515,CRS_759,course,postgres,courses_db,courses,758,1.0,2026-09-04 18:56:47.977415+00:00
24516,CRS_760,course,postgres,courses_db,courses,759,1.0,2026-09-04 18:56:47.977415+00:00
24517,CRS_761,course,postgres,courses_db,courses,760,1.0,2026-09-04 18:56:47.977415+00:00
24518,CRS_762,course,postgres,courses_db,courses,761,1.0,2026-09-04 18:56:47.977415+00:00
24519,CRS_763,course,postgres,courses_db,courses,762,1.0,2026-09-04 18:56:47.977415+00:00
24520,CRS_764,course,postgres,courses_db,courses,763,1.0,2026-09-04 18:56:47.977415+00:00
24521,CRS_765,course,postgres,courses_db,courses,764,1.0,2026-09-04 18:56:47.977415+00:00
24522,CRS_766,course,postgres,courses_db,courses,765,1.0,2026-09-04 18:56:47.977415+00:00
24523,CRS_767,course,postgres,courses_db,courses,766,1.0,2026-09-04 18:56:47.977415+00:00
24524,CRS_768,course,postgres,courses_db,courses,767,1.0,2026-09-04 18:56:47.977415+00:00
24525,CRS_769,course,postgres,courses_db,courses,768,1.0,2026-09-04 18:56:47.977415+00:00
24526,CRS_770,course,postgres,courses_db,courses,769,1.0,2026-09-04 18:56:47.977415+00:00
24527,CRS_771,course,postgres,courses_db,courses,770,1.0,2026-09-04 18:56:47.977415+00:00
24528,CRS_772,course,postgres,courses_db,courses,771,1.0,2026-09-04 18:56:47.977415+00:00
24529,CRS_773,course,postgres,courses_db,courses,772,1.0,2026-09-04 18:56:47.977415+00:00
24530,CRS_774,course,postgres,courses_db,courses,773,1.0,2026-09-04 18:56:47.977415+00:00
24531,CRS_775,course,postgres,courses_db,courses,774,1.0,2026-09-04 18:56:47.977415+00:00
24532,CRS_776,course,postgres,courses_db,courses,775,1.0,2026-09-04 18:56:47.977415+00:00
24533,CRS_777,course,postgres,courses_db,courses,776,1.0,2026-09-04 18:56:47.977415+00:00
24534,CRS_778,course,postgres,courses_db,courses,777,1.0,2026-09-04 18:56:47.977415+00:00
24535,CRS_779,course,postgres,courses_db,courses,778,1.0,2026-09-04 18:56:47.977415+00:00
24536,CRS_780,course,postgres,courses_db,courses,779,1.0,2026-09-04 18:56:47.977415+00:00
24537,CRS_781,course,postgres,courses_db,courses,780,1.0,2026-09-04 18:56:47.977415+00:00
24538,CRS_782,course,postgres,courses_db,courses,781,1.0,2026-09-04 18:56:47.977415+00:00
24539,CRS_783,course,postgres,courses_db,courses,782,1.0,2026-09-04 18:56:47.977415+00:00
24540,CRS_784,course,postgres,courses_db,courses,783,1.0,2026-09-04 18:56:47.977415+00:00
24541,CRS_785,course,postgres,courses_db,courses,784,1.0,2026-09-04 18:56:47.977415+00:00
24542,CRS_786,course,postgres,courses_db,courses,785,1.0,2026-09-04 18:56:47.977415+00:00
24543,CRS_787,course,postgres,courses_db,courses,786,1.0,2026-09-04 18:56:47.977415+00:00
24544,CRS_788,course,postgres,courses_db,courses,787,1.0,2026-09-04 18:56:47.977415+00:00
24545,CRS_789,course,postgres,courses_db,courses,788,1.0,2026-09-04 18:56:47.977415+00:00
24546,CRS_790,course,postgres,courses_db,courses,789,1.0,2026-09-04 18:56:47.977415+00:00
24547,CRS_791,course,postgres,courses_db,courses,790,1.0,2026-09-04 18:56:47.977415+00:00
24548,CRS_792,course,postgres,courses_db,courses,791,1.0,2026-09-04 18:56:47.977415+00:00
24549,CRS_793,course,postgres,courses_db,courses,792,1.0,2026-09-04 18:56:47.977415+00:00
24550,CRS_794,course,postgres,courses_db,courses,793,1.0,2026-09-04 18:56:47.977415+00:00
24551,CRS_795,course,postgres,courses_db,courses,794,1.0,2026-09-04 18:56:47.977415+00:00
24552,CRS_796,course,postgres,courses_db,courses,795,1.0,2026-09-04 18:56:47.977415+00:00
24553,CRS_797,course,postgres,courses_db,courses,796,1.0,2026-09-04 18:56:47.977415+00:00
24554,CRS_798,course,postgres,courses_db,courses,797,1.0,2026-09-04 18:56:47.977415+00:00
24555,CRS_799,course,postgres,courses_db,courses,798,1.0,2026-09-04 18:56:47.977415+00:00
24556,CRS_800,course,postgres,courses_db,courses,799,1.0,2026-09-04 18:56:47.977415+00:00
24557,CRS_801,course,postgres,courses_db,courses,800,1.0,2026-09-04 18:56:47.977415+00:00
24558,CRS_802,course,postgres,courses_db,courses,801,1.0,2026-09-04 18:56:47.977415+00:00
24559,CRS_803,course,postgres,courses_db,courses,802,1.0,2026-09-04 18:56:47.977415+00:00
24560,CRS_804,course,postgres,courses_db,courses,803,1.0,2026-09-04 18:56:47.977415+00:00
24561,CRS_805,course,postgres,courses_db,courses,804,1.0,2026-09-04 18:56:47.977415+00:00
24562,CRS_806,course,postgres,courses_db,courses,805,1.0,2026-09-04 18:56:47.977415+00:00
24563,CRS_807,course,postgres,courses_db,courses,806,1.0,2026-09-04 18:56:47.977415+00:00
24564,CRS_808,course,postgres,courses_db,courses,807,1.0,2026-09-04 18:56:47.977415+00:00
24565,CRS_809,course,postgres,courses_db,courses,808,1.0,2026-09-04 18:56:47.977415+00:00
24566,CRS_810,course,postgres,courses_db,courses,809,1.0,2026-09-04 18:56:47.977415+00:00
24567,CRS_811,course,postgres,courses_db,courses,810,1.0,2026-09-04 18:56:47.977415+00:00
24568,CRS_812,course,postgres,courses_db,courses,811,1.0,2026-09-04 18:56:47.977415+00:00
24569,CRS_813,course,postgres,courses_db,courses,812,1.0,2026-09-04 18:56:47.977415+00:00
24570,CRS_814,course,postgres,courses_db,courses,813,1.0,2026-09-04 18:56:47.977415+00:00
24571,CRS_815,course,postgres,courses_db,courses,814,1.0,2026-09-04 18:56:47.977415+00:00
24572,CRS_816,course,postgres,courses_db,courses,815,1.0,2026-09-04 18:56:47.977415+00:00
24573,CRS_817,course,postgres,courses_db,courses,816,1.0,2026-09-04 18:56:47.977415+00:00
24574,CRS_818,course,postgres,courses_db,courses,817,1.0,2026-09-04 18:56:47.977415+00:00
24575,CRS_819,course,postgres,courses_db,courses,818,1.0,2026-09-04 18:56:47.977415+00:00
24576,CRS_820,course,postgres,courses_db,courses,819,1.0,2026-09-04 18:56:47.977415+00:00
24577,CRS_821,course,postgres,courses_db,courses,820,1.0,2026-09-04 18:56:47.977415+00:00
24578,CRS_822,course,postgres,courses_db,courses,821,1.0,2026-09-04 18:56:47.977415+00:00
24579,CRS_823,course,postgres,courses_db,courses,822,1.0,2026-09-04 18:56:47.977415+00:00
24580,CRS_824,course,postgres,courses_db,courses,823,1.0,2026-09-04 18:56:47.977415+00:00
24581,CRS_825,course,postgres,courses_db,courses,824,1.0,2026-09-04 18:56:47.977415+00:00
24582,CRS_826,course,postgres,courses_db,courses,825,1.0,2026-09-04 18:56:47.977415+00:00
24583,CRS_827,course,postgres,courses_db,courses,826,1.0,2026-09-04 18:56:47.977415+00:00
24584,CRS_828,course,postgres,courses_db,courses,827,1.0,2026-09-04 18:56:47.977415+00:00
24585,CRS_829,course,postgres,courses_db,courses,828,1.0,2026-09-04 18:56:47.977415+00:00
24586,CRS_830,course,postgres,courses_db,courses,829,1.0,2026-09-04 18:56:47.977415+00:00
24587,CRS_831,course,postgres,courses_db,courses,830,1.0,2026-09-04 18:56:47.977415+00:00
24588,CRS_832,course,postgres,courses_db,courses,831,1.0,2026-09-04 18:56:47.977415+00:00
24589,CRS_833,course,postgres,courses_db,courses,832,1.0,2026-09-04 18:56:47.977415+00:00
24590,CRS_834,course,postgres,courses_db,courses,833,1.0,2026-09-04 18:56:47.977415+00:00
24591,CRS_835,course,postgres,courses_db,courses,834,1.0,2026-09-04 18:56:47.977415+00:00
24592,CRS_836,course,postgres,courses_db,courses,835,1.0,2026-09-04 18:56:47.977415+00:00
24593,CRS_837,course,postgres,courses_db,courses,836,1.0,2026-09-04 18:56:47.977415+00:00
24594,CRS_838,course,postgres,courses_db,courses,837,1.0,2026-09-04 18:56:47.977415+00:00
24595,CRS_839,course,postgres,courses_db,courses,838,1.0,2026-09-04 18:56:47.977415+00:00
24596,CRS_840,course,postgres,courses_db,courses,839,1.0,2026-09-04 18:56:47.977415+00:00
24597,CRS_841,course,postgres,courses_db,courses,840,1.0,2026-09-04 18:56:47.977415+00:00
24598,CRS_842,course,postgres,courses_db,courses,841,1.0,2026-09-04 18:56:47.977415+00:00
24599,CRS_843,course,postgres,courses_db,courses,842,1.0,2026-09-04 18:56:47.977415+00:00
24600,CRS_844,course,postgres,courses_db,courses,843,1.0,2026-09-04 18:56:47.977415+00:00
24601,CRS_845,course,postgres,courses_db,courses,844,1.0,2026-09-04 18:56:47.977415+00:00
24602,CRS_846,course,postgres,courses_db,courses,845,1.0,2026-09-04 18:56:47.977415+00:00
24603,CRS_847,course,postgres,courses_db,courses,846,1.0,2026-09-04 18:56:47.977415+00:00
24604,CRS_848,course,postgres,courses_db,courses,847,1.0,2026-09-04 18:56:47.977415+00:00
24605,CRS_849,course,postgres,courses_db,courses,848,1.0,2026-09-04 18:56:47.977415+00:00
24606,CRS_850,course,postgres,courses_db,courses,849,1.0,2026-09-04 18:56:47.977415+00:00
24607,CRS_851,course,postgres,courses_db,courses,850,1.0,2026-09-04 18:56:47.977415+00:00
24608,CRS_852,course,postgres,courses_db,courses,851,1.0,2026-09-04 18:56:47.977415+00:00
24609,CRS_853,course,postgres,courses_db,courses,852,1.0,2026-09-04 18:56:47.977415+00:00
24610,CRS_854,course,postgres,courses_db,courses,853,1.0,2026-09-04 18:56:47.977415+00:00
24611,CRS_855,course,postgres,courses_db,courses,854,1.0,2026-09-04 18:56:47.977415+00:00
24612,CRS_856,course,postgres,courses_db,courses,855,1.0,2026-09-04 18:56:47.977415+00:00
24613,CRS_857,course,postgres,courses_db,courses,856,1.0,2026-09-04 18:56:47.977415+00:00
24614,CRS_858,course,postgres,courses_db,courses,857,1.0,2026-09-04 18:56:47.977415+00:00
24615,CRS_859,course,postgres,courses_db,courses,858,1.0,2026-09-04 18:56:47.977415+00:00
24616,CRS_860,course,postgres,courses_db,courses,859,1.0,2026-09-04 18:56:47.977415+00:00
24617,CRS_861,course,postgres,courses_db,courses,860,1.0,2026-09-04 18:56:47.977415+00:00
24618,CRS_862,course,postgres,courses_db,courses,861,1.0,2026-09-04 18:56:47.977415+00:00
24619,CRS_863,course,postgres,courses_db,courses,862,1.0,2026-09-04 18:56:47.977415+00:00
24620,CRS_864,course,postgres,courses_db,courses,863,1.0,2026-09-04 18:56:47.977415+00:00
24621,CRS_865,course,postgres,courses_db,courses,864,1.0,2026-09-04 18:56:47.977415+00:00
24622,CRS_866,course,postgres,courses_db,courses,865,1.0,2026-09-04 18:56:47.977415+00:00
24623,CRS_867,course,postgres,courses_db,courses,866,1.0,2026-09-04 18:56:47.977415+00:00
24624,CRS_868,course,postgres,courses_db,courses,867,1.0,2026-09-04 18:56:47.977415+00:00
24625,CRS_869,course,postgres,courses_db,courses,868,1.0,2026-09-04 18:56:47.977415+00:00
24626,CRS_870,course,postgres,courses_db,courses,869,1.0,2026-09-04 18:56:47.977415+00:00
24627,CRS_871,course,postgres,courses_db,courses,870,1.0,2026-09-04 18:56:47.977415+00:00
24628,CRS_872,course,postgres,courses_db,courses,871,1.0,2026-09-04 18:56:47.977415+00:00
24629,CRS_873,course,postgres,courses_db,courses,872,1.0,2026-09-04 18:56:47.977415+00:00
24630,CRS_874,course,postgres,courses_db,courses,873,1.0,2026-09-04 18:56:47.977415+00:00
24631,CRS_875,course,postgres,courses_db,courses,874,1.0,2026-09-04 18:56:47.977415+00:00
24632,CRS_876,course,postgres,courses_db,courses,875,1.0,2026-09-04 18:56:47.977415+00:00
24633,CRS_877,course,postgres,courses_db,courses,876,1.0,2026-09-04 18:56:47.977415+00:00
24634,CRS_878,course,postgres,courses_db,courses,877,1.0,2026-09-04 18:56:47.977415+00:00
24635,CRS_879,course,postgres,courses_db,courses,878,1.0,2026-09-04 18:56:47.977415+00:00
24636,CRS_880,course,postgres,courses_db,courses,879,1.0,2026-09-04 18:56:47.977415+00:00
24637,CRS_881,course,postgres,courses_db,courses,880,1.0,2026-09-04 18:56:47.977415+00:00
24638,CRS_882,course,postgres,courses_db,courses,881,1.0,2026-09-04 18:56:47.977415+00:00
24639,CRS_883,course,postgres,courses_db,courses,882,1.0,2026-09-04 18:56:47.977415+00:00
24640,CRS_884,course,postgres,courses_db,courses,883,1.0,2026-09-04 18:56:47.977415+00:00
24641,CRS_885,course,postgres,courses_db,courses,884,1.0,2026-09-04 18:56:47.977415+00:00
24642,CRS_886,course,postgres,courses_db,courses,885,1.0,2026-09-04 18:56:47.977415+00:00
24643,CRS_887,course,postgres,courses_db,courses,886,1.0,2026-09-04 18:56:47.977415+00:00
24644,CRS_888,course,postgres,courses_db,courses,887,1.0,2026-09-04 18:56:47.977415+00:00
24645,CRS_889,course,postgres,courses_db,courses,888,1.0,2026-09-04 18:56:47.977415+00:00
24646,CRS_890,course,postgres,courses_db,courses,889,1.0,2026-09-04 18:56:47.977415+00:00
24647,CRS_891,course,postgres,courses_db,courses,890,1.0,2026-09-04 18:56:47.977415+00:00
24648,CRS_892,course,postgres,courses_db,courses,891,1.0,2026-09-04 18:56:47.977415+00:00
24649,CRS_893,course,postgres,courses_db,courses,892,1.0,2026-09-04 18:56:47.977415+00:00
24650,CRS_894,course,postgres,courses_db,courses,893,1.0,2026-09-04 18:56:47.977415+00:00
24651,CRS_895,course,postgres,courses_db,courses,894,1.0,2026-09-04 18:56:47.977415+00:00
24652,CRS_896,course,postgres,courses_db,courses,895,1.0,2026-09-04 18:56:47.977415+00:00
24653,CRS_897,course,postgres,courses_db,courses,896,1.0,2026-09-04 18:56:47.977415+00:00
24654,CRS_898,course,postgres,courses_db,courses,897,1.0,2026-09-04 18:56:47.977415+00:00
24655,CRS_899,course,postgres,courses_db,courses,898,1.0,2026-09-04 18:56:47.977415+00:00
24656,CRS_900,course,postgres,courses_db,courses,899,1.0,2026-09-04 18:56:47.977415+00:00
24657,CRS_901,course,postgres,courses_db,courses,900,1.0,2026-09-04 18:56:47.977415+00:00
24658,CRS_902,course,postgres,courses_db,courses,901,1.0,2026-09-04 18:56:47.977415+00:00
24659,CRS_903,course,postgres,courses_db,courses,902,1.0,2026-09-04 18:56:47.977415+00:00
24660,CRS_904,course,postgres,courses_db,courses,903,1.0,2026-09-04 18:56:47.977415+00:00
24661,CRS_905,course,postgres,courses_db,courses,904,1.0,2026-09-04 18:56:47.977415+00:00
24662,CRS_906,course,postgres,courses_db,courses,905,1.0,2026-09-04 18:56:47.977415+00:00
24663,CRS_907,course,postgres,courses_db,courses,906,1.0,2026-09-04 18:56:47.977415+00:00
24664,CRS_908,course,postgres,courses_db,courses,907,1.0,2026-09-04 18:56:47.977415+00:00
24665,CRS_909,course,postgres,courses_db,courses,908,1.0,2026-09-04 18:56:47.977415+00:00
24666,CRS_910,course,postgres,courses_db,courses,909,1.0,2026-09-04 18:56:47.977415+00:00
24667,CRS_911,course,postgres,courses_db,courses,910,1.0,2026-09-04 18:56:47.977415+00:00
24668,CRS_912,course,postgres,courses_db,courses,911,1.0,2026-09-04 18:56:47.977415+00:00
24669,CRS_913,course,postgres,courses_db,courses,912,1.0,2026-09-04 18:56:47.977415+00:00
24670,CRS_914,course,postgres,courses_db,courses,913,1.0,2026-09-04 18:56:47.977415+00:00
24671,CRS_915,course,postgres,courses_db,courses,914,1.0,2026-09-04 18:56:47.977415+00:00
24672,CRS_916,course,postgres,courses_db,courses,915,1.0,2026-09-04 18:56:47.977415+00:00
24673,CRS_917,course,postgres,courses_db,courses,916,1.0,2026-09-04 18:56:47.977415+00:00
24674,CRS_918,course,postgres,courses_db,courses,917,1.0,2026-09-04 18:56:47.977415+00:00
24675,CRS_919,course,postgres,courses_db,courses,918,1.0,2026-09-04 18:56:47.977415+00:00
24676,CRS_920,course,postgres,courses_db,courses,919,1.0,2026-09-04 18:56:47.977415+00:00
24677,CRS_921,course,postgres,courses_db,courses,920,1.0,2026-09-04 18:56:47.977415+00:00
24678,CRS_922,course,postgres,courses_db,courses,921,1.0,2026-09-04 18:56:47.977415+00:00
24679,CRS_923,course,postgres,courses_db,courses,922,1.0,2026-09-04 18:56:47.977415+00:00
24680,CRS_924,course,postgres,courses_db,courses,923,1.0,2026-09-04 18:56:47.977415+00:00
24681,CRS_925,course,postgres,courses_db,courses,924,1.0,2026-09-04 18:56:47.977415+00:00
24682,CRS_926,course,postgres,courses_db,courses,925,1.0,2026-09-04 18:56:47.977415+00:00
24683,CRS_927,course,postgres,courses_db,courses,926,1.0,2026-09-04 18:56:47.977415+00:00
24684,CRS_928,course,postgres,courses_db,courses,927,1.0,2026-09-04 18:56:47.977415+00:00
24685,CRS_929,course,postgres,courses_db,courses,928,1.0,2026-09-04 18:56:47.977415+00:00
24686,CRS_930,course,postgres,courses_db,courses,929,1.0,2026-09-04 18:56:47.977415+00:00
24687,CRS_931,course,postgres,courses_db,courses,930,1.0,2026-09-04 18:56:47.977415+00:00
24688,CRS_932,course,postgres,courses_db,courses,931,1.0,2026-09-04 18:56:47.977415+00:00
24689,CRS_933,course,postgres,courses_db,courses,932,1.0,2026-09-04 18:56:47.977415+00:00
24690,CRS_934,course,postgres,courses_db,courses,933,1.0,2026-09-04 18:56:47.977415+00:00
24691,CRS_935,course,postgres,courses_db,courses,934,1.0,2026-09-04 18:56:47.977415+00:00
24692,CRS_936,course,postgres,courses_db,courses,935,1.0,2026-09-04 18:56:47.977415+00:00
24693,CRS_937,course,postgres,courses_db,courses,936,1.0,2026-09-04 18:56:47.977415+00:00
24694,CRS_938,course,postgres,courses_db,courses,937,1.0,2026-09-04 18:56:47.977415+00:00
24695,CRS_939,course,postgres,courses_db,courses,938,1.0,2026-09-04 18:56:47.977415+00:00
24696,CRS_940,course,postgres,courses_db,courses,939,1.0,2026-09-04 18:56:47.977415+00:00
24697,CRS_941,course,postgres,courses_db,courses,940,1.0,2026-09-04 18:56:47.977415+00:00
24698,CRS_942,course,postgres,courses_db,courses,941,1.0,2026-09-04 18:56:47.977415+00:00
24699,CRS_943,course,postgres,courses_db,courses,942,1.0,2026-09-04 18:56:47.977415+00:00
24700,CRS_944,course,postgres,courses_db,courses,943,1.0,2026-09-04 18:56:47.977415+00:00
24701,CRS_945,course,postgres,courses_db,courses,944,1.0,2026-09-04 18:56:47.977415+00:00
24702,CRS_946,course,postgres,courses_db,courses,945,1.0,2026-09-04 18:56:47.977415+00:00
24703,CRS_947,course,postgres,courses_db,courses,946,1.0,2026-09-04 18:56:47.977415+00:00
24704,CRS_948,course,postgres,courses_db,courses,947,1.0,2026-09-04 18:56:47.977415+00:00
24705,CRS_949,course,postgres,courses_db,courses,948,1.0,2026-09-04 18:56:47.977415+00:00
24706,CRS_950,course,postgres,courses_db,courses,949,1.0,2026-09-04 18:56:47.977415+00:00
24707,CRS_951,course,postgres,courses_db,courses,950,1.0,2026-09-04 18:56:47.977415+00:00
24708,CRS_952,course,postgres,courses_db,courses,951,1.0,2026-09-04 18:56:47.977415+00:00
24709,CRS_953,course,postgres,courses_db,courses,952,1.0,2026-09-04 18:56:47.977415+00:00
24710,CRS_954,course,postgres,courses_db,courses,953,1.0,2026-09-04 18:56:47.977415+00:00
24711,CRS_955,course,postgres,courses_db,courses,954,1.0,2026-09-04 18:56:47.977415+00:00
24712,CRS_956,course,postgres,courses_db,courses,955,1.0,2026-09-04 18:56:47.977415+00:00
24713,CRS_957,course,postgres,courses_db,courses,956,1.0,2026-09-04 18:56:47.977415+00:00
24714,CRS_958,course,postgres,courses_db,courses,957,1.0,2026-09-04 18:56:47.977415+00:00
24715,CRS_959,course,postgres,courses_db,courses,958,1.0,2026-09-04 18:56:47.977415+00:00
24716,CRS_960,course,postgres,courses_db,courses,959,1.0,2026-09-04 18:56:47.977415+00:00
24717,CRS_961,course,postgres,courses_db,courses,960,1.0,2026-09-04 18:56:47.977415+00:00
24718,CRS_962,course,postgres,courses_db,courses,961,1.0,2026-09-04 18:56:47.977415+00:00
24719,CRS_963,course,postgres,courses_db,courses,962,1.0,2026-09-04 18:56:47.977415+00:00
24720,CRS_964,course,postgres,courses_db,courses,963,1.0,2026-09-04 18:56:47.977415+00:00
24721,CRS_965,course,postgres,courses_db,courses,964,1.0,2026-09-04 18:56:47.977415+00:00
24722,CRS_966,course,postgres,courses_db,courses,965,1.0,2026-09-04 18:56:47.977415+00:00
24723,CRS_967,course,postgres,courses_db,courses,966,1.0,2026-09-04 18:56:47.977415+00:00
24724,CRS_968,course,postgres,courses_db,courses,967,1.0,2026-09-04 18:56:47.977415+00:00
24725,CRS_969,course,postgres,courses_db,courses,968,1.0,2026-09-04 18:56:47.977415+00:00
24726,CRS_970,course,postgres,courses_db,courses,969,1.0,2026-09-04 18:56:47.977415+00:00
24727,CRS_971,course,postgres,courses_db,courses,970,1.0,2026-09-04 18:56:47.977415+00:00
24728,CRS_972,course,postgres,courses_db,courses,971,1.0,2026-09-04 18:56:47.977415+00:00
24729,CRS_973,course,postgres,courses_db,courses,972,1.0,2026-09-04 18:56:47.977415+00:00
24730,CRS_974,course,postgres,courses_db,courses,973,1.0,2026-09-04 18:56:47.977415+00:00
24731,CRS_975,course,postgres,courses_db,courses,974,1.0,2026-09-04 18:56:47.977415+00:00
24732,CRS_976,course,postgres,courses_db,courses,975,1.0,2026-09-04 18:56:47.977415+00:00
24733,CRS_977,course,postgres,courses_db,courses,976,1.0,2026-09-04 18:56:47.977415+00:00
24734,CRS_978,course,postgres,courses_db,courses,977,1.0,2026-09-04 18:56:47.977415+00:00
24735,CRS_979,course,postgres,courses_db,courses,978,1.0,2026-09-04 18:56:47.977415+00:00
24736,CRS_980,course,postgres,courses_db,courses,979,1.0,2026-09-04 18:56:47.977415+00:00
24737,CRS_981,course,postgres,courses_db,courses,980,1.0,2026-09-04 18:56:47.977415+00:00
24738,CRS_982,course,postgres,courses_db,courses,981,1.0,2026-09-04 18:56:47.977415+00:00
24739,CRS_983,course,postgres,courses_db,courses,982,1.0,2026-09-04 18:56:47.977415+00:00
24740,CRS_984,course,postgres,courses_db,courses,983,1.0,2026-09-04 18:56:47.977415+00:00
24741,CRS_985,course,postgres,courses_db,courses,984,1.0,2026-09-04 18:56:47.977415+00:00
24742,CRS_986,course,postgres,courses_db,courses,985,1.0,2026-09-04 18:56:47.977415+00:00
24743,CRS_987,course,postgres,courses_db,courses,986,1.0,2026-09-04 18:56:47.977415+00:00
24744,CRS_988,course,postgres,courses_db,courses,987,1.0,2026-09-04 18:56:47.977415+00:00
24745,CRS_989,course,postgres,courses_db,courses,988,1.0,2026-09-04 18:56:47.977415+00:00
24746,CRS_990,course,postgres,courses_db,courses,989,1.0,2026-09-04 18:56:47.977415+00:00
24747,CRS_991,course,postgres,courses_db,courses,990,1.0,2026-09-04 18:56:47.977415+00:00
24748,CRS_992,course,postgres,courses_db,courses,991,1.0,2026-09-04 18:56:47.977415+00:00
24749,CRS_993,course,postgres,courses_db,courses,992,1.0,2026-09-04 18:56:47.977415+00:00
24750,CRS_994,course,postgres,courses_db,courses,993,1.0,2026-09-04 18:56:47.977415+00:00
24751,CRS_995,course,postgres,courses_db,courses,994,1.0,2026-09-04 18:56:47.977415+00:00
24752,CRS_996,course,postgres,courses_db,courses,995,1.0,2026-09-04 18:56:47.977415+00:00
24753,CRS_997,course,postgres,courses_db,courses,996,1.0,2026-09-04 18:56:47.977415+00:00
24754,CRS_998,course,postgres,courses_db,courses,997,1.0,2026-09-04 18:56:47.977415+00:00
24755,CRS_999,course,postgres,courses_db,courses,998,1.0,2026-09-04 18:56:47.977415+00:00
24756,CRS_1000,course,postgres,courses_db,courses,999,1.0,2026-09-04 18:56:47.977415+00:00
24757,CRS_1001,course,postgres,courses_db,courses,1000,1.0,2026-09-04 18:56:47.977415+00:00
24758,CRS_1002,course,postgres,courses_db,courses,1001,1.0,2026-09-04 18:56:47.977415+00:00
24759,CRS_1003,course,postgres,courses_db,courses,1002,1.0,2026-09-04 18:56:47.977415+00:00
24760,CRS_1004,course,postgres,courses_db,courses,1003,1.0,2026-09-04 18:56:47.977415+00:00
24761,CRS_1005,course,postgres,courses_db,courses,1004,1.0,2026-09-04 18:56:47.977415+00:00
24762,CRS_1006,course,postgres,courses_db,courses,1005,1.0,2026-09-04 18:56:47.977415+00:00
24763,CRS_1007,course,postgres,courses_db,courses,1006,1.0,2026-09-04 18:56:47.977415+00:00
24764,CRS_1008,course,postgres,courses_db,courses,1007,1.0,2026-09-04 18:56:47.977415+00:00
24765,CRS_1009,course,postgres,courses_db,courses,1008,1.0,2026-09-04 18:56:47.977415+00:00
24766,CRS_1010,course,postgres,courses_db,courses,1009,1.0,2026-09-04 18:56:47.977415+00:00
24767,CRS_1011,course,postgres,courses_db,courses,1010,1.0,2026-09-04 18:56:47.977415+00:00
24768,CRS_1012,course,postgres,courses_db,courses,1011,1.0,2026-09-04 18:56:47.977415+00:00
24769,CRS_1013,course,postgres,courses_db,courses,1012,1.0,2026-09-04 18:56:47.977415+00:00
24770,CRS_1014,course,postgres,courses_db,courses,1013,1.0,2026-09-04 18:56:47.977415+00:00
24771,CRS_1015,course,postgres,courses_db,courses,1014,1.0,2026-09-04 18:56:47.977415+00:00
24772,CRS_1016,course,postgres,courses_db,courses,1015,1.0,2026-09-04 18:56:47.977415+00:00
24773,CRS_1017,course,postgres,courses_db,courses,1016,1.0,2026-09-04 18:56:47.977415+00:00
24774,CRS_1018,course,postgres,courses_db,courses,1017,1.0,2026-09-04 18:56:47.977415+00:00
24775,CRS_1019,course,postgres,courses_db,courses,1018,1.0,2026-09-04 18:56:47.977415+00:00
24776,CRS_1020,course,postgres,courses_db,courses,1019,1.0,2026-09-04 18:56:47.977415+00:00
24777,CRS_1021,course,postgres,courses_db,courses,1020,1.0,2026-09-04 18:56:47.977415+00:00
24778,CRS_1022,course,postgres,courses_db,courses,1021,1.0,2026-09-04 18:56:47.977415+00:00
24779,CRS_1023,course,postgres,courses_db,courses,1022,1.0,2026-09-04 18:56:47.977415+00:00
24780,CRS_1024,course,postgres,courses_db,courses,1023,1.0,2026-09-04 18:56:47.977415+00:00
24781,CRS_1025,course,postgres,courses_db,courses,1024,1.0,2026-09-04 18:56:47.977415+00:00
24782,CRS_1026,course,postgres,courses_db,courses,1025,1.0,2026-09-04 18:56:47.977415+00:00
24783,CRS_1027,course,postgres,courses_db,courses,1026,1.0,2026-09-04 18:56:47.977415+00:00
24784,CRS_1028,course,postgres,courses_db,courses,1027,1.0,2026-09-04 18:56:47.977415+00:00
24785,CRS_1029,course,postgres,courses_db,courses,1028,1.0,2026-09-04 18:56:47.977415+00:00
24786,CRS_1030,course,postgres,courses_db,courses,1029,1.0,2026-09-04 18:56:47.977415+00:00
24787,CRS_1031,course,postgres,courses_db,courses,1030,1.0,2026-09-04 18:56:47.977415+00:00
24788,CRS_1032,course,postgres,courses_db,courses,1031,1.0,2026-09-04 18:56:47.977415+00:00
24789,CRS_1033,course,postgres,courses_db,courses,1032,1.0,2026-09-04 18:56:47.977415+00:00
24790,CRS_1034,course,postgres,courses_db,courses,1033,1.0,2026-09-04 18:56:47.977415+00:00
24791,CRS_1035,course,postgres,courses_db,courses,1034,1.0,2026-09-04 18:56:47.977415+00:00
24792,CRS_1036,course,postgres,courses_db,courses,1035,1.0,2026-09-04 18:56:47.977415+00:00
24793,CRS_1037,course,postgres,courses_db,courses,1036,1.0,2026-09-04 18:56:47.977415+00:00
24794,CRS_1038,course,postgres,courses_db,courses,1037,1.0,2026-09-04 18:56:47.977415+00:00
24795,CRS_1039,course,postgres,courses_db,courses,1038,1.0,2026-09-04 18:56:47.977415+00:00
24796,CRS_1040,course,postgres,courses_db,courses,1039,1.0,2026-09-04 18:56:47.977415+00:00
24797,CRS_1041,course,postgres,courses_db,courses,1040,1.0,2026-09-04 18:56:47.977415+00:00
24798,CRS_1042,course,postgres,courses_db,courses,1041,1.0,2026-09-04 18:56:47.977415+00:00
24799,CRS_1043,course,postgres,courses_db,courses,1042,1.0,2026-09-04 18:56:47.977415+00:00
24800,CRS_1044,course,postgres,courses_db,courses,1043,1.0,2026-09-04 18:56:47.977415+00:00
24801,CRS_1045,course,postgres,courses_db,courses,1044,1.0,2026-09-04 18:56:47.977415+00:00
24802,CRS_1046,course,postgres,courses_db,courses,1045,1.0,2026-09-04 18:56:47.977415+00:00
24803,CRS_1047,course,postgres,courses_db,courses,1046,1.0,2026-09-04 18:56:47.977415+00:00
24804,CRS_1048,course,postgres,courses_db,courses,1047,1.0,2026-09-04 18:56:47.977415+00:00
24805,CRS_1049,course,postgres,courses_db,courses,1048,1.0,2026-09-04 18:56:47.977415+00:00
24806,CRS_1050,course,postgres,courses_db,courses,1049,1.0,2026-09-04 18:56:47.977415+00:00
24807,CRS_1051,course,postgres,courses_db,courses,1050,1.0,2026-09-04 18:56:47.977415+00:00
24808,CRS_1052,course,postgres,courses_db,courses,1051,1.0,2026-09-04 18:56:47.977415+00:00
24809,CRS_1053,course,postgres,courses_db,courses,1052,1.0,2026-09-04 18:56:47.977415+00:00
24810,CRS_1054,course,postgres,courses_db,courses,1053,1.0,2026-09-04 18:56:47.977415+00:00
24811,CRS_1055,course,postgres,courses_db,courses,1054,1.0,2026-09-04 18:56:47.977415+00:00
24812,CRS_1056,course,postgres,courses_db,courses,1055,1.0,2026-09-04 18:56:47.977415+00:00
24813,CRS_1057,course,postgres,courses_db,courses,1056,1.0,2026-09-04 18:56:47.977415+00:00
24814,CRS_1058,course,postgres,courses_db,courses,1057,1.0,2026-09-04 18:56:47.977415+00:00
24815,CRS_1059,course,postgres,courses_db,courses,1058,1.0,2026-09-04 18:56:47.977415+00:00
24816,CRS_1060,course,postgres,courses_db,courses,1059,1.0,2026-09-04 18:56:47.977415+00:00
24817,CRS_1061,course,postgres,courses_db,courses,1060,1.0,2026-09-04 18:56:47.977415+00:00
24818,CRS_1062,course,postgres,courses_db,courses,1061,1.0,2026-09-04 18:56:47.977415+00:00
24819,CRS_1063,course,postgres,courses_db,courses,1062,1.0,2026-09-04 18:56:47.977415+00:00
24820,CRS_1064,course,postgres,courses_db,courses,1063,1.0,2026-09-04 18:56:47.977415+00:00
24821,CRS_1065,course,postgres,courses_db,courses,1064,1.0,2026-09-04 18:56:47.977415+00:00
24822,CRS_1066,course,postgres,courses_db,courses,1065,1.0,2026-09-04 18:56:47.977415+00:00
24823,CRS_1067,course,postgres,courses_db,courses,1066,1.0,2026-09-04 18:56:47.977415+00:00
24824,CRS_1068,course,postgres,courses_db,courses,1067,1.0,2026-09-04 18:56:47.977415+00:00
24825,CRS_1069,course,postgres,courses_db,courses,1068,1.0,2026-09-04 18:56:47.977415+00:00
24826,CRS_1070,course,postgres,courses_db,courses,1069,1.0,2026-09-04 18:56:47.977415+00:00
24827,CRS_1071,course,postgres,courses_db,courses,1070,1.0,2026-09-04 18:56:47.977415+00:00
24828,CRS_1072,course,postgres,courses_db,courses,1071,1.0,2026-09-04 18:56:47.977415+00:00
24829,CRS_1073,course,postgres,courses_db,courses,1072,1.0,2026-09-04 18:56:47.977415+00:00
24830,CRS_1074,course,postgres,courses_db,courses,1073,1.0,2026-09-04 18:56:47.977415+00:00
24831,CRS_1075,course,postgres,courses_db,courses,1074,1.0,2026-09-04 18:56:47.977415+00:00
24832,CRS_1076,course,postgres,courses_db,courses,1075,1.0,2026-09-04 18:56:47.977415+00:00
24833,CRS_1077,course,postgres,courses_db,courses,1076,1.0,2026-09-04 18:56:47.977415+00:00
24834,CRS_1078,course,postgres,courses_db,courses,1077,1.0,2026-09-04 18:56:47.977415+00:00
24835,CRS_1079,course,postgres,courses_db,courses,1078,1.0,2026-09-04 18:56:47.977415+00:00
24836,CRS_1080,course,postgres,courses_db,courses,1079,1.0,2026-09-04 18:56:47.977415+00:00
24837,CRS_1081,course,postgres,courses_db,courses,1080,1.0,2026-09-04 18:56:47.977415+00:00
24838,CRS_1082,course,postgres,courses_db,courses,1081,1.0,2026-09-04 18:56:47.977415+00:00
24839,CRS_1083,course,postgres,courses_db,courses,1082,1.0,2026-09-04 18:56:47.977415+00:00
24840,CRS_1084,course,postgres,courses_db,courses,1083,1.0,2026-09-04 18:56:47.977415+00:00
24841,CRS_1085,course,postgres,courses_db,courses,1084,1.0,2026-09-04 18:56:47.977415+00:00
24842,CRS_1086,course,postgres,courses_db,courses,1085,1.0,2026-09-04 18:56:47.977415+00:00
24843,CRS_1087,course,postgres,courses_db,courses,1086,1.0,2026-09-04 18:56:47.977415+00:00
24844,CRS_1088,course,postgres,courses_db,courses,1087,1.0,2026-09-04 18:56:47.977415+00:00
24845,CRS_1089,course,postgres,courses_db,courses,1088,1.0,2026-09-04 18:56:47.977415+00:00
24846,CRS_1090,course,postgres,courses_db,courses,1089,1.0,2026-09-04 18:56:47.977415+00:00
24847,CRS_1091,course,postgres,courses_db,courses,1090,1.0,2026-09-04 18:56:47.977415+00:00
24848,CRS_1092,course,postgres,courses_db,courses,1091,1.0,2026-09-04 18:56:47.977415+00:00
24849,CRS_1093,course,postgres,courses_db,courses,1092,1.0,2026-09-04 18:56:47.977415+00:00
24850,CRS_1094,course,postgres,courses_db,courses,1093,1.0,2026-09-04 18:56:47.977415+00:00
24851,CRS_1095,course,postgres,courses_db,courses,1094,1.0,2026-09-04 18:56:47.977415+00:00
24852,CRS_1096,course,postgres,courses_db,courses,1095,1.0,2026-09-04 18:56:47.977415+00:00
24853,CRS_1097,course,postgres,courses_db,courses,1096,1.0,2026-09-04 18:56:47.977415+00:00
24854,CRS_1098,course,postgres,courses_db,courses,1097,1.0,2026-09-04 18:56:47.977415+00:00
24855,CRS_1099,course,postgres,courses_db,courses,1098,1.0,2026-09-04 18:56:47.977415+00:00
24856,CRS_1100,course,postgres,courses_db,courses,1099,1.0,2026-09-04 18:56:47.977415+00:00
24857,CRS_1101,course,postgres,courses_db,courses,1100,1.0,2026-09-04 18:56:47.977415+00:00
24858,CRS_1102,course,postgres,courses_db,courses,1101,1.0,2026-09-04 18:56:47.977415+00:00
24859,CRS_1103,course,postgres,courses_db,courses,1102,1.0,2026-09-04 18:56:47.977415+00:00
24860,CRS_1104,course,postgres,courses_db,courses,1103,1.0,2026-09-04 18:56:47.977415+00:00
24861,CRS_1105,course,postgres,courses_db,courses,1104,1.0,2026-09-04 18:56:47.977415+00:00
24862,CRS_1106,course,postgres,courses_db,courses,1105,1.0,2026-09-04 18:56:47.977415+00:00
24863,CRS_1107,course,postgres,courses_db,courses,1106,1.0,2026-09-04 18:56:47.977415+00:00
24864,CRS_1108,course,postgres,courses_db,courses,1107,1.0,2026-09-04 18:56:47.977415+00:00
24865,CRS_1109,course,postgres,courses_db,courses,1108,1.0,2026-09-04 18:56:47.977415+00:00
24866,CRS_1110,course,postgres,courses_db,courses,1109,1.0,2026-09-04 18:56:47.977415+00:00
24867,CRS_1111,course,postgres,courses_db,courses,1110,1.0,2026-09-04 18:56:47.977415+00:00
24868,CRS_1112,course,postgres,courses_db,courses,1111,1.0,2026-09-04 18:56:47.977415+00:00
24869,CRS_1113,course,postgres,courses_db,courses,1112,1.0,2026-09-04 18:56:47.977415+00:00
24870,CRS_1114,course,postgres,courses_db,courses,1113,1.0,2026-09-04 18:56:47.977415+00:00
24871,CRS_1115,course,postgres,courses_db,courses,1114,1.0,2026-09-04 18:56:47.977415+00:00
24872,CRS_1116,course,postgres,courses_db,courses,1115,1.0,2026-09-04 18:56:47.977415+00:00
24873,CRS_1117,course,postgres,courses_db,courses,1116,1.0,2026-09-04 18:56:47.977415+00:00
24874,CRS_1118,course,postgres,courses_db,courses,1117,1.0,2026-09-04 18:56:47.977415+00:00
24875,CRS_1119,course,postgres,courses_db,courses,1118,1.0,2026-09-04 18:56:47.977415+00:00
24876,CRS_1120,course,postgres,courses_db,courses,1119,1.0,2026-09-04 18:56:47.977415+00:00
24877,CRS_1121,course,postgres,courses_db,courses,1120,1.0,2026-09-04 18:56:47.977415+00:00
24878,CRS_1122,course,postgres,courses_db,courses,1121,1.0,2026-09-04 18:56:47.977415+00:00
24879,CRS_1123,course,postgres,courses_db,courses,1122,1.0,2026-09-04 18:56:47.977415+00:00
24880,CRS_1124,course,postgres,courses_db,courses,1123,1.0,2026-09-04 18:56:47.977415+00:00
24881,CRS_1125,course,postgres,courses_db,courses,1124,1.0,2026-09-04 18:56:47.977415+00:00
24882,CRS_1126,course,postgres,courses_db,courses,1125,1.0,2026-09-04 18:56:47.977415+00:00
24883,CRS_1127,course,postgres,courses_db,courses,1126,1.0,2026-09-04 18:56:47.977415+00:00
24884,CRS_1128,course,postgres,courses_db,courses,1127,1.0,2026-09-04 18:56:47.977415+00:00
24885,CRS_1129,course,postgres,courses_db,courses,1128,1.0,2026-09-04 18:56:47.977415+00:00
24886,CRS_1130,course,postgres,courses_db,courses,1129,1.0,2026-09-04 18:56:47.977415+00:00
24887,CRS_1131,course,postgres,courses_db,courses,1130,1.0,2026-09-04 18:56:47.977415+00:00
24888,CRS_1132,course,postgres,courses_db,courses,1131,1.0,2026-09-04 18:56:47.977415+00:00
24889,CRS_1133,course,postgres,courses_db,courses,1132,1.0,2026-09-04 18:56:47.977415+00:00
24890,CRS_1134,course,postgres,courses_db,courses,1133,1.0,2026-09-04 18:56:47.977415+00:00
24891,CRS_1135,course,postgres,courses_db,courses,1134,1.0,2026-09-04 18:56:47.977415+00:00
24892,CRS_1136,course,postgres,courses_db,courses,1135,1.0,2026-09-04 18:56:47.977415+00:00
24893,CRS_1137,course,postgres,courses_db,courses,1136,1.0,2026-09-04 18:56:47.977415+00:00
24894,CRS_1138,course,postgres,courses_db,courses,1137,1.0,2026-09-04 18:56:47.977415+00:00
24895,CRS_1139,course,postgres,courses_db,courses,1138,1.0,2026-09-04 18:56:47.977415+00:00
24896,CRS_1140,course,postgres,courses_db,courses,1139,1.0,2026-09-04 18:56:47.977415+00:00
24897,CRS_1141,course,postgres,courses_db,courses,1140,1.0,2026-09-04 18:56:47.977415+00:00
24898,CRS_1142,course,postgres,courses_db,courses,1141,1.0,2026-09-04 18:56:47.977415+00:00
24899,CRS_1143,course,postgres,courses_db,courses,1142,1.0,2026-09-04 18:56:47.977415+00:00
24900,CRS_1144,course,postgres,courses_db,courses,1143,1.0,2026-09-04 18:56:47.977415+00:00
24901,CRS_1145,course,postgres,courses_db,courses,1144,1.0,2026-09-04 18:56:47.977415+00:00
24902,CRS_1146,course,postgres,courses_db,courses,1145,1.0,2026-09-04 18:56:47.977415+00:00
24903,CRS_1147,course,postgres,courses_db,courses,1146,1.0,2026-09-04 18:56:47.977415+00:00
24904,CRS_1148,course,postgres,courses_db,courses,1147,1.0,2026-09-04 18:56:47.977415+00:00
24905,CRS_1149,course,postgres,courses_db,courses,1148,1.0,2026-09-04 18:56:47.977415+00:00
24906,CRS_1150,course,postgres,courses_db,courses,1149,1.0,2026-09-04 18:56:47.977415+00:00
24907,CRS_1151,course,postgres,courses_db,courses,1150,1.0,2026-09-04 18:56:47.977415+00:00
24908,CRS_1152,course,postgres,courses_db,courses,1151,1.0,2026-09-04 18:56:47.977415+00:00
24909,CRS_1153,course,postgres,courses_db,courses,1152,1.0,2026-09-04 18:56:47.977415+00:00
24910,CRS_1154,course,postgres,courses_db,courses,1153,1.0,2026-09-04 18:56:47.977415+00:00
24911,CRS_1155,course,postgres,courses_db,courses,1154,1.0,2026-09-04 18:56:47.977415+00:00
24912,CRS_1156,course,postgres,courses_db,courses,1155,1.0,2026-09-04 18:56:47.977415+00:00
24913,CRS_1157,course,postgres,courses_db,courses,1156,1.0,2026-09-04 18:56:47.977415+00:00
24914,CRS_1158,course,postgres,courses_db,courses,1157,1.0,2026-09-04 18:56:47.977415+00:00
24915,CRS_1159,course,postgres,courses_db,courses,1158,1.0,2026-09-04 18:56:47.977415+00:00
24916,CRS_1160,course,postgres,courses_db,courses,1159,1.0,2026-09-04 18:56:47.977415+00:00
24917,CRS_1161,course,postgres,courses_db,courses,1160,1.0,2026-09-04 18:56:47.977415+00:00
24918,CRS_1162,course,postgres,courses_db,courses,1161,1.0,2026-09-04 18:56:47.977415+00:00
24919,CRS_1163,course,postgres,courses_db,courses,1162,1.0,2026-09-04 18:56:47.977415+00:00
24920,CRS_1164,course,postgres,courses_db,courses,1163,1.0,2026-09-04 18:56:47.977415+00:00
24921,CRS_1165,course,postgres,courses_db,courses,1164,1.0,2026-09-04 18:56:47.977415+00:00
24922,CRS_1166,course,postgres,courses_db,courses,1165,1.0,2026-09-04 18:56:47.977415+00:00
24923,CRS_1167,course,postgres,courses_db,courses,1166,1.0,2026-09-04 18:56:47.977415+00:00
24924,CRS_1168,course,postgres,courses_db,courses,1167,1.0,2026-09-04 18:56:47.977415+00:00
24925,CRS_1169,course,postgres,courses_db,courses,1168,1.0,2026-09-04 18:56:47.977415+00:00
24926,CRS_1170,course,postgres,courses_db,courses,1169,1.0,2026-09-04 18:56:47.977415+00:00
24927,CRS_1171,course,postgres,courses_db,courses,1170,1.0,2026-09-04 18:56:47.977415+00:00
24928,CRS_1172,course,postgres,courses_db,courses,1171,1.0,2026-09-04 18:56:47.977415+00:00
24929,CRS_1173,course,postgres,courses_db,courses,1172,1.0,2026-09-04 18:56:47.977415+00:00
24930,CRS_1174,course,postgres,courses_db,courses,1173,1.0,2026-09-04 18:56:47.977415+00:00
24931,CRS_1175,course,postgres,courses_db,courses,1174,1.0,2026-09-04 18:56:47.977415+00:00
24932,CRS_1176,course,postgres,courses_db,courses,1175,1.0,2026-09-04 18:56:47.977415+00:00
24933,CRS_1177,course,postgres,courses_db,courses,1176,1.0,2026-09-04 18:56:47.977415+00:00
24934,CRS_1178,course,postgres,courses_db,courses,1177,1.0,2026-09-04 18:56:47.977415+00:00
24935,CRS_1179,course,postgres,courses_db,courses,1178,1.0,2026-09-04 18:56:47.977415+00:00
24936,CRS_1180,course,postgres,courses_db,courses,1179,1.0,2026-09-04 18:56:47.977415+00:00
24937,CRS_1181,course,postgres,courses_db,courses,1180,1.0,2026-09-04 18:56:47.977415+00:00
24938,CRS_1182,course,postgres,courses_db,courses,1181,1.0,2026-09-04 18:56:47.977415+00:00
24939,CRS_1183,course,postgres,courses_db,courses,1182,1.0,2026-09-04 18:56:47.977415+00:00
24940,CRS_1184,course,postgres,courses_db,courses,1183,1.0,2026-09-04 18:56:47.977415+00:00
24941,CRS_1185,course,postgres,courses_db,courses,1184,1.0,2026-09-04 18:56:47.977415+00:00
24942,CRS_1186,course,postgres,courses_db,courses,1185,1.0,2026-09-04 18:56:47.977415+00:00
24943,CRS_1187,course,postgres,courses_db,courses,1186,1.0,2026-09-04 18:56:47.977415+00:00
24944,CRS_1188,course,postgres,courses_db,courses,1187,1.0,2026-09-04 18:56:47.977415+00:00
24945,CRS_1189,course,postgres,courses_db,courses,1188,1.0,2026-09-04 18:56:47.977415+00:00
24946,CRS_1190,course,postgres,courses_db,courses,1189,1.0,2026-09-04 18:56:47.977415+00:00
24947,CRS_1191,course,postgres,courses_db,courses,1190,1.0,2026-09-04 18:56:47.977415+00:00
24948,CRS_1192,course,postgres,courses_db,courses,1191,1.0,2026-09-04 18:56:47.977415+00:00
24949,CRS_1193,course,postgres,courses_db,courses,1192,1.0,2026-09-04 18:56:47.977415+00:00
24950,CRS_1194,course,postgres,courses_db,courses,1193,1.0,2026-09-04 18:56:47.977415+00:00
24951,CRS_1195,course,postgres,courses_db,courses,1194,1.0,2026-09-04 18:56:47.977415+00:00
24952,CRS_1196,course,postgres,courses_db,courses,1195,1.0,2026-09-04 18:56:47.977415+00:00
24953,CRS_1197,course,postgres,courses_db,courses,1196,1.0,2026-09-04 18:56:47.977415+00:00
24954,CRS_1198,course,postgres,courses_db,courses,1197,1.0,2026-09-04 18:56:47.977415+00:00
24955,CRS_1199,course,postgres,courses_db,courses,1198,1.0,2026-09-04 18:56:47.977415+00:00
24956,CRS_1200,course,postgres,courses_db,courses,1199,1.0,2026-09-04 18:56:47.977415+00:00
24957,CRS_1201,course,postgres,courses_db,courses,1200,1.0,2026-09-04 18:56:47.977415+00:00
24958,CRS_1202,course,postgres,courses_db,courses,1201,1.0,2026-09-04 18:56:47.977415+00:00
24959,CRS_1203,course,postgres,courses_db,courses,1202,1.0,2026-09-04 18:56:47.977415+00:00
24960,CRS_1204,course,postgres,courses_db,courses,1203,1.0,2026-09-04 18:56:47.977415+00:00
24961,CRS_1205,course,postgres,courses_db,courses,1204,1.0,2026-09-04 18:56:47.977415+00:00
24962,CRS_1206,course,postgres,courses_db,courses,1205,1.0,2026-09-04 18:56:47.977415+00:00
24963,CRS_1207,course,postgres,courses_db,courses,1206,1.0,2026-09-04 18:56:47.977415+00:00
24964,CRS_1208,course,postgres,courses_db,courses,1207,1.0,2026-09-04 18:56:47.977415+00:00
24965,CRS_1209,course,postgres,courses_db,courses,1208,1.0,2026-09-04 18:56:47.977415+00:00
24966,CRS_1210,course,postgres,courses_db,courses,1209,1.0,2026-09-04 18:56:47.977415+00:00
24967,CRS_1211,course,postgres,courses_db,courses,1210,1.0,2026-09-04 18:56:47.977415+00:00
24968,CRS_1212,course,postgres,courses_db,courses,1211,1.0,2026-09-04 18:56:47.977415+00:00
24969,CRS_1213,course,postgres,courses_db,courses,1212,1.0,2026-09-04 18:56:47.977415+00:00
24970,CRS_1214,course,postgres,courses_db,courses,1213,1.0,2026-09-04 18:56:47.977415+00:00
24971,CRS_1215,course,postgres,courses_db,courses,1214,1.0,2026-09-04 18:56:47.977415+00:00
24972,CRS_1216,course,postgres,courses_db,courses,1215,1.0,2026-09-04 18:56:47.977415+00:00
24973,CRS_1217,course,postgres,courses_db,courses,1216,1.0,2026-09-04 18:56:47.977415+00:00
24974,CRS_1218,course,postgres,courses_db,courses,1217,1.0,2026-09-04 18:56:47.977415+00:00
24975,CRS_1219,course,postgres,courses_db,courses,1218,1.0,2026-09-04 18:56:47.977415+00:00
24976,CRS_1220,course,postgres,courses_db,courses,1219,1.0,2026-09-04 18:56:47.977415+00:00
24977,CRS_1221,course,postgres,courses_db,courses,1220,1.0,2026-09-04 18:56:47.977415+00:00
24978,CRS_1222,course,postgres,courses_db,courses,1221,1.0,2026-09-04 18:56:47.977415+00:00
24979,CRS_1223,course,postgres,courses_db,courses,1222,1.0,2026-09-04 18:56:47.977415+00:00
24980,CRS_1224,course,postgres,courses_db,courses,1223,1.0,2026-09-04 18:56:47.977415+00:00
24981,CRS_1225,course,postgres,courses_db,courses,1224,1.0,2026-09-04 18:56:47.977415+00:00
24982,CRS_1226,course,postgres,courses_db,courses,1225,1.0,2026-09-04 18:56:47.977415+00:00
24983,CRS_1227,course,postgres,courses_db,courses,1226,1.0,2026-09-04 18:56:47.977415+00:00
24984,CRS_1228,course,postgres,courses_db,courses,1227,1.0,2026-09-04 18:56:47.977415+00:00
24985,CRS_1229,course,postgres,courses_db,courses,1228,1.0,2026-09-04 18:56:47.977415+00:00
24986,CRS_1230,course,postgres,courses_db,courses,1229,1.0,2026-09-04 18:56:47.977415+00:00
24987,CRS_1231,course,postgres,courses_db,courses,1230,1.0,2026-09-04 18:56:47.977415+00:00
24988,CRS_1232,course,postgres,courses_db,courses,1231,1.0,2026-09-04 18:56:47.977415+00:00
24989,CRS_1233,course,postgres,courses_db,courses,1232,1.0,2026-09-04 18:56:47.977415+00:00
24990,CRS_1234,course,postgres,courses_db,courses,1233,1.0,2026-09-04 18:56:47.977415+00:00
24991,CRS_1235,course,postgres,courses_db,courses,1234,1.0,2026-09-04 18:56:47.977415+00:00
24992,CRS_1236,course,postgres,courses_db,courses,1235,1.0,2026-09-04 18:56:47.977415+00:00
24993,CRS_1237,course,postgres,courses_db,courses,1236,1.0,2026-09-04 18:56:47.977415+00:00
24994,CRS_1238,course,postgres,courses_db,courses,1237,1.0,2026-09-04 18:56:47.977415+00:00
24995,CRS_1239,course,postgres,courses_db,courses,1238,1.0,2026-09-04 18:56:47.977415+00:00
24996,CRS_1240,course,postgres,courses_db,courses,1239,1.0,2026-09-04 18:56:47.977415+00:00
24997,CRS_1241,course,postgres,courses_db,courses,1240,1.0,2026-09-04 18:56:47.977415+00:00
24998,CRS_1242,course,postgres,courses_db,courses,1241,1.0,2026-09-04 18:56:47.977415+00:00
24999,CRS_1243,course,postgres,courses_db,courses,1242,1.0,2026-09-04 18:56:47.977415+00:00
25000,CRS_1244,course,postgres,courses_db,courses,1243,1.0,2026-09-04 18:56:47.977415+00:00
25001,CRS_1245,course,postgres,courses_db,courses,1244,1.0,2026-09-04 18:56:47.977415+00:00
25002,CRS_1246,course,postgres,courses_db,courses,1245,1.0,2026-09-04 18:56:47.977415+00:00
25003,CRS_1247,course,postgres,courses_db,courses,1246,1.0,2026-09-04 18:56:47.977415+00:00
25004,CRS_1248,course,postgres,courses_db,courses,1247,1.0,2026-09-04 18:56:47.977415+00:00
25005,CRS_1249,course,postgres,courses_db,courses,1248,1.0,2026-09-04 18:56:47.977415+00:00
25006,CRS_1250,course,postgres,courses_db,courses,1249,1.0,2026-09-04 18:56:47.977415+00:00
25007,CRS_1251,course,postgres,courses_db,courses,1250,1.0,2026-09-04 18:56:47.977415+00:00
25008,CRS_1252,course,postgres,courses_db,courses,1251,1.0,2026-09-04 18:56:47.977415+00:00
25009,CRS_1253,course,postgres,courses_db,courses,1252,1.0,2026-09-04 18:56:47.977415+00:00
25010,CRS_1254,course,postgres,courses_db,courses,1253,1.0,2026-09-04 18:56:47.977415+00:00
25011,CRS_1255,course,postgres,courses_db,courses,1254,1.0,2026-09-04 18:56:47.977415+00:00
25012,CRS_1256,course,postgres,courses_db,courses,1255,1.0,2026-09-04 18:56:47.977415+00:00
25013,CRS_1257,course,postgres,courses_db,courses,1256,1.0,2026-09-04 18:56:47.977415+00:00
25014,CRS_1258,course,postgres,courses_db,courses,1257,1.0,2026-09-04 18:56:47.977415+00:00
25015,CRS_1259,course,postgres,courses_db,courses,1258,1.0,2026-09-04 18:56:47.977415+00:00
25016,CRS_1260,course,postgres,courses_db,courses,1259,1.0,2026-09-04 18:56:47.977415+00:00
25017,CRS_1261,course,postgres,courses_db,courses,1260,1.0,2026-09-04 18:56:47.977415+00:00
25018,CRS_1262,course,postgres,courses_db,courses,1261,1.0,2026-09-04 18:56:47.977415+00:00
25019,CRS_1263,course,postgres,courses_db,courses,1262,1.0,2026-09-04 18:56:47.977415+00:00
25020,CRS_1264,course,postgres,courses_db,courses,1263,1.0,2026-09-04 18:56:47.977415+00:00
25021,CRS_1265,course,postgres,courses_db,courses,1264,1.0,2026-09-04 18:56:47.977415+00:00
25022,CRS_1266,course,postgres,courses_db,courses,1265,1.0,2026-09-04 18:56:47.977415+00:00
25023,CRS_1267,course,postgres,courses_db,courses,1266,1.0,2026-09-04 18:56:47.977415+00:00
25024,CRS_1268,course,postgres,courses_db,courses,1267,1.0,2026-09-04 18:56:47.977415+00:00
25025,CRS_1269,course,postgres,courses_db,courses,1268,1.0,2026-09-04 18:56:47.977415+00:00
25026,CRS_1270,course,postgres,courses_db,courses,1269,1.0,2026-09-04 18:56:47.977415+00:00
25027,CRS_1271,course,postgres,courses_db,courses,1270,1.0,2026-09-04 18:56:47.977415+00:00
25028,CRS_1272,course,postgres,courses_db,courses,1271,1.0,2026-09-04 18:56:47.977415+00:00
25029,CRS_1273,course,postgres,courses_db,courses,1272,1.0,2026-09-04 18:56:47.977415+00:00
25030,CRS_1274,course,postgres,courses_db,courses,1273,1.0,2026-09-04 18:56:47.977415+00:00
25031,CRS_1275,course,postgres,courses_db,courses,1274,1.0,2026-09-04 18:56:47.977415+00:00
25032,CRS_1276,course,postgres,courses_db,courses,1275,1.0,2026-09-04 18:56:47.977415+00:00
25033,CRS_1277,course,postgres,courses_db,courses,1276,1.0,2026-09-04 18:56:47.977415+00:00
25034,CRS_1278,course,postgres,courses_db,courses,1277,1.0,2026-09-04 18:56:47.977415+00:00
25035,CRS_1279,course,postgres,courses_db,courses,1278,1.0,2026-09-04 18:56:47.977415+00:00
25036,CRS_1280,course,postgres,courses_db,courses,1279,1.0,2026-09-04 18:56:47.977415+00:00
25037,CRS_1281,course,postgres,courses_db,courses,1280,1.0,2026-09-04 18:56:47.977415+00:00
25038,CRS_1282,course,postgres,courses_db,courses,1281,1.0,2026-09-04 18:56:47.977415+00:00
25039,CRS_1283,course,postgres,courses_db,courses,1282,1.0,2026-09-04 18:56:47.977415+00:00
25040,CRS_1284,course,postgres,courses_db,courses,1283,1.0,2026-09-04 18:56:47.977415+00:00
25041,CRS_1285,course,postgres,courses_db,courses,1284,1.0,2026-09-04 18:56:47.977415+00:00
25042,CRS_1286,course,postgres,courses_db,courses,1285,1.0,2026-09-04 18:56:47.977415+00:00
25043,CRS_1287,course,postgres,courses_db,courses,1286,1.0,2026-09-04 18:56:47.977415+00:00
25044,CRS_1288,course,postgres,courses_db,courses,1287,1.0,2026-09-04 18:56:47.977415+00:00
25045,CRS_1289,course,postgres,courses_db,courses,1288,1.0,2026-09-04 18:56:47.977415+00:00
25046,CRS_1290,course,postgres,courses_db,courses,1289,1.0,2026-09-04 18:56:47.977415+00:00
25047,CRS_1291,course,postgres,courses_db,courses,1290,1.0,2026-09-04 18:56:47.977415+00:00
25048,CRS_1292,course,postgres,courses_db,courses,1291,1.0,2026-09-04 18:56:47.977415+00:00
25049,CRS_1293,course,postgres,courses_db,courses,1292,1.0,2026-09-04 18:56:47.977415+00:00
25050,CRS_1294,course,postgres,courses_db,courses,1293,1.0,2026-09-04 18:56:47.977415+00:00
25051,CRS_1295,course,postgres,courses_db,courses,1294,1.0,2026-09-04 18:56:47.977415+00:00
25052,CRS_1296,course,postgres,courses_db,courses,1295,1.0,2026-09-04 18:56:47.977415+00:00
25053,CRS_1297,course,postgres,courses_db,courses,1296,1.0,2026-09-04 18:56:47.977415+00:00
25054,CRS_1298,course,postgres,courses_db,courses,1297,1.0,2026-09-04 18:56:47.977415+00:00
25055,CRS_1299,course,postgres,courses_db,courses,1298,1.0,2026-09-04 18:56:47.977415+00:00
25056,CRS_1300,course,postgres,courses_db,courses,1299,1.0,2026-09-04 18:56:47.977415+00:00
25057,CRS_1301,course,postgres,courses_db,courses,1300,1.0,2026-09-04 18:56:47.977415+00:00
25058,CRS_1302,course,postgres,courses_db,courses,1301,1.0,2026-09-04 18:56:47.977415+00:00
25059,CRS_1303,course,postgres,courses_db,courses,1302,1.0,2026-09-04 18:56:47.977415+00:00
25060,CRS_1304,course,postgres,courses_db,courses,1303,1.0,2026-09-04 18:56:47.977415+00:00
25061,CRS_1305,course,postgres,courses_db,courses,1304,1.0,2026-09-04 18:56:47.977415+00:00
25062,CRS_1306,course,postgres,courses_db,courses,1305,1.0,2026-09-04 18:56:47.977415+00:00
25063,CRS_1307,course,postgres,courses_db,courses,1306,1.0,2026-09-04 18:56:47.977415+00:00
25064,CRS_1308,course,postgres,courses_db,courses,1307,1.0,2026-09-04 18:56:47.977415+00:00
25065,CRS_1309,course,postgres,courses_db,courses,1308,1.0,2026-09-04 18:56:47.977415+00:00
25066,CRS_1310,course,postgres,courses_db,courses,1309,1.0,2026-09-04 18:56:47.977415+00:00
25067,CRS_1311,course,postgres,courses_db,courses,1310,1.0,2026-09-04 18:56:47.977415+00:00
25068,CRS_1312,course,postgres,courses_db,courses,1311,1.0,2026-09-04 18:56:47.977415+00:00
25069,CRS_1313,course,postgres,courses_db,courses,1312,1.0,2026-09-04 18:56:47.977415+00:00
25070,CRS_1314,course,postgres,courses_db,courses,1313,1.0,2026-09-04 18:56:47.977415+00:00
25071,CRS_1315,course,postgres,courses_db,courses,1314,1.0,2026-09-04 18:56:47.977415+00:00
25072,CRS_1316,course,postgres,courses_db,courses,1315,1.0,2026-09-04 18:56:47.977415+00:00
25073,CRS_1317,course,postgres,courses_db,courses,1316,1.0,2026-09-04 18:56:47.977415+00:00
25074,CRS_1318,course,postgres,courses_db,courses,1317,1.0,2026-09-04 18:56:47.977415+00:00
25075,CRS_1319,course,postgres,courses_db,courses,1318,1.0,2026-09-04 18:56:47.977415+00:00
25076,CRS_1320,course,postgres,courses_db,courses,1319,1.0,2026-09-04 18:56:47.977415+00:00
25077,CRS_1321,course,postgres,courses_db,courses,1320,1.0,2026-09-04 18:56:47.977415+00:00
25078,CRS_1322,course,postgres,courses_db,courses,1321,1.0,2026-09-04 18:56:47.977415+00:00
25079,CRS_1323,course,postgres,courses_db,courses,1322,1.0,2026-09-04 18:56:47.977415+00:00
25080,CRS_1324,course,postgres,courses_db,courses,1323,1.0,2026-09-04 18:56:47.977415+00:00
25081,CRS_1325,course,postgres,courses_db,courses,1324,1.0,2026-09-04 18:56:47.977415+00:00
25082,CRS_1326,course,postgres,courses_db,courses,1325,1.0,2026-09-04 18:56:47.977415+00:00
25083,CRS_1327,course,postgres,courses_db,courses,1326,1.0,2026-09-04 18:56:47.977415+00:00
25084,CRS_1328,course,postgres,courses_db,courses,1327,1.0,2026-09-04 18:56:47.977415+00:00
25085,CRS_1329,course,postgres,courses_db,courses,1328,1.0,2026-09-04 18:56:47.977415+00:00
25086,CRS_1330,course,postgres,courses_db,courses,1329,1.0,2026-09-04 18:56:47.977415+00:00
25087,CRS_1331,course,postgres,courses_db,courses,1330,1.0,2026-09-04 18:56:47.977415+00:00
25088,CRS_1332,course,postgres,courses_db,courses,1331,1.0,2026-09-04 18:56:47.977415+00:00
25089,CRS_1333,course,postgres,courses_db,courses,1332,1.0,2026-09-04 18:56:47.977415+00:00
25090,CRS_1334,course,postgres,courses_db,courses,1333,1.0,2026-09-04 18:56:47.977415+00:00
25091,CRS_1335,course,postgres,courses_db,courses,1334,1.0,2026-09-04 18:56:47.977415+00:00
25092,CRS_1336,course,postgres,courses_db,courses,1335,1.0,2026-09-04 18:56:47.977415+00:00
25093,CRS_1337,course,postgres,courses_db,courses,1336,1.0,2026-09-04 18:56:47.977415+00:00
25094,CRS_1338,course,postgres,courses_db,courses,1337,1.0,2026-09-04 18:56:47.977415+00:00
25095,CRS_1339,course,postgres,courses_db,courses,1338,1.0,2026-09-04 18:56:47.977415+00:00
25096,CRS_1340,course,postgres,courses_db,courses,1339,1.0,2026-09-04 18:56:47.977415+00:00
25097,CRS_1341,course,postgres,courses_db,courses,1340,1.0,2026-09-04 18:56:47.977415+00:00
25098,CRS_1342,course,postgres,courses_db,courses,1341,1.0,2026-09-04 18:56:47.977415+00:00
25099,CRS_1343,course,postgres,courses_db,courses,1342,1.0,2026-09-04 18:56:47.977415+00:00
25100,CRS_1344,course,postgres,courses_db,courses,1343,1.0,2026-09-04 18:56:47.977415+00:00
25101,CRS_1345,course,postgres,courses_db,courses,1344,1.0,2026-09-04 18:56:47.977415+00:00
25102,CRS_1346,course,postgres,courses_db,courses,1345,1.0,2026-09-04 18:56:47.977415+00:00
25103,CRS_1347,course,postgres,courses_db,courses,1346,1.0,2026-09-04 18:56:47.977415+00:00
25104,CRS_1348,course,postgres,courses_db,courses,1347,1.0,2026-09-04 18:56:47.977415+00:00
25105,CRS_1349,course,postgres,courses_db,courses,1348,1.0,2026-09-04 18:56:47.977415+00:00
25106,CRS_1350,course,postgres,courses_db,courses,1349,1.0,2026-09-04 18:56:47.977415+00:00
25107,CRS_1351,course,postgres,courses_db,courses,1350,1.0,2026-09-04 18:56:47.977415+00:00
25108,CRS_1352,course,postgres,courses_db,courses,1351,1.0,2026-09-04 18:56:47.977415+00:00
25109,CRS_1353,course,postgres,courses_db,courses,1352,1.0,2026-09-04 18:56:47.977415+00:00
25110,CRS_1354,course,postgres,courses_db,courses,1353,1.0,2026-09-04 18:56:47.977415+00:00
25111,CRS_1355,course,postgres,courses_db,courses,1354,1.0,2026-09-04 18:56:47.977415+00:00
25112,CRS_1356,course,postgres,courses_db,courses,1355,1.0,2026-09-04 18:56:47.977415+00:00
25113,CRS_1357,course,postgres,courses_db,courses,1356,1.0,2026-09-04 18:56:47.977415+00:00
25114,CRS_1358,course,postgres,courses_db,courses,1357,1.0,2026-09-04 18:56:47.977415+00:00
25115,CRS_1359,course,postgres,courses_db,courses,1358,1.0,2026-09-04 18:56:47.977415+00:00
25116,CRS_1360,course,postgres,courses_db,courses,1359,1.0,2026-09-04 18:56:47.977415+00:00
25117,CRS_1361,course,postgres,courses_db,courses,1360,1.0,2026-09-04 18:56:47.977415+00:00
25118,CRS_1362,course,postgres,courses_db,courses,1361,1.0,2026-09-04 18:56:47.977415+00:00
25119,CRS_1363,course,postgres,courses_db,courses,1362,1.0,2026-09-04 18:56:47.977415+00:00
25120,CRS_1364,course,postgres,courses_db,courses,1363,1.0,2026-09-04 18:56:47.977415+00:00
25121,CRS_1365,course,postgres,courses_db,courses,1364,1.0,2026-09-04 18:56:47.977415+00:00
25122,CRS_1366,course,postgres,courses_db,courses,1365,1.0,2026-09-04 18:56:47.977415+00:00
25123,CRS_1367,course,postgres,courses_db,courses,1366,1.0,2026-09-04 18:56:47.977415+00:00
25124,CRS_1368,course,postgres,courses_db,courses,1367,1.0,2026-09-04 18:56:47.977415+00:00
25125,CRS_1369,course,postgres,courses_db,courses,1368,1.0,2026-09-04 18:56:47.977415+00:00
25126,CRS_1370,course,postgres,courses_db,courses,1369,1.0,2026-09-04 18:56:47.977415+00:00
25127,CRS_1371,course,postgres,courses_db,courses,1370,1.0,2026-09-04 18:56:47.977415+00:00
25128,CRS_1372,course,postgres,courses_db,courses,1371,1.0,2026-09-04 18:56:47.977415+00:00
25129,CRS_1373,course,postgres,courses_db,courses,1372,1.0,2026-09-04 18:56:47.977415+00:00
25130,CRS_1374,course,postgres,courses_db,courses,1373,1.0,2026-09-04 18:56:47.977415+00:00
25131,CRS_1375,course,postgres,courses_db,courses,1374,1.0,2026-09-04 18:56:47.977415+00:00
25132,CRS_1376,course,postgres,courses_db,courses,1375,1.0,2026-09-04 18:56:47.977415+00:00
25133,CRS_1377,course,postgres,courses_db,courses,1376,1.0,2026-09-04 18:56:47.977415+00:00
25134,CRS_1378,course,postgres,courses_db,courses,1377,1.0,2026-09-04 18:56:47.977415+00:00
25135,CRS_1379,course,postgres,courses_db,courses,1378,1.0,2026-09-04 18:56:47.977415+00:00
25136,CRS_1380,course,postgres,courses_db,courses,1379,1.0,2026-09-04 18:56:47.977415+00:00
25137,CRS_1381,course,postgres,courses_db,courses,1380,1.0,2026-09-04 18:56:47.977415+00:00
25138,CRS_1382,course,postgres,courses_db,courses,1381,1.0,2026-09-04 18:56:47.977415+00:00
25139,CRS_1383,course,postgres,courses_db,courses,1382,1.0,2026-09-04 18:56:47.977415+00:00
25140,CRS_1384,course,postgres,courses_db,courses,1383,1.0,2026-09-04 18:56:47.977415+00:00
25141,CRS_1385,course,postgres,courses_db,courses,1384,1.0,2026-09-04 18:56:47.977415+00:00
25142,CRS_1386,course,postgres,courses_db,courses,1385,1.0,2026-09-04 18:56:47.977415+00:00
25143,CRS_1387,course,postgres,courses_db,courses,1386,1.0,2026-09-04 18:56:47.977415+00:00
25144,CRS_1388,course,postgres,courses_db,courses,1387,1.0,2026-09-04 18:56:47.977415+00:00
25145,CRS_1389,course,postgres,courses_db,courses,1388,1.0,2026-09-04 18:56:47.977415+00:00
25146,CRS_1390,course,postgres,courses_db,courses,1389,1.0,2026-09-04 18:56:47.977415+00:00
25147,CRS_1391,course,postgres,courses_db,courses,1390,1.0,2026-09-04 18:56:47.977415+00:00
25148,CRS_1392,course,postgres,courses_db,courses,1391,1.0,2026-09-04 18:56:47.977415+00:00
25149,CRS_1393,course,postgres,courses_db,courses,1392,1.0,2026-09-04 18:56:47.977415+00:00
25150,CRS_1394,course,postgres,courses_db,courses,1393,1.0,2026-09-04 18:56:47.977415+00:00
25151,CRS_1395,course,postgres,courses_db,courses,1394,1.0,2026-09-04 18:56:47.977415+00:00
25152,CRS_1396,course,postgres,courses_db,courses,1395,1.0,2026-09-04 18:56:47.977415+00:00
25153,CRS_1397,course,postgres,courses_db,courses,1396,1.0,2026-09-04 18:56:47.977415+00:00
25154,CRS_1398,course,postgres,courses_db,courses,1397,1.0,2026-09-04 18:56:47.977415+00:00
25155,CRS_1399,course,postgres,courses_db,courses,1398,1.0,2026-09-04 18:56:47.977415+00:00
25156,CRS_1400,course,postgres,courses_db,courses,1399,1.0,2026-09-04 18:56:47.977415+00:00
25157,CRS_1401,course,postgres,courses_db,courses,1400,1.0,2026-09-04 18:56:47.977415+00:00
25158,CRS_1402,course,postgres,courses_db,courses,1401,1.0,2026-09-04 18:56:47.977415+00:00
25159,CRS_1403,course,postgres,courses_db,courses,1402,1.0,2026-09-04 18:56:47.977415+00:00
25160,FAC_1,faculty,postgres,faculty_db,faculty,0,1.0,2026-09-04 18:56:53.598552+00:00
25161,FAC_2,faculty,postgres,faculty_db,faculty,1,1.0,2026-09-04 18:56:53.598552+00:00
25162,FAC_3,faculty,postgres,faculty_db,faculty,2,1.0,2026-09-04 18:56:53.598552+00:00
25163,FAC_4,faculty,postgres,faculty_db,faculty,3,1.0,2026-09-04 18:56:53.598552+00:00
25164,FAC_5,faculty,postgres,faculty_db,faculty,4,1.0,2026-09-04 18:56:53.598552+00:00
25165,FAC_6,faculty,postgres,faculty_db,faculty,5,1.0,2026-09-04 18:56:53.598552+00:00
25166,FAC_7,faculty,postgres,faculty_db,faculty,6,1.0,2026-09-04 18:56:53.598552+00:00
25167,FAC_8,faculty,postgres,faculty_db,faculty,7,1.0,2026-09-04 18:56:53.598552+00:00
25168,FAC_9,faculty,postgres,faculty_db,faculty,8,1.0,2026-09-04 18:56:53.598552+00:00
25169,FAC_10,faculty,postgres,faculty_db,faculty,9,1.0,2026-09-04 18:56:53.598552+00:00
25170,FAC_11,faculty,postgres,faculty_db,faculty,10,1.0,2026-09-04 18:56:53.598552+00:00
25171,FAC_12,faculty,postgres,faculty_db,faculty,11,1.0,2026-09-04 18:56:53.598552+00:00
25172,FAC_13,faculty,postgres,faculty_db,faculty,12,1.0,2026-09-04 18:56:53.598552+00:00
25173,FAC_14,faculty,postgres,faculty_db,faculty,13,1.0,2026-09-04 18:56:53.598552+00:00
25174,FAC_15,faculty,postgres,faculty_db,faculty,14,1.0,2026-09-04 18:56:53.598552+00:00
25175,FAC_16,faculty,postgres,faculty_db,faculty,15,1.0,2026-09-04 18:56:53.598552+00:00
25176,FAC_17,faculty,postgres,faculty_db,faculty,16,1.0,2026-09-04 18:56:53.598552+00:00
25177,FAC_18,faculty,postgres,faculty_db,faculty,17,1.0,2026-09-04 18:56:53.598552+00:00
25178,FAC_19,faculty,postgres,faculty_db,faculty,18,1.0,2026-09-04 18:56:53.598552+00:00
25179,FAC_20,faculty,postgres,faculty_db,faculty,19,1.0,2026-09-04 18:56:53.598552+00:00
25180,FAC_21,faculty,postgres,faculty_db,faculty,20,1.0,2026-09-04 18:56:53.598552+00:00
25181,FAC_22,faculty,postgres,faculty_db,faculty,21,1.0,2026-09-04 18:56:53.598552+00:00
25182,FAC_23,faculty,postgres,faculty_db,faculty,22,1.0,2026-09-04 18:56:53.598552+00:00
25183,FAC_24,faculty,postgres,faculty_db,faculty,23,1.0,2026-09-04 18:56:53.598552+00:00
25184,FAC_25,faculty,postgres,faculty_db,faculty,24,1.0,2026-09-04 18:56:53.598552+00:00
25185,FAC_26,faculty,postgres,faculty_db,faculty,25,1.0,2026-09-04 18:56:53.598552+00:00
25186,FAC_27,faculty,postgres,faculty_db,faculty,26,1.0,2026-09-04 18:56:53.598552+00:00
25187,FAC_28,faculty,postgres,faculty_db,faculty,27,1.0,2026-09-04 18:56:53.598552+00:00
25188,FAC_29,faculty,postgres,faculty_db,faculty,28,1.0,2026-09-04 18:56:53.598552+00:00
25189,FAC_30,faculty,postgres,faculty_db,faculty,29,1.0,2026-09-04 18:56:53.598552+00:00
25190,FAC_31,faculty,postgres,faculty_db,faculty,30,1.0,2026-09-04 18:56:53.598552+00:00
25191,FAC_32,faculty,postgres,faculty_db,faculty,31,1.0,2026-09-04 18:56:53.598552+00:00
25192,FAC_33,faculty,postgres,faculty_db,faculty,32,1.0,2026-09-04 18:56:53.598552+00:00
25193,FAC_34,faculty,postgres,faculty_db,faculty,33,1.0,2026-09-04 18:56:53.598552+00:00
25194,FAC_35,faculty,postgres,faculty_db,faculty,34,1.0,2026-09-04 18:56:53.598552+00:00
25195,FAC_36,faculty,postgres,faculty_db,faculty,35,1.0,2026-09-04 18:56:53.598552+00:00
25196,FAC_37,faculty,postgres,faculty_db,faculty,36,1.0,2026-09-04 18:56:53.598552+00:00
25197,FAC_38,faculty,postgres,faculty_db,faculty,37,1.0,2026-09-04 18:56:53.598552+00:00
25198,FAC_39,faculty,postgres,faculty_db,faculty,38,1.0,2026-09-04 18:56:53.598552+00:00
25199,FAC_40,faculty,postgres,faculty_db,faculty,39,1.0,2026-09-04 18:56:53.598552+00:00
25200,FAC_41,faculty,postgres,faculty_db,faculty,40,1.0,2026-09-04 18:56:53.598552+00:00
25201,FAC_42,faculty,postgres,faculty_db,faculty,41,1.0,2026-09-04 18:56:53.598552+00:00
25202,FAC_43,faculty,postgres,faculty_db,faculty,42,1.0,2026-09-04 18:56:53.598552+00:00
25203,FAC_44,faculty,postgres,faculty_db,faculty,43,1.0,2026-09-04 18:56:53.598552+00:00
25204,FAC_45,faculty,postgres,faculty_db,faculty,44,1.0,2026-09-04 18:56:53.598552+00:00
25205,FAC_46,faculty,postgres,faculty_db,faculty,45,1.0,2026-09-04 18:56:53.598552+00:00
25206,FAC_47,faculty,postgres,faculty_db,faculty,46,1.0,2026-09-04 18:56:53.598552+00:00
25207,FAC_48,faculty,postgres,faculty_db,faculty,47,1.0,2026-09-04 18:56:53.598552+00:00
25208,FAC_49,faculty,postgres,faculty_db,faculty,48,1.0,2026-09-04 18:56:53.598552+00:00
25209,FAC_50,faculty,postgres,faculty_db,faculty,49,1.0,2026-09-04 18:56:53.598552+00:00
25210,FAC_51,faculty,postgres,faculty_db,faculty,50,1.0,2026-09-04 18:56:53.598552+00:00
25211,FAC_52,faculty,postgres,faculty_db,faculty,51,1.0,2026-09-04 18:56:53.598552+00:00
25212,FAC_53,faculty,postgres,faculty_db,faculty,52,1.0,2026-09-04 18:56:53.598552+00:00
25213,FAC_54,faculty,postgres,faculty_db,faculty,53,1.0,2026-09-04 18:56:53.598552+00:00
25214,FAC_55,faculty,postgres,faculty_db,faculty,54,1.0,2026-09-04 18:56:53.598552+00:00
25215,FAC_56,faculty,postgres,faculty_db,faculty,55,1.0,2026-09-04 18:56:53.598552+00:00
25216,FAC_57,faculty,postgres,faculty_db,faculty,56,1.0,2026-09-04 18:56:53.598552+00:00
25217,FAC_58,faculty,postgres,faculty_db,faculty,57,1.0,2026-09-04 18:56:53.598552+00:00
25218,FAC_59,faculty,postgres,faculty_db,faculty,58,1.0,2026-09-04 18:56:53.598552+00:00
25219,FAC_60,faculty,postgres,faculty_db,faculty,59,1.0,2026-09-04 18:56:53.598552+00:00
25220,FAC_61,faculty,postgres,faculty_db,faculty,60,1.0,2026-09-04 18:56:53.598552+00:00
25221,FAC_62,faculty,postgres,faculty_db,faculty,61,1.0,2026-09-04 18:56:53.598552+00:00
25222,FAC_63,faculty,postgres,faculty_db,faculty,62,1.0,2026-09-04 18:56:53.598552+00:00
25223,FAC_64,faculty,postgres,faculty_db,faculty,63,1.0,2026-09-04 18:56:53.598552+00:00
25224,FAC_65,faculty,postgres,faculty_db,faculty,64,1.0,2026-09-04 18:56:53.598552+00:00
25225,FAC_66,faculty,postgres,faculty_db,faculty,65,1.0,2026-09-04 18:56:53.598552+00:00
25226,FAC_67,faculty,postgres,faculty_db,faculty,66,1.0,2026-09-04 18:56:53.598552+00:00
25227,FAC_68,faculty,postgres,faculty_db,faculty,67,1.0,2026-09-04 18:56:53.598552+00:00
25228,FAC_69,faculty,postgres,faculty_db,faculty,68,1.0,2026-09-04 18:56:53.598552+00:00
25229,FAC_70,faculty,postgres,faculty_db,faculty,69,1.0,2026-09-04 18:56:53.598552+00:00
25230,FAC_71,faculty,postgres,faculty_db,faculty,70,1.0,2026-09-04 18:56:53.598552+00:00
25231,FAC_72,faculty,postgres,faculty_db,faculty,71,1.0,2026-09-04 18:56:53.598552+00:00
25232,FAC_73,faculty,postgres,faculty_db,faculty,72,1.0,2026-09-04 18:56:53.598552+00:00
25233,FAC_74,faculty,postgres,faculty_db,faculty,73,1.0,2026-09-04 18:56:53.598552+00:00
25234,FAC_75,faculty,postgres,faculty_db,faculty,74,1.0,2026-09-04 18:56:53.598552+00:00
25235,FAC_76,faculty,postgres,faculty_db,faculty,75,1.0,2026-09-04 18:56:53.598552+00:00
25236,FAC_77,faculty,postgres,faculty_db,faculty,76,1.0,2026-09-04 18:56:53.598552+00:00
25237,FAC_78,faculty,postgres,faculty_db,faculty,77,1.0,2026-09-04 18:56:53.598552+00:00
25238,FAC_79,faculty,postgres,faculty_db,faculty,78,1.0,2026-09-04 18:56:53.598552+00:00
25239,FAC_80,faculty,postgres,faculty_db,faculty,79,1.0,2026-09-04 18:56:53.598552+00:00
25240,FAC_81,faculty,postgres,faculty_db,faculty,80,1.0,2026-09-04 18:56:53.598552+00:00
25241,FAC_82,faculty,postgres,faculty_db,faculty,81,1.0,2026-09-04 18:56:53.598552+00:00
25242,FAC_83,faculty,postgres,faculty_db,faculty,82,1.0,2026-09-04 18:56:53.598552+00:00
25243,FAC_84,faculty,postgres,faculty_db,faculty,83,1.0,2026-09-04 18:56:53.598552+00:00
25244,FAC_85,faculty,postgres,faculty_db,faculty,84,1.0,2026-09-04 18:56:53.598552+00:00
25245,FAC_86,faculty,postgres,faculty_db,faculty,85,1.0,2026-09-04 18:56:53.598552+00:00
25246,FAC_87,faculty,postgres,faculty_db,faculty,86,1.0,2026-09-04 18:56:53.598552+00:00
25247,FAC_88,faculty,postgres,faculty_db,faculty,87,1.0,2026-09-04 18:56:53.598552+00:00
25248,FAC_89,faculty,postgres,faculty_db,faculty,88,1.0,2026-09-04 18:56:53.598552+00:00
25249,FAC_90,faculty,postgres,faculty_db,faculty,89,1.0,2026-09-04 18:56:53.598552+00:00
25250,FAC_91,faculty,postgres,faculty_db,faculty,90,1.0,2026-09-04 18:56:53.598552+00:00
25251,FAC_92,faculty,postgres,faculty_db,faculty,91,1.0,2026-09-04 18:56:53.598552+00:00
25252,FAC_93,faculty,postgres,faculty_db,faculty,92,1.0,2026-09-04 18:56:53.598552+00:00
25253,FAC_94,faculty,postgres,faculty_db,faculty,93,1.0,2026-09-04 18:56:53.598552+00:00
25254,FAC_95,faculty,postgres,faculty_db,faculty,94,1.0,2026-09-04 18:56:53.598552+00:00
25255,FAC_96,faculty,postgres,faculty_db,faculty,95,1.0,2026-09-04 18:56:53.598552+00:00
25256,FAC_97,faculty,postgres,faculty_db,faculty,96,1.0,2026-09-04 18:56:53.598552+00:00
25257,FAC_98,faculty,postgres,faculty_db,faculty,97,1.0,2026-09-04 18:56:53.598552+00:00
25258,FAC_99,faculty,postgres,faculty_db,faculty,98,1.0,2026-09-04 18:56:53.598552+00:00
25259,FAC_100,faculty,postgres,faculty_db,faculty,99,1.0,2026-09-04 18:56:53.598552+00:00
25260,FAC_101,faculty,postgres,faculty_db,faculty,100,1.0,2026-09-04 18:56:53.598552+00:00
25261,FAC_102,faculty,postgres,faculty_db,faculty,101,1.0,2026-09-04 18:56:53.598552+00:00
25262,FAC_103,faculty,postgres,faculty_db,faculty,102,1.0,2026-09-04 18:56:53.598552+00:00
25263,FAC_104,faculty,postgres,faculty_db,faculty,103,1.0,2026-09-04 18:56:53.598552+00:00
25264,FAC_105,faculty,postgres,faculty_db,faculty,104,1.0,2026-09-04 18:56:53.598552+00:00
25265,FAC_106,faculty,postgres,faculty_db,faculty,105,1.0,2026-09-04 18:56:53.598552+00:00
25266,FAC_107,faculty,postgres,faculty_db,faculty,106,1.0,2026-09-04 18:56:53.598552+00:00
25267,FAC_108,faculty,postgres,faculty_db,faculty,107,1.0,2026-09-04 18:56:53.598552+00:00
25268,FAC_109,faculty,postgres,faculty_db,faculty,108,1.0,2026-09-04 18:56:53.598552+00:00
25269,FAC_110,faculty,postgres,faculty_db,faculty,109,1.0,2026-09-04 18:56:53.598552+00:00
25270,FAC_111,faculty,postgres,faculty_db,faculty,110,1.0,2026-09-04 18:56:53.598552+00:00
25271,FAC_112,faculty,postgres,faculty_db,faculty,111,1.0,2026-09-04 18:56:53.598552+00:00
25272,FAC_113,faculty,postgres,faculty_db,faculty,112,1.0,2026-09-04 18:56:53.598552+00:00
25273,FAC_114,faculty,postgres,faculty_db,faculty,113,1.0,2026-09-04 18:56:53.598552+00:00
25274,FAC_115,faculty,postgres,faculty_db,faculty,114,1.0,2026-09-04 18:56:53.598552+00:00
25275,FAC_116,faculty,postgres,faculty_db,faculty,115,1.0,2026-09-04 18:56:53.598552+00:00
25276,FAC_117,faculty,postgres,faculty_db,faculty,116,1.0,2026-09-04 18:56:53.598552+00:00
25277,FAC_118,faculty,postgres,faculty_db,faculty,117,1.0,2026-09-04 18:56:53.598552+00:00
25278,FAC_119,faculty,postgres,faculty_db,faculty,118,1.0,2026-09-04 18:56:53.598552+00:00
25279,FAC_120,faculty,postgres,faculty_db,faculty,119,1.0,2026-09-04 18:56:53.598552+00:00
25280,FAC_121,faculty,postgres,faculty_db,faculty,120,1.0,2026-09-04 18:56:53.598552+00:00
25281,FAC_122,faculty,postgres,faculty_db,faculty,121,1.0,2026-09-04 18:56:53.598552+00:00
25282,FAC_123,faculty,postgres,faculty_db,faculty,122,1.0,2026-09-04 18:56:53.598552+00:00
25283,FAC_124,faculty,postgres,faculty_db,faculty,123,1.0,2026-09-04 18:56:53.598552+00:00
25284,FAC_125,faculty,postgres,faculty_db,faculty,124,1.0,2026-09-04 18:56:53.598552+00:00
25285,FAC_126,faculty,postgres,faculty_db,faculty,125,1.0,2026-09-04 18:56:53.598552+00:00
25286,FAC_127,faculty,postgres,faculty_db,faculty,126,1.0,2026-09-04 18:56:53.598552+00:00
25287,FAC_128,faculty,postgres,faculty_db,faculty,127,1.0,2026-09-04 18:56:53.598552+00:00
25288,FAC_129,faculty,postgres,faculty_db,faculty,128,1.0,2026-09-04 18:56:53.598552+00:00
25289,FAC_130,faculty,postgres,faculty_db,faculty,129,1.0,2026-09-04 18:56:53.598552+00:00
25290,FAC_131,faculty,postgres,faculty_db,faculty,130,1.0,2026-09-04 18:56:53.598552+00:00
25291,FAC_132,faculty,postgres,faculty_db,faculty,131,1.0,2026-09-04 18:56:53.598552+00:00
25292,FAC_133,faculty,postgres,faculty_db,faculty,132,1.0,2026-09-04 18:56:53.598552+00:00
25293,FAC_134,faculty,postgres,faculty_db,faculty,133,1.0,2026-09-04 18:56:53.598552+00:00
25294,FAC_135,faculty,postgres,faculty_db,faculty,134,1.0,2026-09-04 18:56:53.598552+00:00
25295,FAC_136,faculty,postgres,faculty_db,faculty,135,1.0,2026-09-04 18:56:53.598552+00:00
25296,FAC_137,faculty,postgres,faculty_db,faculty,136,1.0,2026-09-04 18:56:53.598552+00:00
25297,FAC_138,faculty,postgres,faculty_db,faculty,137,1.0,2026-09-04 18:56:53.598552+00:00
25298,FAC_139,faculty,postgres,faculty_db,faculty,138,1.0,2026-09-04 18:56:53.598552+00:00
25299,FAC_140,faculty,postgres,faculty_db,faculty,139,1.0,2026-09-04 18:56:53.598552+00:00
25300,FAC_141,faculty,postgres,faculty_db,faculty,140,1.0,2026-09-04 18:56:53.598552+00:00
25301,FAC_142,faculty,postgres,faculty_db,faculty,141,1.0,2026-09-04 18:56:53.598552+00:00
25302,FAC_143,faculty,postgres,faculty_db,faculty,142,1.0,2026-09-04 18:56:53.598552+00:00
25303,FAC_144,faculty,postgres,faculty_db,faculty,143,1.0,2026-09-04 18:56:53.598552+00:00
25304,FAC_145,faculty,postgres,faculty_db,faculty,144,1.0,2026-09-04 18:56:53.598552+00:00
25305,FAC_146,faculty,postgres,faculty_db,faculty,145,1.0,2026-09-04 18:56:53.598552+00:00
25306,FAC_147,faculty,postgres,faculty_db,faculty,146,1.0,2026-09-04 18:56:53.598552+00:00
25307,FAC_148,faculty,postgres,faculty_db,faculty,147,1.0,2026-09-04 18:56:53.598552+00:00
25308,FAC_149,faculty,postgres,faculty_db,faculty,148,1.0,2026-09-04 18:56:53.598552+00:00
25309,FAC_150,faculty,postgres,faculty_db,faculty,149,1.0,2026-09-04 18:56:53.598552+00:00
25310,FAC_151,faculty,postgres,faculty_db,faculty,150,1.0,2026-09-04 18:56:53.598552+00:00
25311,FAC_152,faculty,postgres,faculty_db,faculty,151,1.0,2026-09-04 18:56:53.598552+00:00
25312,FAC_153,faculty,postgres,faculty_db,faculty,152,1.0,2026-09-04 18:56:53.598552+00:00
25313,FAC_154,faculty,postgres,faculty_db,faculty,153,1.0,2026-09-04 18:56:53.598552+00:00
25314,FAC_155,faculty,postgres,faculty_db,faculty,154,1.0,2026-09-04 18:56:53.598552+00:00
25315,FAC_156,faculty,postgres,faculty_db,faculty,155,1.0,2026-09-04 18:56:53.598552+00:00
25316,FAC_157,faculty,postgres,faculty_db,faculty,156,1.0,2026-09-04 18:56:53.598552+00:00
25317,FAC_158,faculty,postgres,faculty_db,faculty,157,1.0,2026-09-04 18:56:53.598552+00:00
25318,FAC_159,faculty,postgres,faculty_db,faculty,158,1.0,2026-09-04 18:56:53.598552+00:00
25319,FAC_160,faculty,postgres,faculty_db,faculty,159,1.0,2026-09-04 18:56:53.598552+00:00
25320,FAC_161,faculty,postgres,faculty_db,faculty,160,1.0,2026-09-04 18:56:53.598552+00:00
25321,FAC_162,faculty,postgres,faculty_db,faculty,161,1.0,2026-09-04 18:56:53.598552+00:00
25322,FAC_163,faculty,postgres,faculty_db,faculty,162,1.0,2026-09-04 18:56:53.598552+00:00
25323,FAC_164,faculty,postgres,faculty_db,faculty,163,1.0,2026-09-04 18:56:53.598552+00:00
25324,FAC_165,faculty,postgres,faculty_db,faculty,164,1.0,2026-09-04 18:56:53.598552+00:00
25325,FAC_166,faculty,postgres,faculty_db,faculty,165,1.0,2026-09-04 18:56:53.598552+00:00
25326,FAC_167,faculty,postgres,faculty_db,faculty,166,1.0,2026-09-04 18:56:53.598552+00:00
25327,FAC_168,faculty,postgres,faculty_db,faculty,167,1.0,2026-09-04 18:56:53.598552+00:00
25328,FAC_169,faculty,postgres,faculty_db,faculty,168,1.0,2026-09-04 18:56:53.598552+00:00
25329,FAC_170,faculty,postgres,faculty_db,faculty,169,1.0,2026-09-04 18:56:53.598552+00:00
25330,FAC_171,faculty,postgres,faculty_db,faculty,170,1.0,2026-09-04 18:56:53.598552+00:00
25331,FAC_172,faculty,postgres,faculty_db,faculty,171,1.0,2026-09-04 18:56:53.598552+00:00
25332,FAC_173,faculty,postgres,faculty_db,faculty,172,1.0,2026-09-04 18:56:53.598552+00:00
25333,FAC_174,faculty,postgres,faculty_db,faculty,173,1.0,2026-09-04 18:56:53.598552+00:00
25334,FAC_175,faculty,postgres,faculty_db,faculty,174,1.0,2026-09-04 18:56:53.598552+00:00
25335,FAC_176,faculty,postgres,faculty_db,faculty,175,1.0,2026-09-04 18:56:53.598552+00:00
25336,FAC_177,faculty,postgres,faculty_db,faculty,176,1.0,2026-09-04 18:56:53.598552+00:00
25337,FAC_178,faculty,postgres,faculty_db,faculty,177,1.0,2026-09-04 18:56:53.598552+00:00
25338,FAC_179,faculty,postgres,faculty_db,faculty,178,1.0,2026-09-04 18:56:53.598552+00:00
25339,FAC_180,faculty,postgres,faculty_db,faculty,179,1.0,2026-09-04 18:56:53.598552+00:00
25340,FAC_181,faculty,postgres,faculty_db,faculty,180,1.0,2026-09-04 18:56:53.598552+00:00
25341,FAC_182,faculty,postgres,faculty_db,faculty,181,1.0,2026-09-04 18:56:53.598552+00:00
25342,FAC_183,faculty,postgres,faculty_db,faculty,182,1.0,2026-09-04 18:56:53.598552+00:00
25343,FAC_184,faculty,postgres,faculty_db,faculty,183,1.0,2026-09-04 18:56:53.598552+00:00
25344,FAC_185,faculty,postgres,faculty_db,faculty,184,1.0,2026-09-04 18:56:53.598552+00:00
25345,FAC_186,faculty,postgres,faculty_db,faculty,185,1.0,2026-09-04 18:56:53.598552+00:00
25346,FAC_187,faculty,postgres,faculty_db,faculty,186,1.0,2026-09-04 18:56:53.598552+00:00
25347,FAC_188,faculty,postgres,faculty_db,faculty,187,1.0,2026-09-04 18:56:53.598552+00:00
25348,FAC_189,faculty,postgres,faculty_db,faculty,188,1.0,2026-09-04 18:56:53.598552+00:00
25349,FAC_190,faculty,postgres,faculty_db,faculty,189,1.0,2026-09-04 18:56:53.598552+00:00
25350,FAC_191,faculty,postgres,faculty_db,faculty,190,1.0,2026-09-04 18:56:53.598552+00:00
25351,FAC_192,faculty,postgres,faculty_db,faculty,191,1.0,2026-09-04 18:56:53.598552+00:00
25352,FAC_193,faculty,postgres,faculty_db,faculty,192,1.0,2026-09-04 18:56:53.598552+00:00
25353,FAC_194,faculty,postgres,faculty_db,faculty,193,1.0,2026-09-04 18:56:53.598552+00:00
25354,FAC_195,faculty,postgres,faculty_db,faculty,194,1.0,2026-09-04 18:56:53.598552+00:00
25355,FAC_196,faculty,postgres,faculty_db,faculty,195,1.0,2026-09-04 18:56:53.598552+00:00
25356,FAC_197,faculty,postgres,faculty_db,faculty,196,1.0,2026-09-04 18:56:53.598552+00:00
25357,FAC_198,faculty,postgres,faculty_db,faculty,197,1.0,2026-09-04 18:56:53.598552+00:00
25358,FAC_199,faculty,postgres,faculty_db,faculty,198,1.0,2026-09-04 18:56:53.598552+00:00
25359,FAC_200,faculty,postgres,faculty_db,faculty,199,1.0,2026-09-04 18:56:53.598552+00:00
25360,FAC_201,faculty,postgres,faculty_db,faculty,200,1.0,2026-09-04 18:56:53.598552+00:00
25361,FAC_202,faculty,postgres,faculty_db,faculty,201,1.0,2026-09-04 18:56:53.598552+00:00
25362,FAC_203,faculty,postgres,faculty_db,faculty,202,1.0,2026-09-04 18:56:53.598552+00:00
25363,FAC_204,faculty,postgres,faculty_db,faculty,203,1.0,2026-09-04 18:56:53.598552+00:00
25364,FAC_205,faculty,postgres,faculty_db,faculty,204,1.0,2026-09-04 18:56:53.598552+00:00
25365,FAC_206,faculty,postgres,faculty_db,faculty,205,1.0,2026-09-04 18:56:53.598552+00:00
25366,FAC_207,faculty,postgres,faculty_db,faculty,206,1.0,2026-09-04 18:56:53.598552+00:00
25367,FAC_208,faculty,postgres,faculty_db,faculty,207,1.0,2026-09-04 18:56:53.598552+00:00
25368,FAC_209,faculty,postgres,faculty_db,faculty,208,1.0,2026-09-04 18:56:53.598552+00:00
25369,FAC_210,faculty,postgres,faculty_db,faculty,209,1.0,2026-09-04 18:56:53.598552+00:00
25370,FAC_211,faculty,postgres,faculty_db,faculty,210,1.0,2026-09-04 18:56:53.598552+00:00
25371,FAC_212,faculty,postgres,faculty_db,faculty,211,1.0,2026-09-04 18:56:53.598552+00:00
25372,FAC_213,faculty,postgres,faculty_db,faculty,212,1.0,2026-09-04 18:56:53.598552+00:00
25373,FAC_214,faculty,postgres,faculty_db,faculty,213,1.0,2026-09-04 18:56:53.598552+00:00
25374,FAC_215,faculty,postgres,faculty_db,faculty,214,1.0,2026-09-04 18:56:53.598552+00:00
25375,FAC_216,faculty,postgres,faculty_db,faculty,215,1.0,2026-09-04 18:56:53.598552+00:00
25376,FAC_217,faculty,postgres,faculty_db,faculty,216,1.0,2026-09-04 18:56:53.598552+00:00
25377,FAC_218,faculty,postgres,faculty_db,faculty,217,1.0,2026-09-04 18:56:53.598552+00:00
25378,FAC_219,faculty,postgres,faculty_db,faculty,218,1.0,2026-09-04 18:56:53.598552+00:00
25379,FAC_220,faculty,postgres,faculty_db,faculty,219,1.0,2026-09-04 18:56:53.598552+00:00
25380,FAC_221,faculty,postgres,faculty_db,faculty,220,1.0,2026-09-04 18:56:53.598552+00:00
25381,FAC_222,faculty,postgres,faculty_db,faculty,221,1.0,2026-09-04 18:56:53.598552+00:00
25382,FAC_223,faculty,postgres,faculty_db,faculty,222,1.0,2026-09-04 18:56:53.598552+00:00
25383,FAC_224,faculty,postgres,faculty_db,faculty,223,1.0,2026-09-04 18:56:53.598552+00:00
25384,FAC_225,faculty,postgres,faculty_db,faculty,224,1.0,2026-09-04 18:56:53.598552+00:00
25385,FAC_226,faculty,postgres,faculty_db,faculty,225,1.0,2026-09-04 18:56:53.598552+00:00
25386,FAC_227,faculty,postgres,faculty_db,faculty,226,1.0,2026-09-04 18:56:53.598552+00:00
25387,FAC_228,faculty,postgres,faculty_db,faculty,227,1.0,2026-09-04 18:56:53.598552+00:00
25388,FAC_229,faculty,postgres,faculty_db,faculty,228,1.0,2026-09-04 18:56:53.598552+00:00
25389,FAC_230,faculty,postgres,faculty_db,faculty,229,1.0,2026-09-04 18:56:53.598552+00:00
25390,FAC_231,faculty,postgres,faculty_db,faculty,230,1.0,2026-09-04 18:56:53.598552+00:00
25391,FAC_232,faculty,postgres,faculty_db,faculty,231,1.0,2026-09-04 18:56:53.598552+00:00
25392,FAC_233,faculty,postgres,faculty_db,faculty,232,1.0,2026-09-04 18:56:53.598552+00:00
25393,FAC_234,faculty,postgres,faculty_db,faculty,233,1.0,2026-09-04 18:56:53.598552+00:00
25394,FAC_235,faculty,postgres,faculty_db,faculty,234,1.0,2026-09-04 18:56:53.598552+00:00
25395,FAC_236,faculty,postgres,faculty_db,faculty,235,1.0,2026-09-04 18:56:53.598552+00:00
25396,FAC_237,faculty,postgres,faculty_db,faculty,236,1.0,2026-09-04 18:56:53.598552+00:00
25397,FAC_238,faculty,postgres,faculty_db,faculty,237,1.0,2026-09-04 18:56:53.598552+00:00
25398,FAC_239,faculty,postgres,faculty_db,faculty,238,1.0,2026-09-04 18:56:53.598552+00:00
25399,FAC_240,faculty,postgres,faculty_db,faculty,239,1.0,2026-09-04 18:56:53.598552+00:00
25400,FAC_241,faculty,postgres,faculty_db,faculty,240,1.0,2026-09-04 18:56:53.598552+00:00
25401,FAC_242,faculty,postgres,faculty_db,faculty,241,1.0,2026-09-04 18:56:53.598552+00:00
25402,FAC_243,faculty,postgres,faculty_db,faculty,242,1.0,2026-09-04 18:56:53.598552+00:00
25403,FAC_244,faculty,postgres,faculty_db,faculty,243,1.0,2026-09-04 18:56:53.598552+00:00
25404,FAC_245,faculty,postgres,faculty_db,faculty,244,1.0,2026-09-04 18:56:53.598552+00:00
25405,FAC_246,faculty,postgres,faculty_db,faculty,245,1.0,2026-09-04 18:56:53.598552+00:00
25406,FAC_247,faculty,postgres,faculty_db,faculty,246,1.0,2026-09-04 18:56:53.598552+00:00
25407,FAC_248,faculty,postgres,faculty_db,faculty,247,1.0,2026-09-04 18:56:53.598552+00:00
25408,FAC_249,faculty,postgres,faculty_db,faculty,248,1.0,2026-09-04 18:56:53.598552+00:00
25409,FAC_250,faculty,postgres,faculty_db,faculty,249,1.0,2026-09-04 18:56:53.598552+00:00
25410,FAC_251,faculty,postgres,faculty_db,faculty,250,1.0,2026-09-04 18:56:53.598552+00:00
25411,FAC_252,faculty,postgres,faculty_db,faculty,251,1.0,2026-09-04 18:56:53.598552+00:00
25412,FAC_253,faculty,postgres,faculty_db,faculty,252,1.0,2026-09-04 18:56:53.598552+00:00
25413,FAC_254,faculty,postgres,faculty_db,faculty,253,1.0,2026-09-04 18:56:53.598552+00:00
25414,FAC_255,faculty,postgres,faculty_db,faculty,254,1.0,2026-09-04 18:56:53.598552+00:00
25415,FAC_256,faculty,postgres,faculty_db,faculty,255,1.0,2026-09-04 18:56:53.598552+00:00
25416,FAC_257,faculty,postgres,faculty_db,faculty,256,1.0,2026-09-04 18:56:53.598552+00:00
25417,FAC_258,faculty,postgres,faculty_db,faculty,257,1.0,2026-09-04 18:56:53.598552+00:00
25418,FAC_259,faculty,postgres,faculty_db,faculty,258,1.0,2026-09-04 18:56:53.598552+00:00
25419,FAC_260,faculty,postgres,faculty_db,faculty,259,1.0,2026-09-04 18:56:53.598552+00:00
25420,FAC_261,faculty,postgres,faculty_db,faculty,260,1.0,2026-09-04 18:56:53.598552+00:00
25421,FAC_262,faculty,postgres,faculty_db,faculty,261,1.0,2026-09-04 18:56:53.598552+00:00
25422,FAC_263,faculty,postgres,faculty_db,faculty,262,1.0,2026-09-04 18:56:53.598552+00:00
25423,FAC_264,faculty,postgres,faculty_db,faculty,263,1.0,2026-09-04 18:56:53.598552+00:00
25424,FAC_265,faculty,postgres,faculty_db,faculty,264,1.0,2026-09-04 18:56:53.598552+00:00
25425,FAC_266,faculty,postgres,faculty_db,faculty,265,1.0,2026-09-04 18:56:53.598552+00:00
25426,FAC_267,faculty,postgres,faculty_db,faculty,266,1.0,2026-09-04 18:56:53.598552+00:00
25427,FAC_268,faculty,postgres,faculty_db,faculty,267,1.0,2026-09-04 18:56:53.598552+00:00
25428,FAC_269,faculty,postgres,faculty_db,faculty,268,1.0,2026-09-04 18:56:53.598552+00:00
25429,FAC_270,faculty,postgres,faculty_db,faculty,269,1.0,2026-09-04 18:56:53.598552+00:00
25430,FAC_271,faculty,postgres,faculty_db,faculty,270,1.0,2026-09-04 18:56:53.598552+00:00
25431,FAC_272,faculty,postgres,faculty_db,faculty,271,1.0,2026-09-04 18:56:53.598552+00:00
25432,FAC_273,faculty,postgres,faculty_db,faculty,272,1.0,2026-09-04 18:56:53.598552+00:00
25433,FAC_274,faculty,postgres,faculty_db,faculty,273,1.0,2026-09-04 18:56:53.598552+00:00
25434,FAC_275,faculty,postgres,faculty_db,faculty,274,1.0,2026-09-04 18:56:53.598552+00:00
25435,FAC_276,faculty,postgres,faculty_db,faculty,275,1.0,2026-09-04 18:56:53.598552+00:00
25436,FAC_277,faculty,postgres,faculty_db,faculty,276,1.0,2026-09-04 18:56:53.598552+00:00
25437,FAC_278,faculty,postgres,faculty_db,faculty,277,1.0,2026-09-04 18:56:53.598552+00:00
25438,FAC_279,faculty,postgres,faculty_db,faculty,278,1.0,2026-09-04 18:56:53.598552+00:00
25439,FAC_280,faculty,postgres,faculty_db,faculty,279,1.0,2026-09-04 18:56:53.598552+00:00
25440,FAC_281,faculty,postgres,faculty_db,faculty,280,1.0,2026-09-04 18:56:53.598552+00:00
25441,FAC_282,faculty,postgres,faculty_db,faculty,281,1.0,2026-09-04 18:56:53.598552+00:00
25442,FAC_283,faculty,postgres,faculty_db,faculty,282,1.0,2026-09-04 18:56:53.598552+00:00
25443,FAC_284,faculty,postgres,faculty_db,faculty,283,1.0,2026-09-04 18:56:53.598552+00:00
25444,FAC_285,faculty,postgres,faculty_db,faculty,284,1.0,2026-09-04 18:56:53.598552+00:00
25445,FAC_286,faculty,postgres,faculty_db,faculty,285,1.0,2026-09-04 18:56:53.598552+00:00
25446,FAC_287,faculty,postgres,faculty_db,faculty,286,1.0,2026-09-04 18:56:53.598552+00:00
25447,FAC_288,faculty,postgres,faculty_db,faculty,287,1.0,2026-09-04 18:56:53.598552+00:00
25448,FAC_289,faculty,postgres,faculty_db,faculty,288,1.0,2026-09-04 18:56:53.598552+00:00
25449,FAC_290,faculty,postgres,faculty_db,faculty,289,1.0,2026-09-04 18:56:53.598552+00:00
25450,FAC_291,faculty,postgres,faculty_db,faculty,290,1.0,2026-09-04 18:56:53.598552+00:00
25451,FAC_292,faculty,postgres,faculty_db,faculty,291,1.0,2026-09-04 18:56:53.598552+00:00
25452,FAC_293,faculty,postgres,faculty_db,faculty,292,1.0,2026-09-04 18:56:53.598552+00:00
25453,FAC_294,faculty,postgres,faculty_db,faculty,293,1.0,2026-09-04 18:56:53.598552+00:00
25454,FAC_295,faculty,postgres,faculty_db,faculty,294,1.0,2026-09-04 18:56:53.598552+00:00
25455,FAC_296,faculty,postgres,faculty_db,faculty,295,1.0,2026-09-04 18:56:53.598552+00:00
25456,FAC_297,faculty,postgres,faculty_db,faculty,296,1.0,2026-09-04 18:56:53.598552+00:00
25457,FAC_298,faculty,postgres,faculty_db,faculty,297,1.0,2026-09-04 18:56:53.598552+00:00
25458,FAC_299,faculty,postgres,faculty_db,faculty,298,1.0,2026-09-04 18:56:53.598552+00:00
25459,FAC_300,faculty,postgres,faculty_db,faculty,299,1.0,2026-09-04 18:56:53.598552+00:00
25460,FAC_301,faculty,postgres,faculty_db,faculty,300,1.0,2026-09-04 18:56:53.598552+00:00
25461,FAC_302,faculty,postgres,faculty_db,faculty,301,1.0,2026-09-04 18:56:53.598552+00:00
25462,FAC_303,faculty,postgres,faculty_db,faculty,302,1.0,2026-09-04 18:56:53.598552+00:00
25463,FAC_304,faculty,postgres,faculty_db,faculty,303,1.0,2026-09-04 18:56:53.598552+00:00
25464,FAC_305,faculty,postgres,faculty_db,faculty,304,1.0,2026-09-04 18:56:53.598552+00:00
25465,FAC_306,faculty,postgres,faculty_db,faculty,305,1.0,2026-09-04 18:56:53.598552+00:00
25466,FAC_307,faculty,postgres,faculty_db,faculty,306,1.0,2026-09-04 18:56:53.598552+00:00
25467,FAC_308,faculty,postgres,faculty_db,faculty,307,1.0,2026-09-04 18:56:53.598552+00:00
25468,FAC_309,faculty,postgres,faculty_db,faculty,308,1.0,2026-09-04 18:56:53.598552+00:00
25469,FAC_310,faculty,postgres,faculty_db,faculty,309,1.0,2026-09-04 18:56:53.598552+00:00
25470,FAC_311,faculty,postgres,faculty_db,faculty,310,1.0,2026-09-04 18:56:53.598552+00:00
25471,FAC_312,faculty,postgres,faculty_db,faculty,311,1.0,2026-09-04 18:56:53.598552+00:00
25472,FAC_313,faculty,postgres,faculty_db,faculty,312,1.0,2026-09-04 18:56:53.598552+00:00
25473,FAC_314,faculty,postgres,faculty_db,faculty,313,1.0,2026-09-04 18:56:53.598552+00:00
25474,FAC_315,faculty,postgres,faculty_db,faculty,314,1.0,2026-09-04 18:56:53.598552+00:00
25475,FAC_316,faculty,postgres,faculty_db,faculty,315,1.0,2026-09-04 18:56:53.598552+00:00
25476,FAC_317,faculty,postgres,faculty_db,faculty,316,1.0,2026-09-04 18:56:53.598552+00:00
25477,FAC_318,faculty,postgres,faculty_db,faculty,317,1.0,2026-09-04 18:56:53.598552+00:00
25478,FAC_319,faculty,postgres,faculty_db,faculty,318,1.0,2026-09-04 18:56:53.598552+00:00
25479,FAC_320,faculty,postgres,faculty_db,faculty,319,1.0,2026-09-04 18:56:53.598552+00:00
25480,FAC_321,faculty,postgres,faculty_db,faculty,320,1.0,2026-09-04 18:56:53.598552+00:00
25481,FAC_322,faculty,postgres,faculty_db,faculty,321,1.0,2026-09-04 18:56:53.598552+00:00
25482,FAC_323,faculty,postgres,faculty_db,faculty,322,1.0,2026-09-04 18:56:53.598552+00:00
25483,FAC_324,faculty,postgres,faculty_db,faculty,323,1.0,2026-09-04 18:56:53.598552+00:00
25484,FAC_325,faculty,postgres,faculty_db,faculty,324,1.0,2026-09-04 18:56:53.598552+00:00
25485,FAC_326,faculty,postgres,faculty_db,faculty,325,1.0,2026-09-04 18:56:53.598552+00:00
25486,FAC_327,faculty,postgres,faculty_db,faculty,326,1.0,2026-09-04 18:56:53.598552+00:00
25487,FAC_328,faculty,postgres,faculty_db,faculty,327,1.0,2026-09-04 18:56:53.598552+00:00
25488,FAC_329,faculty,postgres,faculty_db,faculty,328,1.0,2026-09-04 18:56:53.598552+00:00
25489,FAC_330,faculty,postgres,faculty_db,faculty,329,1.0,2026-09-04 18:56:53.598552+00:00
25490,FAC_331,faculty,postgres,faculty_db,faculty,330,1.0,2026-09-04 18:56:53.598552+00:00
25491,FAC_332,faculty,postgres,faculty_db,faculty,331,1.0,2026-09-04 18:56:53.598552+00:00
25492,FAC_333,faculty,postgres,faculty_db,faculty,332,1.0,2026-09-04 18:56:53.598552+00:00
25493,FAC_334,faculty,postgres,faculty_db,faculty,333,1.0,2026-09-04 18:56:53.598552+00:00
25494,FAC_335,faculty,postgres,faculty_db,faculty,334,1.0,2026-09-04 18:56:53.598552+00:00
25495,FAC_336,faculty,postgres,faculty_db,faculty,335,1.0,2026-09-04 18:56:53.598552+00:00
25496,FAC_337,faculty,postgres,faculty_db,faculty,336,1.0,2026-09-04 18:56:53.598552+00:00
25497,FAC_338,faculty,postgres,faculty_db,faculty,337,1.0,2026-09-04 18:56:53.598552+00:00
25498,FAC_339,faculty,postgres,faculty_db,faculty,338,1.0,2026-09-04 18:56:53.598552+00:00
25499,FAC_340,faculty,postgres,faculty_db,faculty,339,1.0,2026-09-04 18:56:53.598552+00:00
25500,FAC_341,faculty,postgres,faculty_db,faculty,340,1.0,2026-09-04 18:56:53.598552+00:00
25501,FAC_342,faculty,postgres,faculty_db,faculty,341,1.0,2026-09-04 18:56:53.598552+00:00
25502,FAC_343,faculty,postgres,faculty_db,faculty,342,1.0,2026-09-04 18:56:53.598552+00:00
25503,FAC_344,faculty,postgres,faculty_db,faculty,343,1.0,2026-09-04 18:56:53.598552+00:00
25504,FAC_345,faculty,postgres,faculty_db,faculty,344,1.0,2026-09-04 18:56:53.598552+00:00
25505,FAC_346,faculty,postgres,faculty_db,faculty,345,1.0,2026-09-04 18:56:53.598552+00:00
25506,FAC_347,faculty,postgres,faculty_db,faculty,346,1.0,2026-09-04 18:56:53.598552+00:00
25507,FAC_348,faculty,postgres,faculty_db,faculty,347,1.0,2026-09-04 18:56:53.598552+00:00
25508,FAC_349,faculty,postgres,faculty_db,faculty,348,1.0,2026-09-04 18:56:53.598552+00:00
25509,FAC_350,faculty,postgres,faculty_db,faculty,349,1.0,2026-09-04 18:56:53.598552+00:00
25510,FAC_351,faculty,postgres,faculty_db,faculty,350,1.0,2026-09-04 18:56:53.598552+00:00
25511,FAC_352,faculty,postgres,faculty_db,faculty,351,1.0,2026-09-04 18:56:53.598552+00:00
25512,FAC_353,faculty,postgres,faculty_db,faculty,352,1.0,2026-09-04 18:56:53.598552+00:00
25513,FAC_354,faculty,postgres,faculty_db,faculty,353,1.0,2026-09-04 18:56:53.598552+00:00
25514,FAC_355,faculty,postgres,faculty_db,faculty,354,1.0,2026-09-04 18:56:53.598552+00:00
25515,FAC_356,faculty,postgres,faculty_db,faculty,355,1.0,2026-09-04 18:56:53.598552+00:00
25516,FAC_357,faculty,postgres,faculty_db,faculty,356,1.0,2026-09-04 18:56:53.598552+00:00
25517,FAC_358,faculty,postgres,faculty_db,faculty,357,1.0,2026-09-04 18:56:53.598552+00:00
25518,FAC_359,faculty,postgres,faculty_db,faculty,358,1.0,2026-09-04 18:56:53.598552+00:00
25519,FAC_360,faculty,postgres,faculty_db,faculty,359,1.0,2026-09-04 18:56:53.598552+00:00
25520,FAC_566,faculty,postgres,faculty_db,faculty,360,1.0,2026-09-04 18:56:53.598552+00:00
25521,FAC_361,faculty,postgres,faculty_db,faculty,361,1.0,2026-09-04 18:56:53.598552+00:00
25522,FAC_362,faculty,postgres,faculty_db,faculty,362,1.0,2026-09-04 18:56:53.598552+00:00
25523,FAC_363,faculty,postgres,faculty_db,faculty,363,1.0,2026-09-04 18:56:53.598552+00:00
25524,FAC_364,faculty,postgres,faculty_db,faculty,364,1.0,2026-09-04 18:56:53.598552+00:00
25525,FAC_365,faculty,postgres,faculty_db,faculty,365,1.0,2026-09-04 18:56:53.598552+00:00
25526,FAC_366,faculty,postgres,faculty_db,faculty,366,1.0,2026-09-04 18:56:53.598552+00:00
25527,FAC_367,faculty,postgres,faculty_db,faculty,367,1.0,2026-09-04 18:56:53.598552+00:00
25528,FAC_368,faculty,postgres,faculty_db,faculty,368,1.0,2026-09-04 18:56:53.598552+00:00
25529,FAC_369,faculty,postgres,faculty_db,faculty,369,1.0,2026-09-04 18:56:53.598552+00:00
25530,FAC_370,faculty,postgres,faculty_db,faculty,370,1.0,2026-09-04 18:56:53.598552+00:00
25531,FAC_371,faculty,postgres,faculty_db,faculty,371,1.0,2026-09-04 18:56:53.598552+00:00
25532,FAC_372,faculty,postgres,faculty_db,faculty,372,1.0,2026-09-04 18:56:53.598552+00:00
25533,FAC_373,faculty,postgres,faculty_db,faculty,373,1.0,2026-09-04 18:56:53.598552+00:00
25534,FAC_374,faculty,postgres,faculty_db,faculty,374,1.0,2026-09-04 18:56:53.598552+00:00
25535,FAC_375,faculty,postgres,faculty_db,faculty,375,1.0,2026-09-04 18:56:53.598552+00:00
25536,FAC_376,faculty,postgres,faculty_db,faculty,376,1.0,2026-09-04 18:56:53.598552+00:00
25537,FAC_377,faculty,postgres,faculty_db,faculty,377,1.0,2026-09-04 18:56:53.598552+00:00
25538,FAC_378,faculty,postgres,faculty_db,faculty,378,1.0,2026-09-04 18:56:53.598552+00:00
25539,FAC_379,faculty,postgres,faculty_db,faculty,379,1.0,2026-09-04 18:56:53.598552+00:00
25540,FAC_380,faculty,postgres,faculty_db,faculty,380,1.0,2026-09-04 18:56:53.598552+00:00
25541,FAC_381,faculty,postgres,faculty_db,faculty,381,1.0,2026-09-04 18:56:53.598552+00:00
25542,FAC_382,faculty,postgres,faculty_db,faculty,382,1.0,2026-09-04 18:56:53.598552+00:00
25543,FAC_383,faculty,postgres,faculty_db,faculty,383,1.0,2026-09-04 18:56:53.598552+00:00
25544,FAC_384,faculty,postgres,faculty_db,faculty,384,1.0,2026-09-04 18:56:53.598552+00:00
25545,FAC_385,faculty,postgres,faculty_db,faculty,385,1.0,2026-09-04 18:56:53.598552+00:00
25546,FAC_386,faculty,postgres,faculty_db,faculty,386,1.0,2026-09-04 18:56:53.598552+00:00
25547,FAC_387,faculty,postgres,faculty_db,faculty,387,1.0,2026-09-04 18:56:53.598552+00:00
25548,FAC_388,faculty,postgres,faculty_db,faculty,388,1.0,2026-09-04 18:56:53.598552+00:00
25549,FAC_389,faculty,postgres,faculty_db,faculty,389,1.0,2026-09-04 18:56:53.598552+00:00
25550,FAC_390,faculty,postgres,faculty_db,faculty,390,1.0,2026-09-04 18:56:53.598552+00:00
25551,FAC_391,faculty,postgres,faculty_db,faculty,391,1.0,2026-09-04 18:56:53.598552+00:00
25552,FAC_392,faculty,postgres,faculty_db,faculty,392,1.0,2026-09-04 18:56:53.598552+00:00
25553,FAC_393,faculty,postgres,faculty_db,faculty,393,1.0,2026-09-04 18:56:53.598552+00:00
25554,FAC_394,faculty,postgres,faculty_db,faculty,394,1.0,2026-09-04 18:56:53.598552+00:00
25555,FAC_395,faculty,postgres,faculty_db,faculty,395,1.0,2026-09-04 18:56:53.598552+00:00
25556,FAC_396,faculty,postgres,faculty_db,faculty,396,1.0,2026-09-04 18:56:53.598552+00:00
25557,FAC_397,faculty,postgres,faculty_db,faculty,397,1.0,2026-09-04 18:56:53.598552+00:00
25558,FAC_398,faculty,postgres,faculty_db,faculty,398,1.0,2026-09-04 18:56:53.598552+00:00
25559,FAC_399,faculty,postgres,faculty_db,faculty,399,1.0,2026-09-04 18:56:53.598552+00:00
25560,FAC_400,faculty,postgres,faculty_db,faculty,400,1.0,2026-09-04 18:56:53.598552+00:00
25561,FAC_401,faculty,postgres,faculty_db,faculty,401,1.0,2026-09-04 18:56:53.598552+00:00
25562,FAC_402,faculty,postgres,faculty_db,faculty,402,1.0,2026-09-04 18:56:53.598552+00:00
25563,FAC_403,faculty,postgres,faculty_db,faculty,403,1.0,2026-09-04 18:56:53.598552+00:00
25564,FAC_404,faculty,postgres,faculty_db,faculty,404,1.0,2026-09-04 18:56:53.598552+00:00
25565,FAC_405,faculty,postgres,faculty_db,faculty,405,1.0,2026-09-04 18:56:53.598552+00:00
25566,FAC_406,faculty,postgres,faculty_db,faculty,406,1.0,2026-09-04 18:56:53.598552+00:00
25567,FAC_407,faculty,postgres,faculty_db,faculty,407,1.0,2026-09-04 18:56:53.598552+00:00
25568,FAC_408,faculty,postgres,faculty_db,faculty,408,1.0,2026-09-04 18:56:53.598552+00:00
25569,FAC_409,faculty,postgres,faculty_db,faculty,409,1.0,2026-09-04 18:56:53.598552+00:00
25570,FAC_410,faculty,postgres,faculty_db,faculty,410,1.0,2026-09-04 18:56:53.598552+00:00
25571,FAC_411,faculty,postgres,faculty_db,faculty,411,1.0,2026-09-04 18:56:53.598552+00:00
25572,FAC_412,faculty,postgres,faculty_db,faculty,412,1.0,2026-09-04 18:56:53.598552+00:00
25573,FAC_413,faculty,postgres,faculty_db,faculty,413,1.0,2026-09-04 18:56:53.598552+00:00
25574,FAC_414,faculty,postgres,faculty_db,faculty,414,1.0,2026-09-04 18:56:53.598552+00:00
25575,FAC_415,faculty,postgres,faculty_db,faculty,415,1.0,2026-09-04 18:56:53.598552+00:00
25576,FAC_416,faculty,postgres,faculty_db,faculty,416,1.0,2026-09-04 18:56:53.598552+00:00
25577,FAC_417,faculty,postgres,faculty_db,faculty,417,1.0,2026-09-04 18:56:53.598552+00:00
25578,FAC_418,faculty,postgres,faculty_db,faculty,418,1.0,2026-09-04 18:56:53.598552+00:00
25579,FAC_419,faculty,postgres,faculty_db,faculty,419,1.0,2026-09-04 18:56:53.598552+00:00
25580,FAC_420,faculty,postgres,faculty_db,faculty,420,1.0,2026-09-04 18:56:53.598552+00:00
25581,FAC_421,faculty,postgres,faculty_db,faculty,421,1.0,2026-09-04 18:56:53.598552+00:00
25582,FAC_422,faculty,postgres,faculty_db,faculty,422,1.0,2026-09-04 18:56:53.598552+00:00
25583,FAC_423,faculty,postgres,faculty_db,faculty,423,1.0,2026-09-04 18:56:53.598552+00:00
25584,FAC_424,faculty,postgres,faculty_db,faculty,424,1.0,2026-09-04 18:56:53.598552+00:00
25585,FAC_425,faculty,postgres,faculty_db,faculty,425,1.0,2026-09-04 18:56:53.598552+00:00
25586,FAC_426,faculty,postgres,faculty_db,faculty,426,1.0,2026-09-04 18:56:53.598552+00:00
25587,FAC_427,faculty,postgres,faculty_db,faculty,427,1.0,2026-09-04 18:56:53.598552+00:00
25588,FAC_428,faculty,postgres,faculty_db,faculty,428,1.0,2026-09-04 18:56:53.598552+00:00
25589,FAC_429,faculty,postgres,faculty_db,faculty,429,1.0,2026-09-04 18:56:53.598552+00:00
25590,FAC_430,faculty,postgres,faculty_db,faculty,430,1.0,2026-09-04 18:56:53.598552+00:00
25591,FAC_431,faculty,postgres,faculty_db,faculty,431,1.0,2026-09-04 18:56:53.598552+00:00
25592,FAC_432,faculty,postgres,faculty_db,faculty,432,1.0,2026-09-04 18:56:53.598552+00:00
25593,FAC_433,faculty,postgres,faculty_db,faculty,433,1.0,2026-09-04 18:56:53.598552+00:00
25594,FAC_434,faculty,postgres,faculty_db,faculty,434,1.0,2026-09-04 18:56:53.598552+00:00
25595,FAC_435,faculty,postgres,faculty_db,faculty,435,1.0,2026-09-04 18:56:53.598552+00:00
25596,FAC_436,faculty,postgres,faculty_db,faculty,436,1.0,2026-09-04 18:56:53.598552+00:00
25597,FAC_437,faculty,postgres,faculty_db,faculty,437,1.0,2026-09-04 18:56:53.598552+00:00
25598,FAC_438,faculty,postgres,faculty_db,faculty,438,1.0,2026-09-04 18:56:53.598552+00:00
25599,FAC_439,faculty,postgres,faculty_db,faculty,439,1.0,2026-09-04 18:56:53.598552+00:00
25600,FAC_440,faculty,postgres,faculty_db,faculty,440,1.0,2026-09-04 18:56:53.598552+00:00
25601,FAC_441,faculty,postgres,faculty_db,faculty,441,1.0,2026-09-04 18:56:53.598552+00:00
25602,FAC_442,faculty,postgres,faculty_db,faculty,442,1.0,2026-09-04 18:56:53.598552+00:00
25603,FAC_443,faculty,postgres,faculty_db,faculty,443,1.0,2026-09-04 18:56:53.598552+00:00
25604,FAC_444,faculty,postgres,faculty_db,faculty,444,1.0,2026-09-04 18:56:53.598552+00:00
25605,FAC_445,faculty,postgres,faculty_db,faculty,445,1.0,2026-09-04 18:56:53.598552+00:00
25606,FAC_446,faculty,postgres,faculty_db,faculty,446,1.0,2026-09-04 18:56:53.598552+00:00
25607,FAC_447,faculty,postgres,faculty_db,faculty,447,1.0,2026-09-04 18:56:53.598552+00:00
25608,FAC_448,faculty,postgres,faculty_db,faculty,448,1.0,2026-09-04 18:56:53.598552+00:00
25609,FAC_449,faculty,postgres,faculty_db,faculty,449,1.0,2026-09-04 18:56:53.598552+00:00
25610,FAC_450,faculty,postgres,faculty_db,faculty,450,1.0,2026-09-04 18:56:53.598552+00:00
25611,FAC_451,faculty,postgres,faculty_db,faculty,451,1.0,2026-09-04 18:56:53.598552+00:00
25612,FAC_452,faculty,postgres,faculty_db,faculty,452,1.0,2026-09-04 18:56:53.598552+00:00
25613,FAC_453,faculty,postgres,faculty_db,faculty,453,1.0,2026-09-04 18:56:53.598552+00:00
25614,FAC_454,faculty,postgres,faculty_db,faculty,454,1.0,2026-09-04 18:56:53.598552+00:00
25615,FAC_455,faculty,postgres,faculty_db,faculty,455,1.0,2026-09-04 18:56:53.598552+00:00
25616,FAC_456,faculty,postgres,faculty_db,faculty,456,1.0,2026-09-04 18:56:53.598552+00:00
25617,FAC_457,faculty,postgres,faculty_db,faculty,457,1.0,2026-09-04 18:56:53.598552+00:00
25618,FAC_458,faculty,postgres,faculty_db,faculty,458,1.0,2026-09-04 18:56:53.598552+00:00
25619,FAC_459,faculty,postgres,faculty_db,faculty,459,1.0,2026-09-04 18:56:53.598552+00:00
25620,FAC_460,faculty,postgres,faculty_db,faculty,460,1.0,2026-09-04 18:56:53.598552+00:00
25621,FAC_461,faculty,postgres,faculty_db,faculty,461,1.0,2026-09-04 18:56:53.598552+00:00
25622,FAC_462,faculty,postgres,faculty_db,faculty,462,1.0,2026-09-04 18:56:53.598552+00:00
25623,FAC_463,faculty,postgres,faculty_db,faculty,463,1.0,2026-09-04 18:56:53.598552+00:00
25624,FAC_464,faculty,postgres,faculty_db,faculty,464,1.0,2026-09-04 18:56:53.598552+00:00
25625,FAC_465,faculty,postgres,faculty_db,faculty,465,1.0,2026-09-04 18:56:53.598552+00:00
25626,FAC_466,faculty,postgres,faculty_db,faculty,466,1.0,2026-09-04 18:56:53.598552+00:00
25627,FAC_467,faculty,postgres,faculty_db,faculty,467,1.0,2026-09-04 18:56:53.598552+00:00
25628,FAC_468,faculty,postgres,faculty_db,faculty,468,1.0,2026-09-04 18:56:53.598552+00:00
25629,FAC_469,faculty,postgres,faculty_db,faculty,469,1.0,2026-09-04 18:56:53.598552+00:00
25630,FAC_470,faculty,postgres,faculty_db,faculty,470,1.0,2026-09-04 18:56:53.598552+00:00
25631,FAC_471,faculty,postgres,faculty_db,faculty,471,1.0,2026-09-04 18:56:53.598552+00:00
25632,FAC_472,faculty,postgres,faculty_db,faculty,472,1.0,2026-09-04 18:56:53.598552+00:00
25633,FAC_473,faculty,postgres,faculty_db,faculty,473,1.0,2026-09-04 18:56:53.598552+00:00
25634,FAC_474,faculty,postgres,faculty_db,faculty,474,1.0,2026-09-04 18:56:53.598552+00:00
25635,FAC_475,faculty,postgres,faculty_db,faculty,475,1.0,2026-09-04 18:56:53.598552+00:00
25636,FAC_476,faculty,postgres,faculty_db,faculty,476,1.0,2026-09-04 18:56:53.598552+00:00
25637,FAC_477,faculty,postgres,faculty_db,faculty,477,1.0,2026-09-04 18:56:53.598552+00:00
25638,FAC_478,faculty,postgres,faculty_db,faculty,478,1.0,2026-09-04 18:56:53.598552+00:00
25639,FAC_479,faculty,postgres,faculty_db,faculty,479,1.0,2026-09-04 18:56:53.598552+00:00
25640,FAC_480,faculty,postgres,faculty_db,faculty,480,1.0,2026-09-04 18:56:53.598552+00:00
25641,FAC_481,faculty,postgres,faculty_db,faculty,481,1.0,2026-09-04 18:56:53.598552+00:00
25642,FAC_482,faculty,postgres,faculty_db,faculty,482,1.0,2026-09-04 18:56:53.598552+00:00
25643,FAC_483,faculty,postgres,faculty_db,faculty,483,1.0,2026-09-04 18:56:53.598552+00:00
25644,FAC_484,faculty,postgres,faculty_db,faculty,484,1.0,2026-09-04 18:56:53.598552+00:00
25645,FAC_485,faculty,postgres,faculty_db,faculty,485,1.0,2026-09-04 18:56:53.598552+00:00
25646,FAC_486,faculty,postgres,faculty_db,faculty,486,1.0,2026-09-04 18:56:53.598552+00:00
25647,FAC_487,faculty,postgres,faculty_db,faculty,487,1.0,2026-09-04 18:56:53.598552+00:00
25648,FAC_488,faculty,postgres,faculty_db,faculty,488,1.0,2026-09-04 18:56:53.598552+00:00
25649,FAC_489,faculty,postgres,faculty_db,faculty,489,1.0,2026-09-04 18:56:53.598552+00:00
25650,FAC_490,faculty,postgres,faculty_db,faculty,490,1.0,2026-09-04 18:56:53.598552+00:00
25651,FAC_491,faculty,postgres,faculty_db,faculty,491,1.0,2026-09-04 18:56:53.598552+00:00
25652,FAC_492,faculty,postgres,faculty_db,faculty,492,1.0,2026-09-04 18:56:53.598552+00:00
25653,FAC_493,faculty,postgres,faculty_db,faculty,493,1.0,2026-09-04 18:56:53.598552+00:00
25654,FAC_494,faculty,postgres,faculty_db,faculty,494,1.0,2026-09-04 18:56:53.598552+00:00
25655,FAC_495,faculty,postgres,faculty_db,faculty,495,1.0,2026-09-04 18:56:53.598552+00:00
25656,FAC_496,faculty,postgres,faculty_db,faculty,496,1.0,2026-09-04 18:56:53.598552+00:00
25657,FAC_497,faculty,postgres,faculty_db,faculty,497,1.0,2026-09-04 18:56:53.598552+00:00
25658,FAC_498,faculty,postgres,faculty_db,faculty,498,1.0,2026-09-04 18:56:53.598552+00:00
25659,FAC_499,faculty,postgres,faculty_db,faculty,499,1.0,2026-09-04 18:56:53.598552+00:00
25660,FAC_500,faculty,postgres,faculty_db,faculty,500,1.0,2026-09-04 18:56:53.598552+00:00
25661,FAC_501,faculty,postgres,faculty_db,faculty,501,1.0,2026-09-04 18:56:53.598552+00:00
25662,FAC_502,faculty,postgres,faculty_db,faculty,502,1.0,2026-09-04 18:56:53.598552+00:00
25663,FAC_503,faculty,postgres,faculty_db,faculty,503,1.0,2026-09-04 18:56:53.598552+00:00
25664,FAC_504,faculty,postgres,faculty_db,faculty,504,1.0,2026-09-04 18:56:53.598552+00:00
25665,FAC_505,faculty,postgres,faculty_db,faculty,505,1.0,2026-09-04 18:56:53.598552+00:00
25666,FAC_506,faculty,postgres,faculty_db,faculty,506,1.0,2026-09-04 18:56:53.598552+00:00
25667,FAC_507,faculty,postgres,faculty_db,faculty,507,1.0,2026-09-04 18:56:53.598552+00:00
25668,FAC_508,faculty,postgres,faculty_db,faculty,508,1.0,2026-09-04 18:56:53.598552+00:00
25669,FAC_509,faculty,postgres,faculty_db,faculty,509,1.0,2026-09-04 18:56:53.598552+00:00
25670,FAC_510,faculty,postgres,faculty_db,faculty,510,1.0,2026-09-04 18:56:53.598552+00:00
25671,FAC_511,faculty,postgres,faculty_db,faculty,511,1.0,2026-09-04 18:56:53.598552+00:00
25672,FAC_512,faculty,postgres,faculty_db,faculty,512,1.0,2026-09-04 18:56:53.598552+00:00
25673,FAC_513,faculty,postgres,faculty_db,faculty,513,1.0,2026-09-04 18:56:53.598552+00:00
25674,FAC_514,faculty,postgres,faculty_db,faculty,514,1.0,2026-09-04 18:56:53.598552+00:00
25675,FAC_515,faculty,postgres,faculty_db,faculty,515,1.0,2026-09-04 18:56:53.598552+00:00
25676,FAC_516,faculty,postgres,faculty_db,faculty,516,1.0,2026-09-04 18:56:53.598552+00:00
25677,FAC_517,faculty,postgres,faculty_db,faculty,517,1.0,2026-09-04 18:56:53.598552+00:00
25678,FAC_518,faculty,postgres,faculty_db,faculty,518,1.0,2026-09-04 18:56:53.598552+00:00
25679,FAC_519,faculty,postgres,faculty_db,faculty,519,1.0,2026-09-04 18:56:53.598552+00:00
25680,FAC_520,faculty,postgres,faculty_db,faculty,520,1.0,2026-09-04 18:56:53.598552+00:00
25681,FAC_521,faculty,postgres,faculty_db,faculty,521,1.0,2026-09-04 18:56:53.598552+00:00
25682,FAC_522,faculty,postgres,faculty_db,faculty,522,1.0,2026-09-04 18:56:53.598552+00:00
25683,FAC_523,faculty,postgres,faculty_db,faculty,523,1.0,2026-09-04 18:56:53.598552+00:00
25684,FAC_524,faculty,postgres,faculty_db,faculty,524,1.0,2026-09-04 18:56:53.598552+00:00
25685,FAC_525,faculty,postgres,faculty_db,faculty,525,1.0,2026-09-04 18:56:53.598552+00:00
25686,FAC_526,faculty,postgres,faculty_db,faculty,526,1.0,2026-09-04 18:56:53.598552+00:00
25687,FAC_527,faculty,postgres,faculty_db,faculty,527,1.0,2026-09-04 18:56:53.598552+00:00
25688,FAC_528,faculty,postgres,faculty_db,faculty,528,1.0,2026-09-04 18:56:53.598552+00:00
25689,FAC_529,faculty,postgres,faculty_db,faculty,529,1.0,2026-09-04 18:56:53.598552+00:00
25690,FAC_530,faculty,postgres,faculty_db,faculty,530,1.0,2026-09-04 18:56:53.598552+00:00
25691,FAC_531,faculty,postgres,faculty_db,faculty,531,1.0,2026-09-04 18:56:53.598552+00:00
25692,FAC_532,faculty,postgres,faculty_db,faculty,532,1.0,2026-09-04 18:56:53.598552+00:00
25693,FAC_533,faculty,postgres,faculty_db,faculty,533,1.0,2026-09-04 18:56:53.598552+00:00
25694,FAC_534,faculty,postgres,faculty_db,faculty,534,1.0,2026-09-04 18:56:53.598552+00:00
25695,FAC_535,faculty,postgres,faculty_db,faculty,535,1.0,2026-09-04 18:56:53.598552+00:00
25696,FAC_536,faculty,postgres,faculty_db,faculty,536,1.0,2026-09-04 18:56:53.598552+00:00
25697,FAC_537,faculty,postgres,faculty_db,faculty,537,1.0,2026-09-04 18:56:53.598552+00:00
25698,FAC_538,faculty,postgres,faculty_db,faculty,538,1.0,2026-09-04 18:56:53.598552+00:00
25699,FAC_539,faculty,postgres,faculty_db,faculty,539,1.0,2026-09-04 18:56:53.598552+00:00
25700,FAC_540,faculty,postgres,faculty_db,faculty,540,1.0,2026-09-04 18:56:53.598552+00:00
25701,FAC_541,faculty,postgres,faculty_db,faculty,541,1.0,2026-09-04 18:56:53.598552+00:00
25702,FAC_542,faculty,postgres,faculty_db,faculty,542,1.0,2026-09-04 18:56:53.598552+00:00
25703,FAC_543,faculty,postgres,faculty_db,faculty,543,1.0,2026-09-04 18:56:53.598552+00:00
25704,FAC_544,faculty,postgres,faculty_db,faculty,544,1.0,2026-09-04 18:56:53.598552+00:00
25705,FAC_545,faculty,postgres,faculty_db,faculty,545,1.0,2026-09-04 18:56:53.598552+00:00
25706,FAC_546,faculty,postgres,faculty_db,faculty,546,1.0,2026-09-04 18:56:53.598552+00:00
25707,FAC_547,faculty,postgres,faculty_db,faculty,547,1.0,2026-09-04 18:56:53.598552+00:00
25708,FAC_548,faculty,postgres,faculty_db,faculty,548,1.0,2026-09-04 18:56:53.598552+00:00
25709,FAC_549,faculty,postgres,faculty_db,faculty,549,1.0,2026-09-04 18:56:53.598552+00:00
25710,FAC_550,faculty,postgres,faculty_db,faculty,550,1.0,2026-09-04 18:56:53.598552+00:00
25711,FAC_551,faculty,postgres,faculty_db,faculty,551,1.0,2026-09-04 18:56:53.598552+00:00
25712,FAC_552,faculty,postgres,faculty_db,faculty,552,1.0,2026-09-04 18:56:53.598552+00:00
25713,FAC_553,faculty,postgres,faculty_db,faculty,553,1.0,2026-09-04 18:56:53.598552+00:00
25714,FAC_554,faculty,postgres,faculty_db,faculty,554,1.0,2026-09-04 18:56:53.598552+00:00
25715,FAC_555,faculty,postgres,faculty_db,faculty,555,1.0,2026-09-04 18:56:53.598552+00:00
25716,FAC_556,faculty,postgres,faculty_db,faculty,556,1.0,2026-09-04 18:56:53.598552+00:00
25717,FAC_557,faculty,postgres,faculty_db,faculty,557,1.0,2026-09-04 18:56:53.598552+00:00
25718,FAC_558,faculty,postgres,faculty_db,faculty,558,1.0,2026-09-04 18:56:53.598552+00:00
25719,FAC_559,faculty,postgres,faculty_db,faculty,559,1.0,2026-09-04 18:56:53.598552+00:00
25720,FAC_560,faculty,postgres,faculty_db,faculty,560,1.0,2026-09-04 18:56:53.598552+00:00
25721,FAC_561,faculty,postgres,faculty_db,faculty,561,1.0,2026-09-04 18:56:53.598552+00:00
25722,FAC_562,faculty,postgres,faculty_db,faculty,562,1.0,2026-09-04 18:56:53.598552+00:00
25723,FAC_563,faculty,postgres,faculty_db,faculty,563,1.0,2026-09-04 18:56:53.598552+00:00
25724,FAC_564,faculty,postgres,faculty_db,faculty,564,1.0,2026-09-04 18:56:53.598552+00:00
25725,FAC_565,faculty,postgres,faculty_db,faculty,565,1.0,2026-09-04 18:56:53.598552+00:00
25726,FAC_567,faculty,postgres,faculty_db,faculty,566,1.0,2026-09-04 18:56:53.598552+00:00
25727,FAC_568,faculty,postgres,faculty_db,faculty,567,1.0,2026-09-04 18:56:53.598552+00:00
25728,FAC_569,faculty,postgres,faculty_db,faculty,568,1.0,2026-09-04 18:56:53.598552+00:00
25729,FAC_570,faculty,postgres,faculty_db,faculty,569,1.0,2026-09-04 18:56:53.598552+00:00
25730,FAC_571,faculty,postgres,faculty_db,faculty,570,1.0,2026-09-04 18:56:53.598552+00:00
25731,FAC_572,faculty,postgres,faculty_db,faculty,571,1.0,2026-09-04 18:56:53.598552+00:00
25732,FAC_573,faculty,postgres,faculty_db,faculty,572,1.0,2026-09-04 18:56:53.598552+00:00
25733,FAC_574,faculty,postgres,faculty_db,faculty,573,1.0,2026-09-04 18:56:53.598552+00:00
25734,FAC_575,faculty,postgres,faculty_db,faculty,574,1.0,2026-09-04 18:56:53.598552+00:00
25735,FAC_576,faculty,postgres,faculty_db,faculty,575,1.0,2026-09-04 18:56:53.598552+00:00
25736,FAC_577,faculty,postgres,faculty_db,faculty,576,1.0,2026-09-04 18:56:53.598552+00:00
25737,FAC_578,faculty,postgres,faculty_db,faculty,577,1.0,2026-09-04 18:56:53.598552+00:00
25738,FAC_579,faculty,postgres,faculty_db,faculty,578,1.0,2026-09-04 18:56:53.598552+00:00
25739,FAC_580,faculty,postgres,faculty_db,faculty,579,1.0,2026-09-04 18:56:53.598552+00:00
25740,FAC_581,faculty,postgres,faculty_db,faculty,580,1.0,2026-09-04 18:56:53.598552+00:00
25741,FAC_582,faculty,postgres,faculty_db,faculty,581,1.0,2026-09-04 18:56:53.598552+00:00
25742,FAC_583,faculty,postgres,faculty_db,faculty,582,1.0,2026-09-04 18:56:53.598552+00:00
25743,FAC_584,faculty,postgres,faculty_db,faculty,583,1.0,2026-09-04 18:56:53.598552+00:00
25744,FAC_585,faculty,postgres,faculty_db,faculty,584,1.0,2026-09-04 18:56:53.598552+00:00
25745,FAC_586,faculty,postgres,faculty_db,faculty,585,1.0,2026-09-04 18:56:53.598552+00:00
25746,FAC_587,faculty,postgres,faculty_db,faculty,586,1.0,2026-09-04 18:56:53.598552+00:00
25747,FAC_588,faculty,postgres,faculty_db,faculty,587,1.0,2026-09-04 18:56:53.598552+00:00
25748,FAC_589,faculty,postgres,faculty_db,faculty,588,1.0,2026-09-04 18:56:53.598552+00:00
25749,FAC_590,faculty,postgres,faculty_db,faculty,589,1.0,2026-09-04 18:56:53.598552+00:00
25750,FAC_591,faculty,postgres,faculty_db,faculty,590,1.0,2026-09-04 18:56:53.598552+00:00
25751,FAC_592,faculty,postgres,faculty_db,faculty,591,1.0,2026-09-04 18:56:53.598552+00:00
25752,FAC_593,faculty,postgres,faculty_db,faculty,592,1.0,2026-09-04 18:56:53.598552+00:00
25753,FAC_594,faculty,postgres,faculty_db,faculty,593,1.0,2026-09-04 18:56:53.598552+00:00
25754,FAC_595,faculty,postgres,faculty_db,faculty,594,1.0,2026-09-04 18:56:53.598552+00:00
25755,FAC_596,faculty,postgres,faculty_db,faculty,595,1.0,2026-09-04 18:56:53.598552+00:00
25756,FAC_597,faculty,postgres,faculty_db,faculty,596,1.0,2026-09-04 18:56:53.598552+00:00
25757,FAC_598,faculty,postgres,faculty_db,faculty,597,1.0,2026-09-04 18:56:53.598552+00:00
25758,FAC_599,faculty,postgres,faculty_db,faculty,598,1.0,2026-09-04 18:56:53.598552+00:00
25759,FAC_600,faculty,postgres,faculty_db,faculty,599,1.0,2026-09-04 18:56:53.598552+00:00
25760,FAC_601,faculty,postgres,faculty_db,faculty,600,1.0,2026-09-04 18:56:53.598552+00:00
25761,FAC_602,faculty,postgres,faculty_db,faculty,601,1.0,2026-09-04 18:56:53.598552+00:00
25762,FAC_603,faculty,postgres,faculty_db,faculty,602,1.0,2026-09-04 18:56:53.598552+00:00
25763,FAC_604,faculty,postgres,faculty_db,faculty,603,1.0,2026-09-04 18:56:53.598552+00:00
25764,FAC_605,faculty,postgres,faculty_db,faculty,604,1.0,2026-09-04 18:56:53.598552+00:00
25765,FAC_606,faculty,postgres,faculty_db,faculty,605,1.0,2026-09-04 18:56:53.598552+00:00
25766,FAC_607,faculty,postgres,faculty_db,faculty,606,1.0,2026-09-04 18:56:53.598552+00:00
25767,FAC_608,faculty,postgres,faculty_db,faculty,607,1.0,2026-09-04 18:56:53.598552+00:00
25768,FAC_609,faculty,postgres,faculty_db,faculty,608,1.0,2026-09-04 18:56:53.598552+00:00
25769,FAC_610,faculty,postgres,faculty_db,faculty,609,1.0,2026-09-04 18:56:53.598552+00:00
25770,FAC_611,faculty,postgres,faculty_db,faculty,610,1.0,2026-09-04 18:56:53.598552+00:00
25771,FAC_612,faculty,postgres,faculty_db,faculty,611,1.0,2026-09-04 18:56:53.598552+00:00
25772,FAC_613,faculty,postgres,faculty_db,faculty,612,1.0,2026-09-04 18:56:53.598552+00:00
25773,FAC_614,faculty,postgres,faculty_db,faculty,613,1.0,2026-09-04 18:56:53.598552+00:00
25774,FAC_615,faculty,postgres,faculty_db,faculty,614,1.0,2026-09-04 18:56:53.598552+00:00
25775,FAC_616,faculty,postgres,faculty_db,faculty,615,1.0,2026-09-04 18:56:53.598552+00:00
25776,FAC_617,faculty,postgres,faculty_db,faculty,616,1.0,2026-09-04 18:56:53.598552+00:00
25777,FAC_618,faculty,postgres,faculty_db,faculty,617,1.0,2026-09-04 18:56:53.598552+00:00
25778,FAC_619,faculty,postgres,faculty_db,faculty,618,1.0,2026-09-04 18:56:53.598552+00:00
25779,FAC_620,faculty,postgres,faculty_db,faculty,619,1.0,2026-09-04 18:56:53.598552+00:00
25780,FAC_621,faculty,postgres,faculty_db,faculty,620,1.0,2026-09-04 18:56:53.598552+00:00
25781,FAC_622,faculty,postgres,faculty_db,faculty,621,1.0,2026-09-04 18:56:53.598552+00:00
25782,FAC_623,faculty,postgres,faculty_db,faculty,622,1.0,2026-09-04 18:56:53.598552+00:00
25783,FAC_624,faculty,postgres,faculty_db,faculty,623,1.0,2026-09-04 18:56:53.598552+00:00
25784,FAC_625,faculty,postgres,faculty_db,faculty,624,1.0,2026-09-04 18:56:53.598552+00:00
25785,FAC_626,faculty,postgres,faculty_db,faculty,625,1.0,2026-09-04 18:56:53.598552+00:00
25786,FAC_627,faculty,postgres,faculty_db,faculty,626,1.0,2026-09-04 18:56:53.598552+00:00
25787,FAC_628,faculty,postgres,faculty_db,faculty,627,1.0,2026-09-04 18:56:53.598552+00:00
25788,FAC_629,faculty,postgres,faculty_db,faculty,628,1.0,2026-09-04 18:56:53.598552+00:00
25789,FAC_630,faculty,postgres,faculty_db,faculty,629,1.0,2026-09-04 18:56:53.598552+00:00
25790,FAC_631,faculty,postgres,faculty_db,faculty,630,1.0,2026-09-04 18:56:53.598552+00:00
25791,FAC_632,faculty,postgres,faculty_db,faculty,631,1.0,2026-09-04 18:56:53.598552+00:00
25792,FAC_633,faculty,postgres,faculty_db,faculty,632,1.0,2026-09-04 18:56:53.598552+00:00
25793,FAC_634,faculty,postgres,faculty_db,faculty,633,1.0,2026-09-04 18:56:53.598552+00:00
25794,FAC_635,faculty,postgres,faculty_db,faculty,634,1.0,2026-09-04 18:56:53.598552+00:00
25795,FAC_636,faculty,postgres,faculty_db,faculty,635,1.0,2026-09-04 18:56:53.598552+00:00
25796,FAC_637,faculty,postgres,faculty_db,faculty,636,1.0,2026-09-04 18:56:53.598552+00:00
25797,FAC_638,faculty,postgres,faculty_db,faculty,637,1.0,2026-09-04 18:56:53.598552+00:00
25798,FAC_639,faculty,postgres,faculty_db,faculty,638,1.0,2026-09-04 18:56:53.598552+00:00
25799,FAC_640,faculty,postgres,faculty_db,faculty,639,1.0,2026-09-04 18:56:53.598552+00:00
25800,FAC_641,faculty,postgres,faculty_db,faculty,640,1.0,2026-09-04 18:56:53.598552+00:00
25801,FAC_642,faculty,postgres,faculty_db,faculty,641,1.0,2026-09-04 18:56:53.598552+00:00
25802,FAC_643,faculty,postgres,faculty_db,faculty,642,1.0,2026-09-04 18:56:53.598552+00:00
25803,FAC_644,faculty,postgres,faculty_db,faculty,643,1.0,2026-09-04 18:56:53.598552+00:00
25804,FAC_645,faculty,postgres,faculty_db,faculty,644,1.0,2026-09-04 18:56:53.598552+00:00
25805,FAC_646,faculty,postgres,faculty_db,faculty,645,1.0,2026-09-04 18:56:53.598552+00:00
25806,FAC_647,faculty,postgres,faculty_db,faculty,646,1.0,2026-09-04 18:56:53.598552+00:00
25807,FAC_648,faculty,postgres,faculty_db,faculty,647,1.0,2026-09-04 18:56:53.598552+00:00
25808,FAC_649,faculty,postgres,faculty_db,faculty,648,1.0,2026-09-04 18:56:53.598552+00:00
25809,FAC_650,faculty,postgres,faculty_db,faculty,649,1.0,2026-09-04 18:56:53.598552+00:00
25810,FAC_651,faculty,postgres,faculty_db,faculty,650,1.0,2026-09-04 18:56:53.598552+00:00
25811,FAC_652,faculty,postgres,faculty_db,faculty,651,1.0,2026-09-04 18:56:53.598552+00:00
25812,FAC_653,faculty,postgres,faculty_db,faculty,652,1.0,2026-09-04 18:56:53.598552+00:00
25813,FAC_654,faculty,postgres,faculty_db,faculty,653,1.0,2026-09-04 18:56:53.598552+00:00
25814,FAC_655,faculty,postgres,faculty_db,faculty,654,1.0,2026-09-04 18:56:53.598552+00:00
25815,FAC_656,faculty,postgres,faculty_db,faculty,655,1.0,2026-09-04 18:56:53.598552+00:00
25816,FAC_657,faculty,postgres,faculty_db,faculty,656,1.0,2026-09-04 18:56:53.598552+00:00
25817,FAC_658,faculty,postgres,faculty_db,faculty,657,1.0,2026-09-04 18:56:53.598552+00:00
25818,FAC_659,faculty,postgres,faculty_db,faculty,658,1.0,2026-09-04 18:56:53.598552+00:00
25819,FAC_660,faculty,postgres,faculty_db,faculty,659,1.0,2026-09-04 18:56:53.598552+00:00
25820,FAC_661,faculty,postgres,faculty_db,faculty,660,1.0,2026-09-04 18:56:53.598552+00:00
25821,FAC_662,faculty,postgres,faculty_db,faculty,661,1.0,2026-09-04 18:56:53.598552+00:00
25822,FAC_663,faculty,postgres,faculty_db,faculty,662,1.0,2026-09-04 18:56:53.598552+00:00
25823,FAC_664,faculty,postgres,faculty_db,faculty,663,1.0,2026-09-04 18:56:53.598552+00:00
25824,FAC_665,faculty,postgres,faculty_db,faculty,664,1.0,2026-09-04 18:56:53.598552+00:00
25825,FAC_666,faculty,postgres,faculty_db,faculty,665,1.0,2026-09-04 18:56:53.598552+00:00
25826,FAC_667,faculty,postgres,faculty_db,faculty,666,1.0,2026-09-04 18:56:53.598552+00:00
25827,FAC_668,faculty,postgres,faculty_db,faculty,667,1.0,2026-09-04 18:56:53.598552+00:00
25828,FAC_669,faculty,postgres,faculty_db,faculty,668,1.0,2026-09-04 18:56:53.598552+00:00
25829,FAC_670,faculty,postgres,faculty_db,faculty,669,1.0,2026-09-04 18:56:53.598552+00:00
25830,FAC_671,faculty,postgres,faculty_db,faculty,670,1.0,2026-09-04 18:56:53.598552+00:00
25831,FAC_672,faculty,postgres,faculty_db,faculty,671,1.0,2026-09-04 18:56:53.598552+00:00
25832,FAC_673,faculty,postgres,faculty_db,faculty,672,1.0,2026-09-04 18:56:53.598552+00:00
25833,FAC_674,faculty,postgres,faculty_db,faculty,673,1.0,2026-09-04 18:56:53.598552+00:00
25834,FAC_675,faculty,postgres,faculty_db,faculty,674,1.0,2026-09-04 18:56:53.598552+00:00
25835,FAC_676,faculty,postgres,faculty_db,faculty,675,1.0,2026-09-04 18:56:53.598552+00:00
25836,FAC_677,faculty,postgres,faculty_db,faculty,676,1.0,2026-09-04 18:56:53.598552+00:00
25837,FAC_678,faculty,postgres,faculty_db,faculty,677,1.0,2026-09-04 18:56:53.598552+00:00
25838,FAC_679,faculty,postgres,faculty_db,faculty,678,1.0,2026-09-04 18:56:53.598552+00:00
25839,FAC_680,faculty,postgres,faculty_db,faculty,679,1.0,2026-09-04 18:56:53.598552+00:00
25840,FAC_681,faculty,postgres,faculty_db,faculty,680,1.0,2026-09-04 18:56:53.598552+00:00
25841,FAC_682,faculty,postgres,faculty_db,faculty,681,1.0,2026-09-04 18:56:53.598552+00:00
25842,FAC_683,faculty,postgres,faculty_db,faculty,682,1.0,2026-09-04 18:56:53.598552+00:00
25843,FAC_684,faculty,postgres,faculty_db,faculty,683,1.0,2026-09-04 18:56:53.598552+00:00
25844,FAC_685,faculty,postgres,faculty_db,faculty,684,1.0,2026-09-04 18:56:53.598552+00:00
25845,FAC_686,faculty,postgres,faculty_db,faculty,685,1.0,2026-09-04 18:56:53.598552+00:00
25846,FAC_687,faculty,postgres,faculty_db,faculty,686,1.0,2026-09-04 18:56:53.598552+00:00
25847,FAC_688,faculty,postgres,faculty_db,faculty,687,1.0,2026-09-04 18:56:53.598552+00:00
25848,FAC_689,faculty,postgres,faculty_db,faculty,688,1.0,2026-09-04 18:56:53.598552+00:00
25849,FAC_690,faculty,postgres,faculty_db,faculty,689,1.0,2026-09-04 18:56:53.598552+00:00
25850,FAC_691,faculty,postgres,faculty_db,faculty,690,1.0,2026-09-04 18:56:53.598552+00:00
25851,FAC_692,faculty,postgres,faculty_db,faculty,691,1.0,2026-09-04 18:56:53.598552+00:00
25852,FAC_693,faculty,postgres,faculty_db,faculty,692,1.0,2026-09-04 18:56:53.598552+00:00
25853,FAC_694,faculty,postgres,faculty_db,faculty,693,1.0,2026-09-04 18:56:53.598552+00:00
25854,FAC_695,faculty,postgres,faculty_db,faculty,694,1.0,2026-09-04 18:56:53.598552+00:00
25855,FAC_696,faculty,postgres,faculty_db,faculty,695,1.0,2026-09-04 18:56:53.598552+00:00
25856,FAC_697,faculty,postgres,faculty_db,faculty,696,1.0,2026-09-04 18:56:53.598552+00:00
25857,FAC_698,faculty,postgres,faculty_db,faculty,697,1.0,2026-09-04 18:56:53.598552+00:00
25858,FAC_699,faculty,postgres,faculty_db,faculty,698,1.0,2026-09-04 18:56:53.598552+00:00
25859,FAC_700,faculty,postgres,faculty_db,faculty,699,1.0,2026-09-04 18:56:53.598552+00:00
25860,FAC_701,faculty,postgres,faculty_db,faculty,700,1.0,2026-09-04 18:56:53.598552+00:00
25861,FAC_702,faculty,postgres,faculty_db,faculty,701,1.0,2026-09-04 18:56:53.598552+00:00
25862,FAC_703,faculty,postgres,faculty_db,faculty,702,1.0,2026-09-04 18:56:53.598552+00:00
25863,FAC_704,faculty,postgres,faculty_db,faculty,703,1.0,2026-09-04 18:56:53.598552+00:00
25864,FAC_705,faculty,postgres,faculty_db,faculty,704,1.0,2026-09-04 18:56:53.598552+00:00
25865,FAC_706,faculty,postgres,faculty_db,faculty,705,1.0,2026-09-04 18:56:53.598552+00:00
25866,FAC_707,faculty,postgres,faculty_db,faculty,706,1.0,2026-09-04 18:56:53.598552+00:00
25867,FAC_708,faculty,postgres,faculty_db,faculty,707,1.0,2026-09-04 18:56:53.598552+00:00
25868,FAC_709,faculty,postgres,faculty_db,faculty,708,1.0,2026-09-04 18:56:53.598552+00:00
25869,FAC_710,faculty,postgres,faculty_db,faculty,709,1.0,2026-09-04 18:56:53.598552+00:00
25870,FAC_711,faculty,postgres,faculty_db,faculty,710,1.0,2026-09-04 18:56:53.598552+00:00
25871,FAC_712,faculty,postgres,faculty_db,faculty,711,1.0,2026-09-04 18:56:53.598552+00:00
25872,FAC_713,faculty,postgres,faculty_db,faculty,712,1.0,2026-09-04 18:56:53.598552+00:00
25873,FAC_714,faculty,postgres,faculty_db,faculty,713,1.0,2026-09-04 18:56:53.598552+00:00
25874,FAC_715,faculty,postgres,faculty_db,faculty,714,1.0,2026-09-04 18:56:53.598552+00:00
25875,FAC_716,faculty,postgres,faculty_db,faculty,715,1.0,2026-09-04 18:56:53.598552+00:00
25876,FAC_717,faculty,postgres,faculty_db,faculty,716,1.0,2026-09-04 18:56:53.598552+00:00
25877,FAC_718,faculty,postgres,faculty_db,faculty,717,1.0,2026-09-04 18:56:53.598552+00:00
25878,FAC_719,faculty,postgres,faculty_db,faculty,718,1.0,2026-09-04 18:56:53.598552+00:00
25879,FAC_720,faculty,postgres,faculty_db,faculty,719,1.0,2026-09-04 18:56:53.598552+00:00
25880,FAC_721,faculty,postgres,faculty_db,faculty,720,1.0,2026-09-04 18:56:53.598552+00:00
25881,FAC_722,faculty,postgres,faculty_db,faculty,721,1.0,2026-09-04 18:56:53.598552+00:00
25882,FAC_723,faculty,postgres,faculty_db,faculty,722,1.0,2026-09-04 18:56:53.598552+00:00
25883,FAC_724,faculty,postgres,faculty_db,faculty,723,1.0,2026-09-04 18:56:53.598552+00:00
25884,FAC_725,faculty,postgres,faculty_db,faculty,724,1.0,2026-09-04 18:56:53.598552+00:00
25885,FAC_726,faculty,postgres,faculty_db,faculty,725,1.0,2026-09-04 18:56:53.598552+00:00
25886,FAC_727,faculty,postgres,faculty_db,faculty,726,1.0,2026-09-04 18:56:53.598552+00:00
25887,FAC_728,faculty,postgres,faculty_db,faculty,727,1.0,2026-09-04 18:56:53.598552+00:00
25888,FAC_729,faculty,postgres,faculty_db,faculty,728,1.0,2026-09-04 18:56:53.598552+00:00
25889,FAC_730,faculty,postgres,faculty_db,faculty,729,1.0,2026-09-04 18:56:53.598552+00:00
25890,FAC_731,faculty,postgres,faculty_db,faculty,730,1.0,2026-09-04 18:56:53.598552+00:00
25891,FAC_732,faculty,postgres,faculty_db,faculty,731,1.0,2026-09-04 18:56:53.598552+00:00
25892,FAC_733,faculty,postgres,faculty_db,faculty,732,1.0,2026-09-04 18:56:53.598552+00:00
25893,FAC_734,faculty,postgres,faculty_db,faculty,733,1.0,2026-09-04 18:56:53.598552+00:00
25894,FAC_735,faculty,postgres,faculty_db,faculty,734,1.0,2026-09-04 18:56:53.598552+00:00
25895,FAC_736,faculty,postgres,faculty_db,faculty,735,1.0,2026-09-04 18:56:53.598552+00:00
25896,FAC_737,faculty,postgres,faculty_db,faculty,736,1.0,2026-09-04 18:56:53.598552+00:00
25897,FAC_738,faculty,postgres,faculty_db,faculty,737,1.0,2026-09-04 18:56:53.598552+00:00
25898,FAC_739,faculty,postgres,faculty_db,faculty,738,1.0,2026-09-04 18:56:53.598552+00:00
25899,FAC_740,faculty,postgres,faculty_db,faculty,739,1.0,2026-09-04 18:56:53.598552+00:00
25900,FAC_741,faculty,postgres,faculty_db,faculty,740,1.0,2026-09-04 18:56:53.598552+00:00
25901,FAC_742,faculty,postgres,faculty_db,faculty,741,1.0,2026-09-04 18:56:53.598552+00:00
25902,FAC_743,faculty,postgres,faculty_db,faculty,742,1.0,2026-09-04 18:56:53.598552+00:00
25903,FAC_744,faculty,postgres,faculty_db,faculty,743,1.0,2026-09-04 18:56:53.598552+00:00
25904,FAC_745,faculty,postgres,faculty_db,faculty,744,1.0,2026-09-04 18:56:53.598552+00:00
25905,FAC_746,faculty,postgres,faculty_db,faculty,745,1.0,2026-09-04 18:56:53.598552+00:00
25906,FAC_747,faculty,postgres,faculty_db,faculty,746,1.0,2026-09-04 18:56:53.598552+00:00
25907,FAC_748,faculty,postgres,faculty_db,faculty,747,1.0,2026-09-04 18:56:53.598552+00:00
25908,FAC_749,faculty,postgres,faculty_db,faculty,748,1.0,2026-09-04 18:56:53.598552+00:00
25909,FAC_750,faculty,postgres,faculty_db,faculty,749,1.0,2026-09-04 18:56:53.598552+00:00
25910,FAC_751,faculty,postgres,faculty_db,faculty,750,1.0,2026-09-04 18:56:53.598552+00:00
25911,FAC_752,faculty,postgres,faculty_db,faculty,751,1.0,2026-09-04 18:56:53.598552+00:00
25912,FAC_753,faculty,postgres,faculty_db,faculty,752,1.0,2026-09-04 18:56:53.598552+00:00
25913,FAC_754,faculty,postgres,faculty_db,faculty,753,1.0,2026-09-04 18:56:53.598552+00:00
25914,FAC_755,faculty,postgres,faculty_db,faculty,754,1.0,2026-09-04 18:56:53.598552+00:00
25915,FAC_756,faculty,postgres,faculty_db,faculty,755,1.0,2026-09-04 18:56:53.598552+00:00
25916,FAC_757,faculty,postgres,faculty_db,faculty,756,1.0,2026-09-04 18:56:53.598552+00:00
25917,FAC_758,faculty,postgres,faculty_db,faculty,757,1.0,2026-09-04 18:56:53.598552+00:00
25918,FAC_759,faculty,postgres,faculty_db,faculty,758,1.0,2026-09-04 18:56:53.598552+00:00
25919,FAC_760,faculty,postgres,faculty_db,faculty,759,1.0,2026-09-04 18:56:53.598552+00:00
25920,FAC_761,faculty,postgres,faculty_db,faculty,760,1.0,2026-09-04 18:56:53.598552+00:00
25921,FAC_762,faculty,postgres,faculty_db,faculty,761,1.0,2026-09-04 18:56:53.598552+00:00
25922,FAC_763,faculty,postgres,faculty_db,faculty,762,1.0,2026-09-04 18:56:53.598552+00:00
25923,FAC_764,faculty,postgres,faculty_db,faculty,763,1.0,2026-09-04 18:56:53.598552+00:00
25924,FAC_765,faculty,postgres,faculty_db,faculty,764,1.0,2026-09-04 18:56:53.598552+00:00
25925,FAC_766,faculty,postgres,faculty_db,faculty,765,1.0,2026-09-04 18:56:53.598552+00:00
25926,FAC_767,faculty,postgres,faculty_db,faculty,766,1.0,2026-09-04 18:56:53.598552+00:00
25927,FAC_768,faculty,postgres,faculty_db,faculty,767,1.0,2026-09-04 18:56:53.598552+00:00
25928,FAC_769,faculty,postgres,faculty_db,faculty,768,1.0,2026-09-04 18:56:53.598552+00:00
25929,FAC_770,faculty,postgres,faculty_db,faculty,769,1.0,2026-09-04 18:56:53.598552+00:00
25930,FAC_771,faculty,postgres,faculty_db,faculty,770,1.0,2026-09-04 18:56:53.598552+00:00
25931,FAC_772,faculty,postgres,faculty_db,faculty,771,1.0,2026-09-04 18:56:53.598552+00:00
25932,FAC_773,faculty,postgres,faculty_db,faculty,772,1.0,2026-09-04 18:56:53.598552+00:00
25933,FAC_774,faculty,postgres,faculty_db,faculty,773,1.0,2026-09-04 18:56:53.598552+00:00
25934,FAC_775,faculty,postgres,faculty_db,faculty,774,1.0,2026-09-04 18:56:53.598552+00:00
25935,FAC_776,faculty,postgres,faculty_db,faculty,775,1.0,2026-09-04 18:56:53.598552+00:00
25936,FAC_777,faculty,postgres,faculty_db,faculty,776,1.0,2026-09-04 18:56:53.598552+00:00
25937,FAC_778,faculty,postgres,faculty_db,faculty,777,1.0,2026-09-04 18:56:53.598552+00:00
25938,FAC_779,faculty,postgres,faculty_db,faculty,778,1.0,2026-09-04 18:56:53.598552+00:00
25939,FAC_780,faculty,postgres,faculty_db,faculty,779,1.0,2026-09-04 18:56:53.598552+00:00
25940,FAC_781,faculty,postgres,faculty_db,faculty,780,1.0,2026-09-04 18:56:53.598552+00:00
25941,FAC_782,faculty,postgres,faculty_db,faculty,781,1.0,2026-09-04 18:56:53.598552+00:00
25942,FAC_783,faculty,postgres,faculty_db,faculty,782,1.0,2026-09-04 18:56:53.598552+00:00
25943,FAC_784,faculty,postgres,faculty_db,faculty,783,1.0,2026-09-04 18:56:53.598552+00:00
25944,FAC_785,faculty,postgres,faculty_db,faculty,784,1.0,2026-09-04 18:56:53.598552+00:00
25945,FAC_786,faculty,postgres,faculty_db,faculty,785,1.0,2026-09-04 18:56:53.598552+00:00
25946,FAC_787,faculty,postgres,faculty_db,faculty,786,1.0,2026-09-04 18:56:53.598552+00:00
25947,FAC_788,faculty,postgres,faculty_db,faculty,787,1.0,2026-09-04 18:56:53.598552+00:00
25948,FAC_789,faculty,postgres,faculty_db,faculty,788,1.0,2026-09-04 18:56:53.598552+00:00
25949,FAC_790,faculty,postgres,faculty_db,faculty,789,1.0,2026-09-04 18:56:53.598552+00:00
25950,FAC_791,faculty,postgres,faculty_db,faculty,790,1.0,2026-09-04 18:56:53.598552+00:00
25951,FAC_792,faculty,postgres,faculty_db,faculty,791,1.0,2026-09-04 18:56:53.598552+00:00
25952,FAC_793,faculty,postgres,faculty_db,faculty,792,1.0,2026-09-04 18:56:53.598552+00:00
25953,FAC_794,faculty,postgres,faculty_db,faculty,793,1.0,2026-09-04 18:56:53.598552+00:00
25954,FAC_795,faculty,postgres,faculty_db,faculty,794,1.0,2026-09-04 18:56:53.598552+00:00
25955,FAC_796,faculty,postgres,faculty_db,faculty,795,1.0,2026-09-04 18:56:53.598552+00:00
25956,FAC_797,faculty,postgres,faculty_db,faculty,796,1.0,2026-09-04 18:56:53.598552+00:00
25957,FAC_798,faculty,postgres,faculty_db,faculty,797,1.0,2026-09-04 18:56:53.598552+00:00
25958,FAC_799,faculty,postgres,faculty_db,faculty,798,1.0,2026-09-04 18:56:53.598552+00:00
25959,FAC_800,faculty,postgres,faculty_db,faculty,799,1.0,2026-09-04 18:56:53.598552+00:00
25960,FAC_801,faculty,postgres,faculty_db,faculty,800,1.0,2026-09-04 18:56:53.598552+00:00
25961,FAC_802,faculty,postgres,faculty_db,faculty,801,1.0,2026-09-04 18:56:53.598552+00:00
25962,FAC_803,faculty,postgres,faculty_db,faculty,802,1.0,2026-09-04 18:56:53.598552+00:00
25963,FAC_804,faculty,postgres,faculty_db,faculty,803,1.0,2026-09-04 18:56:53.598552+00:00
25964,FAC_805,faculty,postgres,faculty_db,faculty,804,1.0,2026-09-04 18:56:53.598552+00:00
25965,FAC_806,faculty,postgres,faculty_db,faculty,805,1.0,2026-09-04 18:56:53.598552+00:00
25966,FAC_807,faculty,postgres,faculty_db,faculty,806,1.0,2026-09-04 18:56:53.598552+00:00
25967,FAC_808,faculty,postgres,faculty_db,faculty,807,1.0,2026-09-04 18:56:53.598552+00:00
25968,FAC_809,faculty,postgres,faculty_db,faculty,808,1.0,2026-09-04 18:56:53.598552+00:00
25969,FAC_810,faculty,postgres,faculty_db,faculty,809,1.0,2026-09-04 18:56:53.598552+00:00
25970,FAC_811,faculty,postgres,faculty_db,faculty,810,1.0,2026-09-04 18:56:53.598552+00:00
25971,FAC_812,faculty,postgres,faculty_db,faculty,811,1.0,2026-09-04 18:56:53.598552+00:00
25972,FAC_813,faculty,postgres,faculty_db,faculty,812,1.0,2026-09-04 18:56:53.598552+00:00
25973,FAC_814,faculty,postgres,faculty_db,faculty,813,1.0,2026-09-04 18:56:53.598552+00:00
25974,FAC_815,faculty,postgres,faculty_db,faculty,814,1.0,2026-09-04 18:56:53.598552+00:00
25975,FAC_816,faculty,postgres,faculty_db,faculty,815,1.0,2026-09-04 18:56:53.598552+00:00
25976,FAC_817,faculty,postgres,faculty_db,faculty,816,1.0,2026-09-04 18:56:53.598552+00:00
25977,FAC_818,faculty,postgres,faculty_db,faculty,817,1.0,2026-09-04 18:56:53.598552+00:00
25978,FAC_819,faculty,postgres,faculty_db,faculty,818,1.0,2026-09-04 18:56:53.598552+00:00
25979,FAC_820,faculty,postgres,faculty_db,faculty,819,1.0,2026-09-04 18:56:53.598552+00:00
25980,FAC_821,faculty,postgres,faculty_db,faculty,820,1.0,2026-09-04 18:56:53.598552+00:00
25981,FAC_822,faculty,postgres,faculty_db,faculty,821,1.0,2026-09-04 18:56:53.598552+00:00
25982,FAC_823,faculty,postgres,faculty_db,faculty,822,1.0,2026-09-04 18:56:53.598552+00:00
25983,FAC_824,faculty,postgres,faculty_db,faculty,823,1.0,2026-09-04 18:56:53.598552+00:00
25984,FAC_825,faculty,postgres,faculty_db,faculty,824,1.0,2026-09-04 18:56:53.598552+00:00
25985,FAC_826,faculty,postgres,faculty_db,faculty,825,1.0,2026-09-04 18:56:53.598552+00:00
25986,FAC_827,faculty,postgres,faculty_db,faculty,826,1.0,2026-09-04 18:56:53.598552+00:00
25987,FAC_828,faculty,postgres,faculty_db,faculty,827,1.0,2026-09-04 18:56:53.598552+00:00
25988,FAC_829,faculty,postgres,faculty_db,faculty,828,1.0,2026-09-04 18:56:53.598552+00:00
25989,FAC_830,faculty,postgres,faculty_db,faculty,829,1.0,2026-09-04 18:56:53.598552+00:00
25990,FAC_831,faculty,postgres,faculty_db,faculty,830,1.0,2026-09-04 18:56:53.598552+00:00
25991,FAC_832,faculty,postgres,faculty_db,faculty,831,1.0,2026-09-04 18:56:53.598552+00:00
25992,FAC_833,faculty,postgres,faculty_db,faculty,832,1.0,2026-09-04 18:56:53.598552+00:00
25993,FAC_834,faculty,postgres,faculty_db,faculty,833,1.0,2026-09-04 18:56:53.598552+00:00
25994,FAC_835,faculty,postgres,faculty_db,faculty,834,1.0,2026-09-04 18:56:53.598552+00:00
25995,FAC_836,faculty,postgres,faculty_db,faculty,835,1.0,2026-09-04 18:56:53.598552+00:00
25996,FAC_837,faculty,postgres,faculty_db,faculty,836,1.0,2026-09-04 18:56:53.598552+00:00
25997,FAC_838,faculty,postgres,faculty_db,faculty,837,1.0,2026-09-04 18:56:53.598552+00:00
25998,FAC_839,faculty,postgres,faculty_db,faculty,838,1.0,2026-09-04 18:56:53.598552+00:00
25999,FAC_840,faculty,postgres,faculty_db,faculty,839,1.0,2026-09-04 18:56:53.598552+00:00
26000,FAC_841,faculty,postgres,faculty_db,faculty,840,1.0,2026-09-04 18:56:53.598552+00:00
26001,FAC_842,faculty,postgres,faculty_db,faculty,841,1.0,2026-09-04 18:56:53.598552+00:00
26002,FAC_843,faculty,postgres,faculty_db,faculty,842,1.0,2026-09-04 18:56:53.598552+00:00
26003,FAC_844,faculty,postgres,faculty_db,faculty,843,1.0,2026-09-04 18:56:53.598552+00:00
26004,FAC_845,faculty,postgres,faculty_db,faculty,844,1.0,2026-09-04 18:56:53.598552+00:00
26005,FAC_846,faculty,postgres,faculty_db,faculty,845,1.0,2026-09-04 18:56:53.598552+00:00
26006,FAC_847,faculty,postgres,faculty_db,faculty,846,1.0,2026-09-04 18:56:53.598552+00:00
26007,FAC_848,faculty,postgres,faculty_db,faculty,847,1.0,2026-09-04 18:56:53.598552+00:00
26008,FAC_849,faculty,postgres,faculty_db,faculty,848,1.0,2026-09-04 18:56:53.598552+00:00
26009,FAC_850,faculty,postgres,faculty_db,faculty,849,1.0,2026-09-04 18:56:53.598552+00:00
26010,FAC_851,faculty,postgres,faculty_db,faculty,850,1.0,2026-09-04 18:56:53.598552+00:00
26011,FAC_852,faculty,postgres,faculty_db,faculty,851,1.0,2026-09-04 18:56:53.598552+00:00
26012,FAC_853,faculty,postgres,faculty_db,faculty,852,1.0,2026-09-04 18:56:53.598552+00:00
26013,FAC_854,faculty,postgres,faculty_db,faculty,853,1.0,2026-09-04 18:56:53.598552+00:00
26014,FAC_855,faculty,postgres,faculty_db,faculty,854,1.0,2026-09-04 18:56:53.598552+00:00
26015,FAC_856,faculty,postgres,faculty_db,faculty,855,1.0,2026-09-04 18:56:53.598552+00:00
26016,FAC_857,faculty,postgres,faculty_db,faculty,856,1.0,2026-09-04 18:56:53.598552+00:00
26017,FAC_858,faculty,postgres,faculty_db,faculty,857,1.0,2026-09-04 18:56:53.598552+00:00
26018,FAC_859,faculty,postgres,faculty_db,faculty,858,1.0,2026-09-04 18:56:53.598552+00:00
26019,FAC_860,faculty,postgres,faculty_db,faculty,859,1.0,2026-09-04 18:56:53.598552+00:00
26020,FAC_861,faculty,postgres,faculty_db,faculty,860,1.0,2026-09-04 18:56:53.598552+00:00
26021,FAC_862,faculty,postgres,faculty_db,faculty,861,1.0,2026-09-04 18:56:53.598552+00:00
26022,FAC_863,faculty,postgres,faculty_db,faculty,862,1.0,2026-09-04 18:56:53.598552+00:00
26023,FAC_864,faculty,postgres,faculty_db,faculty,863,1.0,2026-09-04 18:56:53.598552+00:00
26024,0,scholarship,mongodb,aicte_scholarships,scholarships,0,1.0,2026-09-04 18:56:57.046379+00:00
26025,1,scholarship,mongodb,aicte_scholarships,scholarships,1,1.0,2026-09-04 18:56:57.046379+00:00
26026,2,scholarship,mongodb,aicte_scholarships,scholarships,2,1.0,2026-09-04 18:56:57.046379+00:00
26027,3,scholarship,mongodb,aicte_scholarships,scholarships,3,1.0,2026-09-04 18:56:57.046379+00:00
26028,4,scholarship,mongodb,aicte_scholarships,scholarships,4,1.0,2026-09-04 18:56:57.046379+00:00
26029,5,scholarship,mongodb,aicte_scholarships,scholarships,5,1.0,2026-09-04 18:56:57.046379+00:00
26030,6,scholarship,mongodb,aicte_scholarships,scholarships,6,1.0,2026-09-04 18:56:57.046379+00:00
26031,7,scholarship,mongodb,aicte_scholarships,scholarships,7,1.0,2026-09-04 18:56:57.046379+00:00
26032,8,scholarship,mongodb,aicte_scholarships,scholarships,8,1.0,2026-09-04 18:56:57.046379+00:00
26033,9,scholarship,mongodb,aicte_scholarships,scholarships,9,1.0,2026-09-04 18:56:57.046379+00:00
26034,10,scholarship,mongodb,aicte_scholarships,scholarships,10,1.0,2026-09-04 18:56:57.046379+00:00
26035,11,scholarship,mongodb,aicte_scholarships,scholarships,11,1.0,2026-09-04 18:56:57.046379+00:00
26036,12,scholarship,mongodb,aicte_scholarships,scholarships,12,1.0,2026-09-04 18:56:57.046379+00:00
26037,13,scholarship,mongodb,aicte_scholarships,scholarships,13,1.0,2026-09-04 18:56:57.046379+00:00
26038,14,scholarship,mongodb,aicte_scholarships,scholarships,14,1.0,2026-09-04 18:56:57.046379+00:00
26039,15,scholarship,mongodb,aicte_scholarships,scholarships,15,1.0,2026-09-04 18:56:57.046379+00:00
26040,16,scholarship,mongodb,aicte_scholarships,scholarships,16,1.0,2026-09-04 18:56:57.046379+00:00
26041,17,scholarship,mongodb,aicte_scholarships,scholarships,17,1.0,2026-09-04 18:56:57.046379+00:00
26042,18,scholarship,mongodb,aicte_scholarships,scholarships,18,1.0,2026-09-04 18:56:57.046379+00:00
26043,19,scholarship,mongodb,aicte_scholarships,scholarships,19,1.0,2026-09-04 18:56:57.046379+00:00
26044,20,scholarship,mongodb,aicte_scholarships,scholarships,20,1.0,2026-09-04 18:56:57.046379+00:00
26045,21,scholarship,mongodb,aicte_scholarships,scholarships,21,1.0,2026-09-04 18:56:57.046379+00:00
26046,22,scholarship,mongodb,aicte_scholarships,scholarships,22,1.0,2026-09-04 18:56:57.046379+00:00
26047,23,scholarship,mongodb,aicte_scholarships,scholarships,23,1.0,2026-09-04 18:56:57.046379+00:00
26048,24,scholarship,mongodb,aicte_scholarships,scholarships,24,1.0,2026-09-04 18:56:57.046379+00:00
26049,25,scholarship,mongodb,aicte_scholarships,scholarships,25,1.0,2026-09-04 18:56:57.046379+00:00
26050,26,scholarship,mongodb,aicte_scholarships,scholarships,26,1.0,2026-09-04 18:56:57.046379+00:00
26051,27,scholarship,mongodb,aicte_scholarships,scholarships,27,1.0,2026-09-04 18:56:57.046379+00:00
26052,28,scholarship,mongodb,aicte_scholarships,scholarships,28,1.0,2026-09-04 18:56:57.046379+00:00
26053,29,scholarship,mongodb,aicte_scholarships,scholarships,29,1.0,2026-09-04 18:56:57.046379+00:00
26054,30,scholarship,mongodb,aicte_scholarships,scholarships,30,1.0,2026-09-04 18:56:57.046379+00:00
26055,31,scholarship,mongodb,aicte_scholarships,scholarships,31,1.0,2026-09-04 18:56:57.046379+00:00
26056,32,scholarship,mongodb,aicte_scholarships,scholarships,32,1.0,2026-09-04 18:56:57.046379+00:00
26057,33,scholarship,mongodb,aicte_scholarships,scholarships,33,1.0,2026-09-04 18:56:57.046379+00:00
26058,34,scholarship,mongodb,aicte_scholarships,scholarships,34,1.0,2026-09-04 18:56:57.046379+00:00
26059,35,scholarship,mongodb,aicte_scholarships,scholarships,35,1.0,2026-09-04 18:56:57.046379+00:00
26060,36,scholarship,mongodb,aicte_scholarships,scholarships,36,1.0,2026-09-04 18:56:57.046379+00:00
26061,37,scholarship,mongodb,aicte_scholarships,scholarships,37,1.0,2026-09-04 18:56:57.046379+00:00
26062,38,scholarship,mongodb,aicte_scholarships,scholarships,38,1.0,2026-09-04 18:56:57.046379+00:00
26063,39,scholarship,mongodb,aicte_scholarships,scholarships,39,1.0,2026-09-04 18:56:57.046379+00:00
26064,40,scholarship,mongodb,aicte_scholarships,scholarships,40,1.0,2026-09-04 18:56:57.046379+00:00
26065,41,scholarship,mongodb,aicte_scholarships,scholarships,41,1.0,2026-09-04 18:56:57.046379+00:00
26066,42,scholarship,mongodb,aicte_scholarships,scholarships,42,1.0,2026-09-04 18:56:57.046379+00:00
26067,43,scholarship,mongodb,aicte_scholarships,scholarships,43,1.0,2026-09-04 18:56:57.046379+00:00
26068,44,scholarship,mongodb,aicte_scholarships,scholarships,44,1.0,2026-09-04 18:56:57.046379+00:00
26069,45,scholarship,mongodb,aicte_scholarships,scholarships,45,1.0,2026-09-04 18:56:57.046379+00:00
26070,46,scholarship,mongodb,aicte_scholarships,scholarships,46,1.0,2026-09-04 18:56:57.046379+00:00
26071,47,scholarship,mongodb,aicte_scholarships,scholarships,47,1.0,2026-09-04 18:56:57.046379+00:00
26072,48,scholarship,mongodb,aicte_scholarships,scholarships,48,1.0,2026-09-04 18:56:57.046379+00:00
26073,49,scholarship,mongodb,aicte_scholarships,scholarships,49,1.0,2026-09-04 18:56:57.046379+00:00
26074,50,scholarship,mongodb,aicte_scholarships,scholarships,50,1.0,2026-09-04 18:56:57.046379+00:00
26075,51,scholarship,mongodb,aicte_scholarships,scholarships,51,1.0,2026-09-04 18:56:57.046379+00:00
26076,52,scholarship,mongodb,aicte_scholarships,scholarships,52,1.0,2026-09-04 18:56:57.046379+00:00
26077,53,scholarship,mongodb,aicte_scholarships,scholarships,53,1.0,2026-09-04 18:56:57.046379+00:00
26078,54,scholarship,mongodb,aicte_scholarships,scholarships,54,1.0,2026-09-04 18:56:57.046379+00:00
26079,55,scholarship,mongodb,aicte_scholarships,scholarships,55,1.0,2026-09-04 18:56:57.046379+00:00
26080,56,scholarship,mongodb,aicte_scholarships,scholarships,56,1.0,2026-09-04 18:56:57.046379+00:00
26081,57,scholarship,mongodb,aicte_scholarships,scholarships,57,1.0,2026-09-04 18:56:57.046379+00:00
26082,58,scholarship,mongodb,aicte_scholarships,scholarships,58,1.0,2026-09-04 18:56:57.046379+00:00
26083,59,scholarship,mongodb,aicte_scholarships,scholarships,59,1.0,2026-09-04 18:56:57.046379+00:00
26084,60,scholarship,mongodb,aicte_scholarships,scholarships,60,1.0,2026-09-04 18:56:57.046379+00:00
26085,61,scholarship,mongodb,aicte_scholarships,scholarships,61,1.0,2026-09-04 18:56:57.046379+00:00
26086,62,scholarship,mongodb,aicte_scholarships,scholarships,62,1.0,2026-09-04 18:56:57.046379+00:00
26087,63,scholarship,mongodb,aicte_scholarships,scholarships,63,1.0,2026-09-04 18:56:57.046379+00:00
26088,64,scholarship,mongodb,aicte_scholarships,scholarships,64,1.0,2026-09-04 18:56:57.046379+00:00
26089,65,scholarship,mongodb,aicte_scholarships,scholarships,65,1.0,2026-09-04 18:56:57.046379+00:00
26090,66,scholarship,mongodb,aicte_scholarships,scholarships,66,1.0,2026-09-04 18:56:57.046379+00:00
26091,67,scholarship,mongodb,aicte_scholarships,scholarships,67,1.0,2026-09-04 18:56:57.046379+00:00
26092,68,scholarship,mongodb,aicte_scholarships,scholarships,68,1.0,2026-09-04 18:56:57.046379+00:00
26093,69,scholarship,mongodb,aicte_scholarships,scholarships,69,1.0,2026-09-04 18:56:57.046379+00:00
26094,70,scholarship,mongodb,aicte_scholarships,scholarships,70,1.0,2026-09-04 18:56:57.046379+00:00
26095,71,scholarship,mongodb,aicte_scholarships,scholarships,71,1.0,2026-09-04 18:56:57.046379+00:00
26096,72,scholarship,mongodb,aicte_scholarships,scholarships,72,1.0,2026-09-04 18:56:57.046379+00:00
26097,73,scholarship,mongodb,aicte_scholarships,scholarships,73,1.0,2026-09-04 18:56:57.046379+00:00
26098,74,scholarship,mongodb,aicte_scholarships,scholarships,74,1.0,2026-09-04 18:56:57.046379+00:00
26099,75,scholarship,mongodb,aicte_scholarships,scholarships,75,1.0,2026-09-04 18:56:57.046379+00:00
26100,76,scholarship,mongodb,aicte_scholarships,scholarships,76,1.0,2026-09-04 18:56:57.046379+00:00
26101,77,scholarship,mongodb,aicte_scholarships,scholarships,77,1.0,2026-09-04 18:56:57.046379+00:00
26102,78,scholarship,mongodb,aicte_scholarships,scholarships,78,1.0,2026-09-04 18:56:57.046379+00:00
26103,79,scholarship,mongodb,aicte_scholarships,scholarships,79,1.0,2026-09-04 18:56:57.046379+00:00
26104,80,scholarship,mongodb,aicte_scholarships,scholarships,80,1.0,2026-09-04 18:56:57.046379+00:00
26105,81,scholarship,mongodb,aicte_scholarships,scholarships,81,1.0,2026-09-04 18:56:57.046379+00:00
26106,82,scholarship,mongodb,aicte_scholarships,scholarships,82,1.0,2026-09-04 18:56:57.046379+00:00
26107,83,scholarship,mongodb,aicte_scholarships,scholarships,83,1.0,2026-09-04 18:56:57.046379+00:00
26108,84,scholarship,mongodb,aicte_scholarships,scholarships,84,1.0,2026-09-04 18:56:57.046379+00:00
26109,85,scholarship,mongodb,aicte_scholarships,scholarships,85,1.0,2026-09-04 18:56:57.046379+00:00
26110,86,scholarship,mongodb,aicte_scholarships,scholarships,86,1.0,2026-09-04 18:56:57.046379+00:00
26111,87,scholarship,mongodb,aicte_scholarships,scholarships,87,1.0,2026-09-04 18:56:57.046379+00:00
26112,88,scholarship,mongodb,aicte_scholarships,scholarships,88,1.0,2026-09-04 18:56:57.046379+00:00
26113,89,scholarship,mongodb,aicte_scholarships,scholarships,89,1.0,2026-09-04 18:56:57.046379+00:00
26114,90,scholarship,mongodb,aicte_scholarships,scholarships,90,1.0,2026-09-04 18:56:57.046379+00:00
26115,91,scholarship,mongodb,aicte_scholarships,scholarships,91,1.0,2026-09-04 18:56:57.046379+00:00
26116,92,scholarship,mongodb,aicte_scholarships,scholarships,92,1.0,2026-09-04 18:56:57.046379+00:00
26117,93,scholarship,mongodb,aicte_scholarships,scholarships,93,1.0,2026-09-04 18:56:57.046379+00:00
26118,94,scholarship,mongodb,aicte_scholarships,scholarships,94,1.0,2026-09-04 18:56:57.046379+00:00
26119,95,scholarship,mongodb,aicte_scholarships,scholarships,95,1.0,2026-09-04 18:56:57.046379+00:00
26120,96,scholarship,mongodb,aicte_scholarships,scholarships,96,1.0,2026-09-04 18:56:57.046379+00:00
26121,97,scholarship,mongodb,aicte_scholarships,scholarships,97,1.0,2026-09-04 18:56:57.046379+00:00
26122,98,scholarship,mongodb,aicte_scholarships,scholarships,98,1.0,2026-09-04 18:56:57.046379+00:00
26123,99,scholarship,mongodb,aicte_scholarships,scholarships,99,1.0,2026-09-04 18:56:57.046379+00:00
26124,100,scholarship,mongodb,aicte_scholarships,scholarships,100,1.0,2026-09-04 18:56:57.046379+00:00
26125,101,scholarship,mongodb,aicte_scholarships,scholarships,101,1.0,2026-09-04 18:56:57.046379+00:00
26126,102,scholarship,mongodb,aicte_scholarships,scholarships,102,1.0,2026-09-04 18:56:57.046379+00:00
26127,103,scholarship,mongodb,aicte_scholarships,scholarships,103,1.0,2026-09-04 18:56:57.046379+00:00
26128,104,scholarship,mongodb,aicte_scholarships,scholarships,104,1.0,2026-09-04 18:56:57.046379+00:00
26129,105,scholarship,mongodb,aicte_scholarships,scholarships,105,1.0,2026-09-04 18:56:57.046379+00:00
26130,106,scholarship,mongodb,aicte_scholarships,scholarships,106,1.0,2026-09-04 18:56:57.046379+00:00
26131,107,scholarship,mongodb,aicte_scholarships,scholarships,107,1.0,2026-09-04 18:56:57.046379+00:00
26132,108,scholarship,mongodb,aicte_scholarships,scholarships,108,1.0,2026-09-04 18:56:57.046379+00:00
26133,109,scholarship,mongodb,aicte_scholarships,scholarships,109,1.0,2026-09-04 18:56:57.046379+00:00
26134,110,scholarship,mongodb,aicte_scholarships,scholarships,110,1.0,2026-09-04 18:56:57.046379+00:00
26135,111,scholarship,mongodb,aicte_scholarships,scholarships,111,1.0,2026-09-04 18:56:57.046379+00:00
26136,112,scholarship,mongodb,aicte_scholarships,scholarships,112,1.0,2026-09-04 18:56:57.046379+00:00
26137,113,scholarship,mongodb,aicte_scholarships,scholarships,113,1.0,2026-09-04 18:56:57.046379+00:00
26138,114,scholarship,mongodb,aicte_scholarships,scholarships,114,1.0,2026-09-04 18:56:57.046379+00:00
26139,115,scholarship,mongodb,aicte_scholarships,scholarships,115,1.0,2026-09-04 18:56:57.046379+00:00
26140,116,scholarship,mongodb,aicte_scholarships,scholarships,116,1.0,2026-09-04 18:56:57.046379+00:00
26141,117,scholarship,mongodb,aicte_scholarships,scholarships,117,1.0,2026-09-04 18:56:57.046379+00:00
26142,118,scholarship,mongodb,aicte_scholarships,scholarships,118,1.0,2026-09-04 18:56:57.046379+00:00
26143,119,scholarship,mongodb,aicte_scholarships,scholarships,119,1.0,2026-09-04 18:56:57.046379+00:00
26144,120,scholarship,mongodb,aicte_scholarships,scholarships,120,1.0,2026-09-04 18:56:57.046379+00:00
26145,121,scholarship,mongodb,aicte_scholarships,scholarships,121,1.0,2026-09-04 18:56:57.046379+00:00
26146,122,scholarship,mongodb,aicte_scholarships,scholarships,122,1.0,2026-09-04 18:56:57.046379+00:00
26147,123,scholarship,mongodb,aicte_scholarships,scholarships,123,1.0,2026-09-04 18:56:57.046379+00:00
26148,124,scholarship,mongodb,aicte_scholarships,scholarships,124,1.0,2026-09-04 18:56:57.046379+00:00
26149,125,scholarship,mongodb,aicte_scholarships,scholarships,125,1.0,2026-09-04 18:56:57.046379+00:00
26150,126,scholarship,mongodb,aicte_scholarships,scholarships,126,1.0,2026-09-04 18:56:57.046379+00:00
26151,127,scholarship,mongodb,aicte_scholarships,scholarships,127,1.0,2026-09-04 18:56:57.046379+00:00
26152,128,scholarship,mongodb,aicte_scholarships,scholarships,128,1.0,2026-09-04 18:56:57.046379+00:00
26153,129,scholarship,mongodb,aicte_scholarships,scholarships,129,1.0,2026-09-04 18:56:57.046379+00:00
26154,130,scholarship,mongodb,aicte_scholarships,scholarships,130,1.0,2026-09-04 18:56:57.046379+00:00
26155,131,scholarship,mongodb,aicte_scholarships,scholarships,131,1.0,2026-09-04 18:56:57.046379+00:00
26156,132,scholarship,mongodb,aicte_scholarships,scholarships,132,1.0,2026-09-04 18:56:57.046379+00:00
26157,133,scholarship,mongodb,aicte_scholarships,scholarships,133,1.0,2026-09-04 18:56:57.046379+00:00
26158,134,scholarship,mongodb,aicte_scholarships,scholarships,134,1.0,2026-09-04 18:56:57.046379+00:00
26159,135,scholarship,mongodb,aicte_scholarships,scholarships,135,1.0,2026-09-04 18:56:57.046379+00:00
26160,136,scholarship,mongodb,aicte_scholarships,scholarships,136,1.0,2026-09-04 18:56:57.046379+00:00
26161,137,scholarship,mongodb,aicte_scholarships,scholarships,137,1.0,2026-09-04 18:56:57.046379+00:00
26162,138,scholarship,mongodb,aicte_scholarships,scholarships,138,1.0,2026-09-04 18:56:57.046379+00:00
26163,139,scholarship,mongodb,aicte_scholarships,scholarships,139,1.0,2026-09-04 18:56:57.046379+00:00
26164,140,scholarship,mongodb,aicte_scholarships,scholarships,140,1.0,2026-09-04 18:56:57.046379+00:00
26165,141,scholarship,mongodb,aicte_scholarships,scholarships,141,1.0,2026-09-04 18:56:57.046379+00:00
26166,142,scholarship,mongodb,aicte_scholarships,scholarships,142,1.0,2026-09-04 18:56:57.046379+00:00
26167,143,scholarship,mongodb,aicte_scholarships,scholarships,143,1.0,2026-09-04 18:56:57.046379+00:00
26168,144,scholarship,mongodb,aicte_scholarships,scholarships,144,1.0,2026-09-04 18:56:57.046379+00:00
26169,145,scholarship,mongodb,aicte_scholarships,scholarships,145,1.0,2026-09-04 18:56:57.046379+00:00
26170,146,scholarship,mongodb,aicte_scholarships,scholarships,146,1.0,2026-09-04 18:56:57.046379+00:00
26171,147,scholarship,mongodb,aicte_scholarships,scholarships,147,1.0,2026-09-04 18:56:57.046379+00:00
26172,148,scholarship,mongodb,aicte_scholarships,scholarships,148,1.0,2026-09-04 18:56:57.046379+00:00
26173,149,scholarship,mongodb,aicte_scholarships,scholarships,149,1.0,2026-09-04 18:56:57.046379+00:00
26174,150,scholarship,mongodb,aicte_scholarships,scholarships,150,1.0,2026-09-04 18:56:57.046379+00:00
26175,APR_00001,approval,legacy_csv,legacy,nba_autonomous_status.csv,0,1.0,2026-09-04 18:56:57.597201+00:00
26176,APR_00002,approval,legacy_csv,legacy,nba_autonomous_status.csv,1,1.0,2026-09-04 18:56:57.597201+00:00
26177,APR_00003,approval,legacy_csv,legacy,nba_autonomous_status.csv,2,1.0,2026-09-04 18:56:57.597201+00:00
26178,APR_00004,approval,legacy_csv,legacy,nba_autonomous_status.csv,3,1.0,2026-09-04 18:56:57.597201+00:00
26179,APR_00005,approval,legacy_csv,legacy,nba_autonomous_status.csv,4,1.0,2026-09-04 18:56:57.597201+00:00
26180,APR_00006,approval,legacy_csv,legacy,nba_autonomous_status.csv,5,1.0,2026-09-04 18:56:57.597201+00:00
26181,APR_00007,approval,legacy_csv,legacy,nba_autonomous_status.csv,6,1.0,2026-09-04 18:56:57.597201+00:00
26182,APR_00008,approval,legacy_csv,legacy,nba_autonomous_status.csv,7,1.0,2026-09-04 18:56:57.597201+00:00
26183,APR_00009,approval,legacy_csv,legacy,nba_autonomous_status.csv,8,1.0,2026-09-04 18:56:57.597201+00:00
26184,APR_00010,approval,legacy_csv,legacy,nba_autonomous_status.csv,9,1.0,2026-09-04 18:56:57.597201+00:00
26185,APR_00011,approval,legacy_csv,legacy,nba_autonomous_status.csv,10,1.0,2026-09-04 18:56:57.597201+00:00
26186,APR_00012,approval,legacy_csv,legacy,nba_autonomous_status.csv,11,1.0,2026-09-04 18:56:57.597201+00:00
26187,APR_00013,approval,legacy_csv,legacy,nba_autonomous_status.csv,12,1.0,2026-09-04 18:56:57.597201+00:00
26188,APR_00014,approval,legacy_csv,legacy,nba_autonomous_status.csv,13,1.0,2026-09-04 18:56:57.597201+00:00
26189,APR_00015,approval,legacy_csv,legacy,nba_autonomous_status.csv,14,1.0,2026-09-04 18:56:57.597201+00:00
26190,APR_00016,approval,legacy_csv,legacy,nba_autonomous_status.csv,15,1.0,2026-09-04 18:56:57.597201+00:00
26191,APR_00017,approval,legacy_csv,legacy,nba_autonomous_status.csv,16,1.0,2026-09-04 18:56:57.597201+00:00
26192,APR_00018,approval,legacy_csv,legacy,nba_autonomous_status.csv,17,1.0,2026-09-04 18:56:57.597201+00:00
26193,APR_00019,approval,legacy_csv,legacy,nba_autonomous_status.csv,18,1.0,2026-09-04 18:56:57.597201+00:00
26194,APR_00020,approval,legacy_csv,legacy,nba_autonomous_status.csv,19,1.0,2026-09-04 18:56:57.597201+00:00
26195,APR_00021,approval,legacy_csv,legacy,nba_autonomous_status.csv,20,1.0,2026-09-04 18:56:57.597201+00:00
26196,APR_00022,approval,legacy_csv,legacy,nba_autonomous_status.csv,21,1.0,2026-09-04 18:56:57.597201+00:00
26197,APR_00023,approval,legacy_csv,legacy,nba_autonomous_status.csv,22,1.0,2026-09-04 18:56:57.597201+00:00
26198,APR_00024,approval,legacy_csv,legacy,nba_autonomous_status.csv,23,1.0,2026-09-04 18:56:57.597201+00:00
26199,APR_00025,approval,legacy_csv,legacy,nba_autonomous_status.csv,24,1.0,2026-09-04 18:56:57.597201+00:00
26200,APR_00026,approval,legacy_csv,legacy,nba_autonomous_status.csv,25,1.0,2026-09-04 18:56:57.597201+00:00
26201,APR_00027,approval,legacy_csv,legacy,nba_autonomous_status.csv,26,1.0,2026-09-04 18:56:57.597201+00:00
26202,APR_00028,approval,legacy_csv,legacy,nba_autonomous_status.csv,27,1.0,2026-09-04 18:56:57.597201+00:00
26203,APR_00029,approval,legacy_csv,legacy,nba_autonomous_status.csv,28,1.0,2026-09-04 18:56:57.597201+00:00
26204,APR_00030,approval,legacy_csv,legacy,nba_autonomous_status.csv,29,1.0,2026-09-04 18:56:57.597201+00:00
26205,APR_00031,approval,legacy_csv,legacy,nba_autonomous_status.csv,30,1.0,2026-09-04 18:56:57.597201+00:00
26206,APR_00032,approval,legacy_csv,legacy,nba_autonomous_status.csv,31,1.0,2026-09-04 18:56:57.597201+00:00
26207,APR_00033,approval,legacy_csv,legacy,nba_autonomous_status.csv,32,1.0,2026-09-04 18:56:57.597201+00:00
26208,APR_00034,approval,legacy_csv,legacy,nba_autonomous_status.csv,33,1.0,2026-09-04 18:56:57.597201+00:00
26209,APR_00035,approval,legacy_csv,legacy,nba_autonomous_status.csv,34,1.0,2026-09-04 18:56:57.597201+00:00
26210,APR_00036,approval,legacy_csv,legacy,nba_autonomous_status.csv,35,1.0,2026-09-04 18:56:57.597201+00:00
26211,APR_00037,approval,legacy_csv,legacy,nba_autonomous_status.csv,36,1.0,2026-09-04 18:56:57.597201+00:00
26212,APR_00038,approval,legacy_csv,legacy,nba_autonomous_status.csv,37,1.0,2026-09-04 18:56:57.597201+00:00
26213,APR_00039,approval,legacy_csv,legacy,nba_autonomous_status.csv,38,1.0,2026-09-04 18:56:57.597201+00:00
26214,APR_00040,approval,legacy_csv,legacy,nba_autonomous_status.csv,39,1.0,2026-09-04 18:56:57.597201+00:00
26215,APR_00041,approval,legacy_csv,legacy,nba_autonomous_status.csv,40,1.0,2026-09-04 18:56:57.597201+00:00
26216,APR_00042,approval,legacy_csv,legacy,nba_autonomous_status.csv,41,1.0,2026-09-04 18:56:57.597201+00:00
26217,APR_00043,approval,legacy_csv,legacy,nba_autonomous_status.csv,42,1.0,2026-09-04 18:56:57.597201+00:00
26218,APR_00044,approval,legacy_csv,legacy,nba_autonomous_status.csv,43,1.0,2026-09-04 18:56:57.597201+00:00
26219,APR_00045,approval,legacy_csv,legacy,nba_autonomous_status.csv,44,1.0,2026-09-04 18:56:57.597201+00:00
26220,APR_00046,approval,legacy_csv,legacy,nba_autonomous_status.csv,45,1.0,2026-09-04 18:56:57.597201+00:00
26221,APR_00047,approval,legacy_csv,legacy,nba_autonomous_status.csv,46,1.0,2026-09-04 18:56:57.597201+00:00
26222,APR_00048,approval,legacy_csv,legacy,nba_autonomous_status.csv,47,1.0,2026-09-04 18:56:57.597201+00:00
26223,APR_00049,approval,legacy_csv,legacy,nba_autonomous_status.csv,48,1.0,2026-09-04 18:56:57.597201+00:00
26224,APR_00050,approval,legacy_csv,legacy,nba_autonomous_status.csv,49,1.0,2026-09-04 18:56:57.597201+00:00
26225,APR_00051,approval,legacy_csv,legacy,nba_autonomous_status.csv,50,1.0,2026-09-04 18:56:57.597201+00:00
26226,APR_00052,approval,legacy_csv,legacy,nba_autonomous_status.csv,51,1.0,2026-09-04 18:56:57.597201+00:00
26227,APR_00053,approval,legacy_csv,legacy,nba_autonomous_status.csv,52,1.0,2026-09-04 18:56:57.597201+00:00
26228,APR_00054,approval,legacy_csv,legacy,nba_autonomous_status.csv,53,1.0,2026-09-04 18:56:57.597201+00:00
26229,APR_00055,approval,legacy_csv,legacy,nba_autonomous_status.csv,54,1.0,2026-09-04 18:56:57.597201+00:00
26230,APR_00056,approval,legacy_csv,legacy,nba_autonomous_status.csv,55,1.0,2026-09-04 18:56:57.597201+00:00
26231,APR_00057,approval,legacy_csv,legacy,nba_autonomous_status.csv,56,1.0,2026-09-04 18:56:57.597201+00:00
26232,APR_00058,approval,legacy_csv,legacy,nba_autonomous_status.csv,57,1.0,2026-09-04 18:56:57.597201+00:00
26233,APR_00059,approval,legacy_csv,legacy,nba_autonomous_status.csv,58,1.0,2026-09-04 18:56:57.597201+00:00
26234,APR_00060,approval,legacy_csv,legacy,nba_autonomous_status.csv,59,1.0,2026-09-04 18:56:57.597201+00:00
26235,APR_00061,approval,legacy_csv,legacy,nba_autonomous_status.csv,60,1.0,2026-09-04 18:56:57.597201+00:00
26236,APR_00062,approval,legacy_csv,legacy,nba_autonomous_status.csv,61,1.0,2026-09-04 18:56:57.597201+00:00
26237,APR_00063,approval,legacy_csv,legacy,nba_autonomous_status.csv,62,1.0,2026-09-04 18:56:57.597201+00:00
26238,APR_00064,approval,legacy_csv,legacy,nba_autonomous_status.csv,63,1.0,2026-09-04 18:56:57.597201+00:00
26239,APR_00065,approval,legacy_csv,legacy,nba_autonomous_status.csv,64,1.0,2026-09-04 18:56:57.597201+00:00
26240,APR_00066,approval,legacy_csv,legacy,nba_autonomous_status.csv,65,1.0,2026-09-04 18:56:57.597201+00:00
26241,APR_00067,approval,legacy_csv,legacy,nba_autonomous_status.csv,66,1.0,2026-09-04 18:56:57.597201+00:00
26242,APR_00068,approval,legacy_csv,legacy,nba_autonomous_status.csv,67,1.0,2026-09-04 18:56:57.597201+00:00
26243,APR_00069,approval,legacy_csv,legacy,nba_autonomous_status.csv,68,1.0,2026-09-04 18:56:57.597201+00:00
26244,APR_00070,approval,legacy_csv,legacy,nba_autonomous_status.csv,69,1.0,2026-09-04 18:56:57.597201+00:00
26245,APR_00071,approval,legacy_csv,legacy,nba_autonomous_status.csv,70,1.0,2026-09-04 18:56:57.597201+00:00
26246,APR_00072,approval,legacy_csv,legacy,nba_autonomous_status.csv,71,1.0,2026-09-04 18:56:57.597201+00:00
26247,APR_00073,approval,legacy_csv,legacy,nba_autonomous_status.csv,72,1.0,2026-09-04 18:56:57.597201+00:00
26248,APR_00074,approval,legacy_csv,legacy,nba_autonomous_status.csv,73,1.0,2026-09-04 18:56:57.597201+00:00
26249,APR_00075,approval,legacy_csv,legacy,nba_autonomous_status.csv,74,1.0,2026-09-04 18:56:57.597201+00:00
26250,APR_00076,approval,legacy_csv,legacy,nba_autonomous_status.csv,75,1.0,2026-09-04 18:56:57.597201+00:00
26251,APR_00077,approval,legacy_csv,legacy,nba_autonomous_status.csv,76,1.0,2026-09-04 18:56:57.597201+00:00
26252,APR_00078,approval,legacy_csv,legacy,nba_autonomous_status.csv,77,1.0,2026-09-04 18:56:57.597201+00:00
26253,APR_00079,approval,legacy_csv,legacy,nba_autonomous_status.csv,78,1.0,2026-09-04 18:56:57.597201+00:00
26254,APR_00080,approval,legacy_csv,legacy,nba_autonomous_status.csv,79,1.0,2026-09-04 18:56:57.597201+00:00
26255,APR_00081,approval,legacy_csv,legacy,closed_institutes.csv,0,1.0,2026-09-04 18:56:57.597201+00:00
26256,APR_00082,approval,legacy_csv,legacy,closed_institutes.csv,1,1.0,2026-09-04 18:56:57.597201+00:00
26257,APR_00083,approval,legacy_csv,legacy,closed_institutes.csv,2,1.0,2026-09-04 18:56:57.597201+00:00
26258,APR_00084,approval,legacy_csv,legacy,closed_institutes.csv,3,1.0,2026-09-04 18:56:57.597201+00:00
26259,APR_00085,approval,legacy_csv,legacy,closed_institutes.csv,4,1.0,2026-09-04 18:56:57.597201+00:00
26260,APR_00086,approval,legacy_csv,legacy,closed_institutes.csv,5,1.0,2026-09-04 18:56:57.597201+00:00
26261,APR_00087,approval,legacy_csv,legacy,closed_institutes.csv,6,1.0,2026-09-04 18:56:57.597201+00:00
26262,APR_00088,approval,legacy_csv,legacy,closed_institutes.csv,7,1.0,2026-09-04 18:56:57.597201+00:00
26263,APR_00089,approval,legacy_csv,legacy,closed_institutes.csv,8,1.0,2026-09-04 18:56:57.597201+00:00
26264,APR_00090,approval,legacy_csv,legacy,closed_institutes.csv,9,1.0,2026-09-04 18:56:57.597201+00:00
26265,APR_00091,approval,legacy_csv,legacy,closed_institutes.csv,10,1.0,2026-09-04 18:56:57.597201+00:00
26266,APR_00092,approval,legacy_csv,legacy,closed_institutes.csv,11,1.0,2026-09-04 18:56:57.597201+00:00
26267,APR_00093,approval,legacy_csv,legacy,closed_institutes.csv,12,1.0,2026-09-04 18:56:57.597201+00:00
26268,APR_00094,approval,legacy_csv,legacy,closed_institutes.csv,13,1.0,2026-09-04 18:56:57.597201+00:00
26269,APR_00095,approval,legacy_csv,legacy,closed_institutes.csv,14,1.0,2026-09-04 18:56:57.597201+00:00
26270,APR_00096,approval,legacy_csv,legacy,closed_institutes.csv,15,1.0,2026-09-04 18:56:57.597201+00:00
26271,APR_00097,approval,legacy_csv,legacy,closed_institutes.csv,16,1.0,2026-09-04 18:56:57.597201+00:00
26272,APR_00098,approval,legacy_csv,legacy,closed_institutes.csv,17,1.0,2026-09-04 18:56:57.597201+00:00
26273,APR_00099,approval,legacy_csv,legacy,closed_institutes.csv,18,1.0,2026-09-04 18:56:57.597201+00:00
26274,APR_00100,approval,legacy_csv,legacy,closed_institutes.csv,19,1.0,2026-09-04 18:56:57.597201+00:00
26275,APR_00101,approval,legacy_csv,legacy,closed_institutes.csv,20,1.0,2026-09-04 18:56:57.597201+00:00
26276,APR_00102,approval,legacy_csv,legacy,closed_institutes.csv,21,1.0,2026-09-04 18:56:57.597201+00:00
26277,APR_00103,approval,legacy_csv,legacy,closed_institutes.csv,22,1.0,2026-09-04 18:56:57.597201+00:00
26278,APR_00104,approval,legacy_csv,legacy,closed_institutes.csv,23,1.0,2026-09-04 18:56:57.597201+00:00
26279,APR_00105,approval,legacy_csv,legacy,closed_institutes.csv,24,1.0,2026-09-04 18:56:57.597201+00:00
26280,APR_00106,approval,legacy_csv,legacy,closed_institutes.csv,25,1.0,2026-09-04 18:56:57.597201+00:00
26281,APR_00107,approval,legacy_csv,legacy,closed_institutes.csv,26,1.0,2026-09-04 18:56:57.597201+00:00
26282,APR_00108,approval,legacy_csv,legacy,closed_institutes.csv,27,1.0,2026-09-04 18:56:57.597201+00:00
26283,APR_00109,approval,legacy_csv,legacy,closed_institutes.csv,28,1.0,2026-09-04 18:56:57.597201+00:00
26284,APR_00110,approval,legacy_csv,legacy,closed_institutes.csv,29,1.0,2026-09-04 18:56:57.597201+00:00
26285,APR_00111,approval,legacy_csv,legacy,closed_institutes.csv,30,1.0,2026-09-04 18:56:57.597201+00:00
26286,APR_00112,approval,legacy_csv,legacy,closed_institutes.csv,31,1.0,2026-09-04 18:56:57.597201+00:00
26287,APR_00113,approval,legacy_csv,legacy,closed_institutes.csv,32,1.0,2026-09-04 18:56:57.597201+00:00
26288,APR_00114,approval,legacy_csv,legacy,closed_institutes.csv,33,1.0,2026-09-04 18:56:57.597201+00:00
26289,APR_00115,approval,legacy_csv,legacy,closed_institutes.csv,34,1.0,2026-09-04 18:56:57.597201+00:00
26290,APR_00116,approval,legacy_csv,legacy,closed_institutes.csv,35,1.0,2026-09-04 18:56:57.597201+00:00
26291,APR_00117,approval,legacy_csv,legacy,closed_institutes.csv,36,1.0,2026-09-04 18:56:57.597201+00:00
26292,APR_00118,approval,legacy_csv,legacy,closed_institutes.csv,37,1.0,2026-09-04 18:56:57.597201+00:00
26293,APR_00119,approval,legacy_csv,legacy,closed_institutes.csv,38,1.0,2026-09-04 18:56:57.597201+00:00
26294,APR_00120,approval,legacy_csv,legacy,closed_institutes.csv,39,1.0,2026-09-04 18:56:57.597201+00:00
26295,APR_00121,approval,legacy_csv,legacy,closed_institutes.csv,40,1.0,2026-09-04 18:56:57.597201+00:00
26296,APR_00122,approval,legacy_csv,legacy,closed_institutes.csv,41,1.0,2026-09-04 18:56:57.597201+00:00
26297,APR_00123,approval,legacy_csv,legacy,closed_institutes.csv,42,1.0,2026-09-04 18:56:57.597201+00:00
26298,APR_00124,approval,legacy_csv,legacy,closed_institutes.csv,43,1.0,2026-09-04 18:56:57.597201+00:00
26299,APR_00125,approval,legacy_csv,legacy,closed_institutes.csv,44,1.0,2026-09-04 18:56:57.597201+00:00
26300,APR_00126,approval,legacy_csv,legacy,closed_institutes.csv,45,1.0,2026-09-04 18:56:57.597201+00:00
26301,APR_00127,approval,legacy_csv,legacy,closed_institutes.csv,46,1.0,2026-09-04 18:56:57.597201+00:00
26302,APR_00128,approval,legacy_csv,legacy,closed_institutes.csv,47,1.0,2026-09-04 18:56:57.597201+00:00
26303,APR_00129,approval,legacy_csv,legacy,closed_institutes.csv,48,1.0,2026-09-04 18:56:57.597201+00:00
26304,APR_00130,approval,legacy_csv,legacy,closed_institutes.csv,49,1.0,2026-09-04 18:56:57.597201+00:00
26305,APR_00131,approval,legacy_csv,legacy,closed_institutes.csv,50,1.0,2026-09-04 18:56:57.597201+00:00
26306,APR_00132,approval,legacy_csv,legacy,closed_institutes.csv,51,1.0,2026-09-04 18:56:57.597201+00:00
26307,APR_00133,approval,legacy_csv,legacy,closed_institutes.csv,52,1.0,2026-09-04 18:56:57.597201+00:00
26308,APR_00134,approval,legacy_csv,legacy,closed_institutes.csv,53,1.0,2026-09-04 18:56:57.597201+00:00
26309,APR_00135,approval,legacy_csv,legacy,closed_institutes.csv,54,1.0,2026-09-04 18:56:57.597201+00:00
26310,APR_00136,approval,legacy_csv,legacy,closed_institutes.csv,55,1.0,2026-09-04 18:56:57.597201+00:00
26311,APR_00137,approval,legacy_csv,legacy,closed_institutes.csv,56,1.0,2026-09-04 18:56:57.597201+00:00
26312,APR_00138,approval,legacy_csv,legacy,closed_institutes.csv,57,1.0,2026-09-04 18:56:57.597201+00:00
26313,APR_00139,approval,legacy_csv,legacy,closed_institutes.csv,58,1.0,2026-09-04 18:56:57.597201+00:00
26314,APR_00140,approval,legacy_csv,legacy,closed_institutes.csv,59,1.0,2026-09-04 18:56:57.597201+00:00
26315,APR_00141,approval,legacy_csv,legacy,closed_institutes.csv,60,1.0,2026-09-04 18:56:57.597201+00:00
26316,APR_00142,approval,legacy_csv,legacy,closed_institutes.csv,61,1.0,2026-09-04 18:56:57.597201+00:00
26317,APR_00143,approval,legacy_csv,legacy,closed_institutes.csv,62,1.0,2026-09-04 18:56:57.597201+00:00
26318,APR_00144,approval,legacy_csv,legacy,closed_institutes.csv,63,1.0,2026-09-04 18:56:57.597201+00:00
26319,APR_00145,approval,legacy_csv,legacy,closed_institutes.csv,64,1.0,2026-09-04 18:56:57.597201+00:00
26320,APR_00146,approval,legacy_csv,legacy,closed_institutes.csv,65,1.0,2026-09-04 18:56:57.597201+00:00
26321,APR_00147,approval,legacy_csv,legacy,closed_institutes.csv,66,1.0,2026-09-04 18:56:57.597201+00:00
26322,APR_00148,approval,legacy_csv,legacy,closed_institutes.csv,67,1.0,2026-09-04 18:56:57.597201+00:00
26323,APR_00149,approval,legacy_csv,legacy,closed_institutes.csv,68,1.0,2026-09-04 18:56:57.597201+00:00
26324,APR_00150,approval,legacy_csv,legacy,closed_institutes.csv,69,1.0,2026-09-04 18:56:57.597201+00:00
26325,APR_00151,approval,legacy_csv,legacy,closed_institutes.csv,70,1.0,2026-09-04 18:56:57.597201+00:00
26326,APR_00152,approval,legacy_csv,legacy,closed_institutes.csv,71,1.0,2026-09-04 18:56:57.597201+00:00
26327,APR_00153,approval,legacy_csv,legacy,closed_institutes.csv,72,1.0,2026-09-04 18:56:57.597201+00:00
26328,APR_00154,approval,legacy_csv,legacy,closed_institutes.csv,73,1.0,2026-09-04 18:56:57.597201+00:00
26329,APR_00155,approval,legacy_csv,legacy,closed_institutes.csv,74,1.0,2026-09-04 18:56:57.597201+00:00
26330,APR_00156,approval,legacy_csv,legacy,closed_institutes.csv,75,1.0,2026-09-04 18:56:57.597201+00:00
26331,APR_00157,approval,legacy_csv,legacy,closed_institutes.csv,76,1.0,2026-09-04 18:56:57.597201+00:00
26332,APR_00158,approval,legacy_csv,legacy,closed_institutes.csv,77,1.0,2026-09-04 18:56:57.597201+00:00
26333,APR_00159,approval,legacy_csv,legacy,closed_institutes.csv,78,1.0,2026-09-04 18:56:57.597201+00:00
26334,APR_00160,approval,legacy_csv,legacy,closed_institutes.csv,79,1.0,2026-09-04 18:56:57.597201+00:00
26335,APR_00161,approval,legacy_csv,legacy,closed_institutes.csv,80,1.0,2026-09-04 18:56:57.597201+00:00
26336,APR_00162,approval,legacy_csv,legacy,closed_institutes.csv,81,1.0,2026-09-04 18:56:57.597201+00:00
26337,APR_00163,approval,legacy_csv,legacy,closed_institutes.csv,82,1.0,2026-09-04 18:56:57.597201+00:00
26338,APR_00164,approval,legacy_csv,legacy,closed_institutes.csv,83,1.0,2026-09-04 18:56:57.597201+00:00
26339,APR_00165,approval,legacy_csv,legacy,closed_institutes.csv,84,1.0,2026-09-04 18:56:57.597201+00:00
26340,APR_00166,approval,legacy_csv,legacy,closed_institutes.csv,85,1.0,2026-09-04 18:56:57.597201+00:00
26341,APR_00167,approval,legacy_csv,legacy,closed_institutes.csv,86,1.0,2026-09-04 18:56:57.597201+00:00
26342,APR_00168,approval,legacy_csv,legacy,closed_institutes.csv,87,1.0,2026-09-04 18:56:57.597201+00:00
26343,APR_00169,approval,legacy_csv,legacy,closed_institutes.csv,88,1.0,2026-09-04 18:56:57.597201+00:00
26344,APR_00170,approval,legacy_csv,legacy,closed_institutes.csv,89,1.0,2026-09-04 18:56:57.597201+00:00
26345,APR_00171,approval,legacy_csv,legacy,closed_institutes.csv,90,1.0,2026-09-04 18:56:57.597201+00:00
26346,APR_00172,approval,legacy_csv,legacy,closed_institutes.csv,91,1.0,2026-09-04 18:56:57.597201+00:00
26347,APR_00173,approval,legacy_csv,legacy,closed_institutes.csv,92,1.0,2026-09-04 18:56:57.597201+00:00
26348,APR_00174,approval,legacy_csv,legacy,closed_institutes.csv,93,1.0,2026-09-04 18:56:57.597201+00:00
26349,APR_00175,approval,legacy_csv,legacy,closed_institutes.csv,94,1.0,2026-09-04 18:56:57.597201+00:00
26350,APR_00176,approval,legacy_csv,legacy,closed_institutes.csv,95,1.0,2026-09-04 18:56:57.597201+00:00
26351,APR_00177,approval,legacy_csv,legacy,closed_institutes.csv,96,1.0,2026-09-04 18:56:57.597201+00:00
26352,APR_00178,approval,legacy_csv,legacy,closed_institutes.csv,97,1.0,2026-09-04 18:56:57.597201+00:00
26353,APR_00179,approval,legacy_csv,legacy,unapproved_list.csv,0,1.0,2026-09-04 18:56:57.597201+00:00
26354,APR_00180,approval,legacy_csv,legacy,unapproved_list.csv,1,1.0,2026-09-04 18:56:57.597201+00:00
26355,APR_00181,approval,legacy_csv,legacy,unapproved_list.csv,2,1.0,2026-09-04 18:56:57.597201+00:00
26356,APR_00182,approval,legacy_csv,legacy,unapproved_list.csv,3,1.0,2026-09-04 18:56:57.597201+00:00
26357,APR_00183,approval,legacy_csv,legacy,unapproved_list.csv,4,1.0,2026-09-04 18:56:57.597201+00:00
26358,APR_00184,approval,legacy_csv,legacy,unapproved_list.csv,5,1.0,2026-09-04 18:56:57.597201+00:00
26359,APR_00185,approval,legacy_csv,legacy,unapproved_list.csv,6,1.0,2026-09-04 18:56:57.597201+00:00
26360,APR_00186,approval,legacy_csv,legacy,unapproved_list.csv,7,1.0,2026-09-04 18:56:57.597201+00:00
26361,APR_00187,approval,legacy_csv,legacy,unapproved_list.csv,8,1.0,2026-09-04 18:56:57.597201+00:00
26362,APR_00188,approval,legacy_csv,legacy,unapproved_list.csv,9,1.0,2026-09-04 18:56:57.597201+00:00
26363,APR_00189,approval,legacy_csv,legacy,unapproved_list.csv,10,1.0,2026-09-04 18:56:57.597201+00:00
26364,APR_00190,approval,legacy_csv,legacy,unapproved_list.csv,11,1.0,2026-09-04 18:56:57.597201+00:00
26365,APR_00191,approval,legacy_csv,legacy,unapproved_list.csv,12,1.0,2026-09-04 18:56:57.597201+00:00
26366,APR_00192,approval,legacy_csv,legacy,unapproved_list.csv,13,1.0,2026-09-04 18:56:57.597201+00:00
26367,APR_00193,approval,legacy_csv,legacy,unapproved_list.csv,14,1.0,2026-09-04 18:56:57.597201+00:00
26368,APR_00194,approval,legacy_csv,legacy,unapproved_list.csv,15,1.0,2026-09-04 18:56:57.597201+00:00
26369,APR_00195,approval,legacy_csv,legacy,unapproved_list.csv,16,1.0,2026-09-04 18:56:57.597201+00:00
26370,APR_00196,approval,legacy_csv,legacy,unapproved_list.csv,17,1.0,2026-09-04 18:56:57.597201+00:00
26371,APR_00197,approval,legacy_csv,legacy,unapproved_list.csv,18,1.0,2026-09-04 18:56:57.597201+00:00
26372,APR_00198,approval,legacy_csv,legacy,unapproved_list.csv,19,1.0,2026-09-04 18:56:57.597201+00:00
26373,APR_00199,approval,legacy_csv,legacy,unapproved_list.csv,20,1.0,2026-09-04 18:56:57.597201+00:00
26374,APR_00200,approval,legacy_csv,legacy,unapproved_list.csv,21,1.0,2026-09-04 18:56:57.597201+00:00
26375,APR_00201,approval,legacy_csv,legacy,unapproved_list.csv,22,1.0,2026-09-04 18:56:57.597201+00:00
26376,APR_00202,approval,legacy_csv,legacy,unapproved_list.csv,23,1.0,2026-09-04 18:56:57.597201+00:00
26377,APR_00203,approval,legacy_csv,legacy,unapproved_list.csv,24,1.0,2026-09-04 18:56:57.597201+00:00
26378,APR_00204,approval,legacy_csv,legacy,unapproved_list.csv,25,1.0,2026-09-04 18:56:57.597201+00:00
26379,APR_00205,approval,legacy_csv,legacy,unapproved_list.csv,26,1.0,2026-09-04 18:56:57.597201+00:00
26380,APR_00206,approval,legacy_csv,legacy,unapproved_list.csv,27,1.0,2026-09-04 18:56:57.597201+00:00
26381,APR_00207,approval,legacy_csv,legacy,unapproved_list.csv,28,1.0,2026-09-04 18:56:57.597201+00:00
26382,APR_00208,approval,legacy_csv,legacy,unapproved_list.csv,29,1.0,2026-09-04 18:56:57.597201+00:00
26383,APR_00209,approval,legacy_csv,legacy,unapproved_list.csv,30,1.0,2026-09-04 18:56:57.597201+00:00
26384,APR_00210,approval,legacy_csv,legacy,unapproved_list.csv,31,1.0,2026-09-04 18:56:57.597201+00:00
26385,APR_00211,approval,legacy_csv,legacy,unapproved_list.csv,32,1.0,2026-09-04 18:56:57.597201+00:00
26386,APR_00212,approval,legacy_csv,legacy,unapproved_list.csv,33,1.0,2026-09-04 18:56:57.597201+00:00
26387,APR_00213,approval,legacy_csv,legacy,unapproved_list.csv,34,1.0,2026-09-04 18:56:57.597201+00:00
26388,APR_00214,approval,legacy_csv,legacy,unapproved_list.csv,35,1.0,2026-09-04 18:56:57.597201+00:00
26389,APR_00215,approval,legacy_csv,legacy,unapproved_list.csv,36,1.0,2026-09-04 18:56:57.597201+00:00
26390,APR_00216,approval,legacy_csv,legacy,unapproved_list.csv,37,1.0,2026-09-04 18:56:57.597201+00:00
26391,APR_00217,approval,legacy_csv,legacy,unapproved_list.csv,38,1.0,2026-09-04 18:56:57.597201+00:00
26392,APR_00218,approval,legacy_csv,legacy,unapproved_list.csv,39,1.0,2026-09-04 18:56:57.597201+00:00
26393,APR_00219,approval,legacy_csv,legacy,unapproved_list.csv,40,1.0,2026-09-04 18:56:57.597201+00:00
26394,APR_00220,approval,legacy_csv,legacy,unapproved_list.csv,41,1.0,2026-09-04 18:56:57.597201+00:00
26395,APR_00221,approval,legacy_csv,legacy,unapproved_list.csv,42,1.0,2026-09-04 18:56:57.597201+00:00
26396,APR_00222,approval,legacy_csv,legacy,unapproved_list.csv,43,1.0,2026-09-04 18:56:57.597201+00:00
26397,APR_00223,approval,legacy_csv,legacy,unapproved_list.csv,44,1.0,2026-09-04 18:56:57.597201+00:00
26398,APR_00224,approval,legacy_csv,legacy,unapproved_list.csv,45,1.0,2026-09-04 18:56:57.597201+00:00
26399,APR_00225,approval,legacy_csv,legacy,unapproved_list.csv,46,1.0,2026-09-04 18:56:57.597201+00:00
26400,APR_00226,approval,legacy_csv,legacy,unapproved_list.csv,47,1.0,2026-09-04 18:56:57.597201+00:00
26401,APR_00227,approval,legacy_csv,legacy,unapproved_list.csv,48,1.0,2026-09-04 18:56:57.597201+00:00
26402,APR_00228,approval,legacy_csv,legacy,unapproved_list.csv,49,1.0,2026-09-04 18:56:57.597201+00:00
26403,APR_00229,approval,legacy_csv,legacy,unapproved_list.csv,50,1.0,2026-09-04 18:56:57.597201+00:00
26404,APR_00230,approval,legacy_csv,legacy,unapproved_list.csv,51,1.0,2026-09-04 18:56:57.597201+00:00
26405,APR_00231,approval,legacy_csv,legacy,unapproved_list.csv,52,1.0,2026-09-04 18:56:57.597201+00:00
26406,APR_00232,approval,legacy_csv,legacy,unapproved_list.csv,53,1.0,2026-09-04 18:56:57.597201+00:00
26407,APR_00233,approval,legacy_csv,legacy,unapproved_list.csv,54,1.0,2026-09-04 18:56:57.597201+00:00
26408,APR_00234,approval,legacy_csv,legacy,unapproved_list.csv,55,1.0,2026-09-04 18:56:57.597201+00:00
26409,APR_00235,approval,legacy_csv,legacy,unapproved_list.csv,56,1.0,2026-09-04 18:56:57.597201+00:00
26410,APR_00236,approval,legacy_csv,legacy,unapproved_list.csv,57,1.0,2026-09-04 18:56:57.597201+00:00
26411,APR_00237,approval,legacy_csv,legacy,unapproved_list.csv,58,1.0,2026-09-04 18:56:57.597201+00:00
26412,APR_00238,approval,legacy_csv,legacy,unapproved_list.csv,59,1.0,2026-09-04 18:56:57.597201+00:00
26413,APR_00239,approval,legacy_csv,legacy,unapproved_list.csv,60,1.0,2026-09-04 18:56:57.597201+00:00
26414,APR_00240,approval,legacy_csv,legacy,unapproved_list.csv,61,1.0,2026-09-04 18:56:57.597201+00:00
26415,APR_00241,approval,legacy_csv,legacy,unapproved_list.csv,62,1.0,2026-09-04 18:56:57.597201+00:00
26416,APR_00242,approval,legacy_csv,legacy,unapproved_list.csv,63,1.0,2026-09-04 18:56:57.597201+00:00
26417,APR_00243,approval,legacy_csv,legacy,unapproved_list.csv,64,1.0,2026-09-04 18:56:57.597201+00:00
26418,APR_00244,approval,legacy_csv,legacy,unapproved_list.csv,65,1.0,2026-09-04 18:56:57.597201+00:00
26419,APR_00245,approval,legacy_csv,legacy,unapproved_list.csv,66,1.0,2026-09-04 18:56:57.597201+00:00
26420,APR_00246,approval,legacy_csv,legacy,unapproved_list.csv,67,1.0,2026-09-04 18:56:57.597201+00:00
26421,APR_00247,approval,legacy_csv,legacy,unapproved_list.csv,68,1.0,2026-09-04 18:56:57.597201+00:00
26422,APR_00248,approval,legacy_csv,legacy,unapproved_list.csv,69,1.0,2026-09-04 18:56:57.597201+00:00
26423,APR_00249,approval,legacy_csv,legacy,unapproved_list.csv,70,1.0,2026-09-04 18:56:57.597201+00:00
26424,APR_00250,approval,legacy_csv,legacy,unapproved_list.csv,71,1.0,2026-09-04 18:56:57.597201+00:00
26425,APR_00251,approval,legacy_csv,legacy,unapproved_list.csv,72,1.0,2026-09-04 18:56:57.597201+00:00
26426,APR_00252,approval,legacy_csv,legacy,unapproved_list.csv,73,1.0,2026-09-04 18:56:57.597201+00:00
26427,APR_00253,approval,legacy_csv,legacy,unapproved_list.csv,74,1.0,2026-09-04 18:56:57.597201+00:00
26428,APR_00254,approval,legacy_csv,legacy,unapproved_list.csv,75,1.0,2026-09-04 18:56:57.597201+00:00
26429,APR_00255,approval,legacy_csv,legacy,unapproved_list.csv,76,1.0,2026-09-04 18:56:57.597201+00:00
26430,APR_00256,approval,legacy_csv,legacy,unapproved_list.csv,77,1.0,2026-09-04 18:56:57.597201+00:00
26431,APR_00257,approval,legacy_csv,legacy,unapproved_list.csv,78,1.0,2026-09-04 18:56:57.597201+00:00
26432,APR_00258,approval,legacy_csv,legacy,unapproved_list.csv,79,1.0,2026-09-04 18:56:57.597201+00:00
26433,APR_00259,approval,legacy_csv,legacy,unapproved_list.csv,80,1.0,2026-09-04 18:56:57.597201+00:00
26434,APR_00260,approval,legacy_csv,legacy,unapproved_list.csv,81,1.0,2026-09-04 18:56:57.597201+00:00
26435,APR_00261,approval,legacy_csv,legacy,unapproved_list.csv,82,1.0,2026-09-04 18:56:57.597201+00:00
26436,APR_00262,approval,legacy_csv,legacy,unapproved_list.csv,83,1.0,2026-09-04 18:56:57.597201+00:00
26437,APR_00263,approval,legacy_csv,legacy,unapproved_list.csv,84,1.0,2026-09-04 18:56:57.597201+00:00
26438,APR_00264,approval,legacy_csv,legacy,unapproved_list.csv,85,1.0,2026-09-04 18:56:57.597201+00:00
26439,APR_00265,approval,legacy_csv,legacy,unapproved_list.csv,86,1.0,2026-09-04 18:56:57.597201+00:00
26440,APR_00266,approval,legacy_csv,legacy,unapproved_list.csv,87,1.0,2026-09-04 18:56:57.597201+00:00
26441,APR_00267,approval,legacy_csv,legacy,unapproved_list.csv,88,1.0,2026-09-04 18:56:57.597201+00:00
26442,APR_00268,approval,legacy_csv,legacy,unapproved_list.csv,89,1.0,2026-09-04 18:56:57.597201+00:00
26443,APR_00269,approval,legacy_csv,legacy,unapproved_list.csv,90,1.0,2026-09-04 18:56:57.597201+00:00
26444,APR_00270,approval,legacy_csv,legacy,unapproved_list.csv,91,1.0,2026-09-04 18:56:57.597201+00:00
26445,APR_00271,approval,legacy_csv,legacy,unapproved_list.csv,92,1.0,2026-09-04 18:56:57.597201+00:00
26446,APR_00272,approval,legacy_csv,legacy,unapproved_list.csv,93,1.0,2026-09-04 18:56:57.597201+00:00
26447,APR_00273,approval,legacy_csv,legacy,unapproved_list.csv,94,1.0,2026-09-04 18:56:57.597201+00:00
26448,INT_00001,internship,internships,internships_portal,internships.csv,0,1.0,2026-09-04 18:56:58.592466+00:00
26449,INT_00002,internship,internships,internships_portal,internships.csv,1,1.0,2026-09-04 18:56:58.592466+00:00
26450,INT_00003,internship,internships,internships_portal,internships.csv,2,1.0,2026-09-04 18:56:58.592466+00:00
26451,INT_00004,internship,internships,internships_portal,internships.csv,3,1.0,2026-09-04 18:56:58.592466+00:00
26452,INT_00005,internship,internships,internships_portal,internships.csv,4,1.0,2026-09-04 18:56:58.592466+00:00
26453,INT_00006,internship,internships,internships_portal,internships.csv,5,1.0,2026-09-04 18:56:58.592466+00:00
26454,INT_00007,internship,internships,internships_portal,internships.csv,6,1.0,2026-09-04 18:56:58.592466+00:00
26455,INT_00008,internship,internships,internships_portal,internships.csv,7,1.0,2026-09-04 18:56:58.592466+00:00
26456,INT_00009,internship,internships,internships_portal,internships.csv,8,1.0,2026-09-04 18:56:58.592466+00:00
26457,INT_00010,internship,internships,internships_portal,internships.csv,9,1.0,2026-09-04 18:56:58.592466+00:00
26458,INT_00011,internship,internships,internships_portal,internships.csv,10,1.0,2026-09-04 18:56:58.592466+00:00
26459,INT_00012,internship,internships,internships_portal,internships.csv,11,1.0,2026-09-04 18:56:58.592466+00:00
26460,INT_00013,internship,internships,internships_portal,internships.csv,12,1.0,2026-09-04 18:56:58.592466+00:00
26461,INT_00014,internship,internships,internships_portal,internships.csv,13,1.0,2026-09-04 18:56:58.592466+00:00
26462,INT_00015,internship,internships,internships_portal,internships.csv,14,1.0,2026-09-04 18:56:58.592466+00:00
26463,INT_00016,internship,internships,internships_portal,internships.csv,15,1.0,2026-09-04 18:56:58.592466+00:00
26464,INT_00017,internship,internships,internships_portal,internships.csv,16,1.0,2026-09-04 18:56:58.592466+00:00
26465,INT_00018,internship,internships,internships_portal,internships.csv,17,1.0,2026-09-04 18:56:58.592466+00:00
26466,INT_00019,internship,internships,internships_portal,internships.csv,18,1.0,2026-09-04 18:56:58.592466+00:00
26467,INT_00020,internship,internships,internships_portal,internships.csv,19,1.0,2026-09-04 18:56:58.592466+00:00
26468,INT_00021,internship,internships,internships_portal,internships.csv,20,1.0,2026-09-04 18:56:58.592466+00:00
26469,INT_00022,internship,internships,internships_portal,internships.csv,21,1.0,2026-09-04 18:56:58.592466+00:00
26470,INT_00023,internship,internships,internships_portal,internships.csv,22,1.0,2026-09-04 18:56:58.592466+00:00
26471,INT_00024,internship,internships,internships_portal,internships.csv,23,1.0,2026-09-04 18:56:58.592466+00:00
26472,INT_00025,internship,internships,internships_portal,internships.csv,24,1.0,2026-09-04 18:56:58.592466+00:00
26473,INT_00026,internship,internships,internships_portal,internships.csv,25,1.0,2026-09-04 18:56:58.592466+00:00
26474,INT_00027,internship,internships,internships_portal,internships.csv,26,1.0,2026-09-04 18:56:58.592466+00:00
26475,INT_00028,internship,internships,internships_portal,internships.csv,27,1.0,2026-09-04 18:56:58.592466+00:00
26476,INT_00029,internship,internships,internships_portal,internships.csv,28,1.0,2026-09-04 18:56:58.592466+00:00
26477,INT_00030,internship,internships,internships_portal,internships.csv,29,1.0,2026-09-04 18:56:58.592466+00:00
26478,INT_00031,internship,internships,internships_portal,internships.csv,30,1.0,2026-09-04 18:56:58.592466+00:00
26479,INT_00032,internship,internships,internships_portal,internships.csv,31,1.0,2026-09-04 18:56:58.592466+00:00
26480,INT_00033,internship,internships,internships_portal,internships.csv,32,1.0,2026-09-04 18:56:58.592466+00:00
26481,INT_00034,internship,internships,internships_portal,internships.csv,33,1.0,2026-09-04 18:56:58.592466+00:00
26482,INT_00035,internship,internships,internships_portal,internships.csv,34,1.0,2026-09-04 18:56:58.592466+00:00
26483,INT_00036,internship,internships,internships_portal,internships.csv,35,1.0,2026-09-04 18:56:58.592466+00:00
26484,INT_00037,internship,internships,internships_portal,internships.csv,36,1.0,2026-09-04 18:56:58.592466+00:00
26485,INT_00038,internship,internships,internships_portal,internships.csv,37,1.0,2026-09-04 18:56:58.592466+00:00
26486,INT_00039,internship,internships,internships_portal,internships.csv,38,1.0,2026-09-04 18:56:58.592466+00:00
26487,INT_00040,internship,internships,internships_portal,internships.csv,39,1.0,2026-09-04 18:56:58.592466+00:00
26488,INT_00041,internship,internships,internships_portal,internships.csv,40,1.0,2026-09-04 18:56:58.592466+00:00
26489,INT_00042,internship,internships,internships_portal,internships.csv,41,1.0,2026-09-04 18:56:58.592466+00:00
26490,INT_00043,internship,internships,internships_portal,internships.csv,42,1.0,2026-09-04 18:56:58.592466+00:00
26491,INT_00044,internship,internships,internships_portal,internships.csv,43,1.0,2026-09-04 18:56:58.592466+00:00
26492,INT_00045,internship,internships,internships_portal,internships.csv,44,1.0,2026-09-04 18:56:58.592466+00:00
26493,INT_00046,internship,internships,internships_portal,internships.csv,45,1.0,2026-09-04 18:56:58.592466+00:00
26494,INT_00047,internship,internships,internships_portal,internships.csv,46,1.0,2026-09-04 18:56:58.592466+00:00
26495,INT_00048,internship,internships,internships_portal,internships.csv,47,1.0,2026-09-04 18:56:58.592466+00:00
26496,INT_00049,internship,internships,internships_portal,internships.csv,48,1.0,2026-09-04 18:56:58.592466+00:00
26497,INT_00050,internship,internships,internships_portal,internships.csv,49,1.0,2026-09-04 18:56:58.592466+00:00
26498,INT_00051,internship,internships,internships_portal,internships.csv,50,1.0,2026-09-04 18:56:58.592466+00:00
26499,INT_00052,internship,internships,internships_portal,internships.csv,51,1.0,2026-09-04 18:56:58.592466+00:00
26500,INT_00053,internship,internships,internships_portal,internships.csv,52,1.0,2026-09-04 18:56:58.592466+00:00
26501,INT_00054,internship,internships,internships_portal,internships.csv,53,1.0,2026-09-04 18:56:58.592466+00:00
26502,INT_00055,internship,internships,internships_portal,internships.csv,54,1.0,2026-09-04 18:56:58.592466+00:00
26503,INT_00056,internship,internships,internships_portal,internships.csv,55,1.0,2026-09-04 18:56:58.592466+00:00
26504,INT_00057,internship,internships,internships_portal,internships.csv,56,1.0,2026-09-04 18:56:58.592466+00:00
26505,INT_00058,internship,internships,internships_portal,internships.csv,57,1.0,2026-09-04 18:56:58.592466+00:00
26506,INT_00059,internship,internships,internships_portal,internships.csv,58,1.0,2026-09-04 18:56:58.592466+00:00
26507,INT_00060,internship,internships,internships_portal,internships.csv,59,1.0,2026-09-04 18:56:58.592466+00:00
26508,INT_00061,internship,internships,internships_portal,internships.csv,60,1.0,2026-09-04 18:56:58.592466+00:00
26509,INT_00062,internship,internships,internships_portal,internships.csv,61,1.0,2026-09-04 18:56:58.592466+00:00
26510,INT_00063,internship,internships,internships_portal,internships.csv,62,1.0,2026-09-04 18:56:58.592466+00:00
26511,INT_00064,internship,internships,internships_portal,internships.csv,63,1.0,2026-09-04 18:56:58.592466+00:00
26512,INT_00065,internship,internships,internships_portal,internships.csv,64,1.0,2026-09-04 18:56:58.592466+00:00
26513,INT_00066,internship,internships,internships_portal,internships.csv,65,1.0,2026-09-04 18:56:58.592466+00:00
26514,INT_00067,internship,internships,internships_portal,internships.csv,66,1.0,2026-09-04 18:56:58.592466+00:00
26515,INT_00068,internship,internships,internships_portal,internships.csv,67,1.0,2026-09-04 18:56:58.592466+00:00
26516,INT_00069,internship,internships,internships_portal,internships.csv,68,1.0,2026-09-04 18:56:58.592466+00:00
26517,INT_00070,internship,internships,internships_portal,internships.csv,69,1.0,2026-09-04 18:56:58.592466+00:00
26518,INT_00071,internship,internships,internships_portal,internships.csv,70,1.0,2026-09-04 18:56:58.592466+00:00
26519,INT_00072,internship,internships,internships_portal,internships.csv,71,1.0,2026-09-04 18:56:58.592466+00:00
26520,INT_00073,internship,internships,internships_portal,internships.csv,72,1.0,2026-09-04 18:56:58.592466+00:00
26521,INT_00074,internship,internships,internships_portal,internships.csv,73,1.0,2026-09-04 18:56:58.592466+00:00
26522,INT_00075,internship,internships,internships_portal,internships.csv,74,1.0,2026-09-04 18:56:58.592466+00:00
26523,INT_00076,internship,internships,internships_portal,internships.csv,75,1.0,2026-09-04 18:56:58.592466+00:00
26524,INT_00077,internship,internships,internships_portal,internships.csv,76,1.0,2026-09-04 18:56:58.592466+00:00
26525,INT_00078,internship,internships,internships_portal,internships.csv,77,1.0,2026-09-04 18:56:58.592466+00:00
26526,INT_00079,internship,internships,internships_portal,internships.csv,78,1.0,2026-09-04 18:56:58.592466+00:00
26527,INT_00080,internship,internships,internships_portal,internships.csv,79,1.0,2026-09-04 18:56:58.592466+00:00
26528,INT_00081,internship,internships,internships_portal,internships.csv,80,1.0,2026-09-04 18:56:58.592466+00:00
26529,INT_00082,internship,internships,internships_portal,internships.csv,81,1.0,2026-09-04 18:56:58.592466+00:00
26530,INT_00083,internship,internships,internships_portal,internships.csv,82,1.0,2026-09-04 18:56:58.592466+00:00
26531,INT_00084,internship,internships,internships_portal,internships.csv,83,1.0,2026-09-04 18:56:58.592466+00:00
26532,INT_00085,internship,internships,internships_portal,internships.csv,84,1.0,2026-09-04 18:56:58.592466+00:00
26533,INT_00086,internship,internships,internships_portal,internships.csv,85,1.0,2026-09-04 18:56:58.592466+00:00
26534,INT_00087,internship,internships,internships_portal,internships.csv,86,1.0,2026-09-04 18:56:58.592466+00:00
26535,INT_00088,internship,internships,internships_portal,internships.csv,87,1.0,2026-09-04 18:56:58.592466+00:00
26536,INT_00089,internship,internships,internships_portal,internships.csv,88,1.0,2026-09-04 18:56:58.592466+00:00
26537,INT_00090,internship,internships,internships_portal,internships.csv,89,1.0,2026-09-04 18:56:58.592466+00:00
26538,INT_00091,internship,internships,internships_portal,internships.csv,90,1.0,2026-09-04 18:56:58.592466+00:00
26539,INT_00092,internship,internships,internships_portal,internships.csv,91,1.0,2026-09-04 18:56:58.592466+00:00
26540,INT_00093,internship,internships,internships_portal,internships.csv,92,1.0,2026-09-04 18:56:58.592466+00:00
26541,INT_00094,internship,internships,internships_portal,internships.csv,93,1.0,2026-09-04 18:56:58.592466+00:00
26542,INT_00095,internship,internships,internships_portal,internships.csv,94,1.0,2026-09-04 18:56:58.592466+00:00
26543,INT_00096,internship,internships,internships_portal,internships.csv,95,1.0,2026-09-04 18:56:58.592466+00:00
26544,INT_00097,internship,internships,internships_portal,internships.csv,96,1.0,2026-09-04 18:56:58.592466+00:00
26545,INT_00098,internship,internships,internships_portal,internships.csv,97,1.0,2026-09-04 18:56:58.592466+00:00
26546,INT_00099,internship,internships,internships_portal,internships.csv,98,1.0,2026-09-04 18:56:58.592466+00:00
26547,INT_00100,internship,internships,internships_portal,internships.csv,99,1.0,2026-09-04 18:56:58.592466+00:00
26548,INT_00101,internship,internships,internships_portal,internships.csv,100,1.0,2026-09-04 18:56:58.592466+00:00
26549,INT_00102,internship,internships,internships_portal,internships.csv,101,1.0,2026-09-04 18:56:58.592466+00:00
26550,INT_00103,internship,internships,internships_portal,internships.csv,102,1.0,2026-09-04 18:56:58.592466+00:00
26551,INT_00104,internship,internships,internships_portal,internships.csv,103,1.0,2026-09-04 18:56:58.592466+00:00
26552,INT_00105,internship,internships,internships_portal,internships.csv,104,1.0,2026-09-04 18:56:58.592466+00:00
26553,INT_00106,internship,internships,internships_portal,internships.csv,105,1.0,2026-09-04 18:56:58.592466+00:00
26554,INT_00107,internship,internships,internships_portal,internships.csv,106,1.0,2026-09-04 18:56:58.592466+00:00
26555,INT_00108,internship,internships,internships_portal,internships.csv,107,1.0,2026-09-04 18:56:58.592466+00:00
26556,INT_00109,internship,internships,internships_portal,internships.csv,108,1.0,2026-09-04 18:56:58.592466+00:00
26557,INT_00110,internship,internships,internships_portal,internships.csv,109,1.0,2026-09-04 18:56:58.592466+00:00
26558,INT_00111,internship,internships,internships_portal,internships.csv,110,1.0,2026-09-04 18:56:58.592466+00:00
26559,INT_00112,internship,internships,internships_portal,internships.csv,111,1.0,2026-09-04 18:56:58.592466+00:00
26560,INT_00113,internship,internships,internships_portal,internships.csv,112,1.0,2026-09-04 18:56:58.592466+00:00
26561,INT_00114,internship,internships,internships_portal,internships.csv,113,1.0,2026-09-04 18:56:58.592466+00:00
26562,INT_00115,internship,internships,internships_portal,internships.csv,114,1.0,2026-09-04 18:56:58.592466+00:00
26563,INT_00116,internship,internships,internships_portal,internships.csv,115,1.0,2026-09-04 18:56:58.592466+00:00
26564,INT_00117,internship,internships,internships_portal,internships.csv,116,1.0,2026-09-04 18:56:58.592466+00:00
26565,INT_00118,internship,internships,internships_portal,internships.csv,117,1.0,2026-09-04 18:56:58.592466+00:00
26566,INT_00119,internship,internships,internships_portal,internships.csv,118,1.0,2026-09-04 18:56:58.592466+00:00
26567,INT_00120,internship,internships,internships_portal,internships.csv,119,1.0,2026-09-04 18:56:58.592466+00:00
26568,INT_00121,internship,internships,internships_portal,internships.csv,120,1.0,2026-09-04 18:56:58.592466+00:00
26569,INT_00122,internship,internships,internships_portal,internships.csv,121,1.0,2026-09-04 18:56:58.592466+00:00
26570,INT_00123,internship,internships,internships_portal,internships.csv,122,1.0,2026-09-04 18:56:58.592466+00:00
26571,INT_00124,internship,internships,internships_portal,internships.csv,123,1.0,2026-09-04 18:56:58.592466+00:00
26572,INT_00125,internship,internships,internships_portal,internships.csv,124,1.0,2026-09-04 18:56:58.592466+00:00
26573,INT_00126,internship,internships,internships_portal,internships.csv,125,1.0,2026-09-04 18:56:58.592466+00:00
26574,INT_00127,internship,internships,internships_portal,internships.csv,126,1.0,2026-09-04 18:56:58.592466+00:00
26575,INT_00128,internship,internships,internships_portal,internships.csv,127,1.0,2026-09-04 18:56:58.592466+00:00
26576,INT_00129,internship,internships,internships_portal,internships.csv,128,1.0,2026-09-04 18:56:58.592466+00:00
26577,INT_00130,internship,internships,internships_portal,internships.csv,129,1.0,2026-09-04 18:56:58.592466+00:00
26578,INT_00131,internship,internships,internships_portal,internships.csv,130,1.0,2026-09-04 18:56:58.592466+00:00
26579,INT_00132,internship,internships,internships_portal,internships.csv,131,1.0,2026-09-04 18:56:58.592466+00:00
26580,INT_00133,internship,internships,internships_portal,internships.csv,132,1.0,2026-09-04 18:56:58.592466+00:00
26581,INT_00134,internship,internships,internships_portal,internships.csv,133,1.0,2026-09-04 18:56:58.592466+00:00
26582,INT_00135,internship,internships,internships_portal,internships.csv,134,1.0,2026-09-04 18:56:58.592466+00:00
26583,INT_00136,internship,internships,internships_portal,internships.csv,135,1.0,2026-09-04 18:56:58.592466+00:00
26584,INT_00137,internship,internships,internships_portal,internships.csv,136,1.0,2026-09-04 18:56:58.592466+00:00
26585,INT_00138,internship,internships,internships_portal,internships.csv,137,1.0,2026-09-04 18:56:58.592466+00:00
26586,INT_00139,internship,internships,internships_portal,internships.csv,138,1.0,2026-09-04 18:56:58.592466+00:00
26587,INT_00140,internship,internships,internships_portal,internships.csv,139,1.0,2026-09-04 18:56:58.592466+00:00
26588,INT_00141,internship,internships,internships_portal,internships.csv,140,1.0,2026-09-04 18:56:58.592466+00:00
26589,INT_00142,internship,internships,internships_portal,internships.csv,141,1.0,2026-09-04 18:56:58.592466+00:00
26590,INT_00143,internship,internships,internships_portal,internships.csv,142,1.0,2026-09-04 18:56:58.592466+00:00
26591,INT_00144,internship,internships,internships_portal,internships.csv,143,1.0,2026-09-04 18:56:58.592466+00:00
26592,INT_00145,internship,internships,internships_portal,internships.csv,144,1.0,2026-09-04 18:56:58.592466+00:00
26593,INT_00146,internship,internships,internships_portal,internships.csv,145,1.0,2026-09-04 18:56:58.592466+00:00
26594,INT_00147,internship,internships,internships_portal,internships.csv,146,1.0,2026-09-04 18:56:58.592466+00:00
26595,INT_00148,internship,internships,internships_portal,internships.csv,147,1.0,2026-09-04 18:56:58.592466+00:00
26596,INT_00149,internship,internships,internships_portal,internships.csv,148,1.0,2026-09-04 18:56:58.592466+00:00
26597,INT_00150,internship,internships,internships_portal,internships.csv,149,1.0,2026-09-04 18:56:58.592466+00:00
26598,INT_00151,internship,internships,internships_portal,internships.csv,150,1.0,2026-09-04 18:56:58.592466+00:00
26599,INT_00152,internship,internships,internships_portal,internships.csv,151,1.0,2026-09-04 18:56:58.592466+00:00
26600,INT_00153,internship,internships,internships_portal,internships.csv,152,1.0,2026-09-04 18:56:58.592466+00:00
26601,INT_00154,internship,internships,internships_portal,internships.csv,153,1.0,2026-09-04 18:56:58.592466+00:00
26602,INT_00155,internship,internships,internships_portal,internships.csv,154,1.0,2026-09-04 18:56:58.592466+00:00
26603,INT_00156,internship,internships,internships_portal,internships.csv,155,1.0,2026-09-04 18:56:58.592466+00:00
26604,INT_00157,internship,internships,internships_portal,internships.csv,156,1.0,2026-09-04 18:56:58.592466+00:00
26605,INT_00158,internship,internships,internships_portal,internships.csv,157,1.0,2026-09-04 18:56:58.592466+00:00
26606,INT_00159,internship,internships,internships_portal,internships.csv,158,1.0,2026-09-04 18:56:58.592466+00:00
26607,INT_00160,internship,internships,internships_portal,internships.csv,159,1.0,2026-09-04 18:56:58.592466+00:00
26608,INT_00161,internship,internships,internships_portal,internships.csv,160,1.0,2026-09-04 18:56:58.592466+00:00
26609,INT_00162,internship,internships,internships_portal,internships.csv,161,1.0,2026-09-04 18:56:58.592466+00:00
26610,INT_00163,internship,internships,internships_portal,internships.csv,162,1.0,2026-09-04 18:56:58.592466+00:00
26611,INT_00164,internship,internships,internships_portal,internships.csv,163,1.0,2026-09-04 18:56:58.592466+00:00
26612,INT_00165,internship,internships,internships_portal,internships.csv,164,1.0,2026-09-04 18:56:58.592466+00:00
26613,INT_00166,internship,internships,internships_portal,internships.csv,165,1.0,2026-09-04 18:56:58.592466+00:00
26614,INT_00167,internship,internships,internships_portal,internships.csv,166,1.0,2026-09-04 18:56:58.592466+00:00
26615,INT_00168,internship,internships,internships_portal,internships.csv,167,1.0,2026-09-04 18:56:58.592466+00:00
26616,INT_00169,internship,internships,internships_portal,internships.csv,168,1.0,2026-09-04 18:56:58.592466+00:00
26617,INT_00170,internship,internships,internships_portal,internships.csv,169,1.0,2026-09-04 18:56:58.592466+00:00
26618,INT_00171,internship,internships,internships_portal,internships.csv,170,1.0,2026-09-04 18:56:58.592466+00:00
26619,INT_00172,internship,internships,internships_portal,internships.csv,171,1.0,2026-09-04 18:56:58.592466+00:00
26620,INT_00173,internship,internships,internships_portal,internships.csv,172,1.0,2026-09-04 18:56:58.592466+00:00
26621,INT_00174,internship,internships,internships_portal,internships.csv,173,1.0,2026-09-04 18:56:58.592466+00:00
26622,INT_00175,internship,internships,internships_portal,internships.csv,174,1.0,2026-09-04 18:56:58.592466+00:00
26623,INT_00176,internship,internships,internships_portal,internships.csv,175,1.0,2026-09-04 18:56:58.592466+00:00
26624,INT_00177,internship,internships,internships_portal,internships.csv,176,1.0,2026-09-04 18:56:58.592466+00:00
26625,INT_00178,internship,internships,internships_portal,internships.csv,177,1.0,2026-09-04 18:56:58.592466+00:00
26626,INT_00179,internship,internships,internships_portal,internships.csv,178,1.0,2026-09-04 18:56:58.592466+00:00
26627,INT_00180,internship,internships,internships_portal,internships.csv,179,1.0,2026-09-04 18:56:58.592466+00:00
26628,INT_00181,internship,internships,internships_portal,internships.csv,180,1.0,2026-09-04 18:56:58.592466+00:00
26629,INT_00182,internship,internships,internships_portal,internships.csv,181,1.0,2026-09-04 18:56:58.592466+00:00
26630,INT_00183,internship,internships,internships_portal,internships.csv,182,1.0,2026-09-04 18:56:58.592466+00:00
26631,INT_00184,internship,internships,internships_portal,internships.csv,183,1.0,2026-09-04 18:56:58.592466+00:00
26632,INT_00185,internship,internships,internships_portal,internships.csv,184,1.0,2026-09-04 18:56:58.592466+00:00
26633,INT_00186,internship,internships,internships_portal,internships.csv,185,1.0,2026-09-04 18:56:58.592466+00:00
26634,INT_00187,internship,internships,internships_portal,internships.csv,186,1.0,2026-09-04 18:56:58.592466+00:00
26635,INT_00188,internship,internships,internships_portal,internships.csv,187,1.0,2026-09-04 18:56:58.592466+00:00
26636,INT_00189,internship,internships,internships_portal,internships.csv,188,1.0,2026-09-04 18:56:58.592466+00:00
26637,INT_00190,internship,internships,internships_portal,internships.csv,189,1.0,2026-09-04 18:56:58.592466+00:00
26638,INT_00191,internship,internships,internships_portal,internships.csv,190,1.0,2026-09-04 18:56:58.592466+00:00
26639,INT_00192,internship,internships,internships_portal,internships.csv,191,1.0,2026-09-04 18:56:58.592466+00:00
26640,INT_00193,internship,internships,internships_portal,internships.csv,192,1.0,2026-09-04 18:56:58.592466+00:00
26641,INT_00194,internship,internships,internships_portal,internships.csv,193,1.0,2026-09-04 18:56:58.592466+00:00
26642,INT_00195,internship,internships,internships_portal,internships.csv,194,1.0,2026-09-04 18:56:58.592466+00:00
26643,INT_00196,internship,internships,internships_portal,internships.csv,195,1.0,2026-09-04 18:56:58.592466+00:00
26644,INT_00197,internship,internships,internships_portal,internships.csv,196,1.0,2026-09-04 18:56:58.592466+00:00
26645,INT_00198,internship,internships,internships_portal,internships.csv,197,1.0,2026-09-04 18:56:58.592466+00:00
26646,INT_00199,internship,internships,internships_portal,internships.csv,198,1.0,2026-09-04 18:56:58.592466+00:00
26647,INT_00200,internship,internships,internships_portal,internships.csv,199,1.0,2026-09-04 18:56:58.592466+00:00
26648,INT_00201,internship,internships,internships_portal,internships.csv,200,1.0,2026-09-04 18:56:58.592466+00:00
26649,INT_00202,internship,internships,internships_portal,internships.csv,201,1.0,2026-09-04 18:56:58.592466+00:00
26650,INT_00203,internship,internships,internships_portal,internships.csv,202,1.0,2026-09-04 18:56:58.592466+00:00
26651,INT_00204,internship,internships,internships_portal,internships.csv,203,1.0,2026-09-04 18:56:58.592466+00:00
26652,INT_00205,internship,internships,internships_portal,internships.csv,204,1.0,2026-09-04 18:56:58.592466+00:00
26653,INT_00206,internship,internships,internships_portal,internships.csv,205,1.0,2026-09-04 18:56:58.592466+00:00
26654,INT_00207,internship,internships,internships_portal,internships.csv,206,1.0,2026-09-04 18:56:58.592466+00:00
26655,INT_00208,internship,internships,internships_portal,internships.csv,207,1.0,2026-09-04 18:56:58.592466+00:00
26656,INT_00209,internship,internships,internships_portal,internships.csv,208,1.0,2026-09-04 18:56:58.592466+00:00
26657,INT_00210,internship,internships,internships_portal,internships.csv,209,1.0,2026-09-04 18:56:58.592466+00:00
26658,INT_00211,internship,internships,internships_portal,internships.csv,210,1.0,2026-09-04 18:56:58.592466+00:00
26659,INT_00212,internship,internships,internships_portal,internships.csv,211,1.0,2026-09-04 18:56:58.592466+00:00
26660,INT_00213,internship,internships,internships_portal,internships.csv,212,1.0,2026-09-04 18:56:58.592466+00:00
26661,INT_00214,internship,internships,internships_portal,internships.csv,213,1.0,2026-09-04 18:56:58.592466+00:00
26662,INT_00215,internship,internships,internships_portal,internships.csv,214,1.0,2026-09-04 18:56:58.592466+00:00
26663,INT_00216,internship,internships,internships_portal,internships.csv,215,1.0,2026-09-04 18:56:58.592466+00:00
26664,INT_00217,internship,internships,internships_portal,internships.csv,216,1.0,2026-09-04 18:56:58.592466+00:00
26665,INT_00218,internship,internships,internships_portal,internships.csv,217,1.0,2026-09-04 18:56:58.592466+00:00
26666,INT_00219,internship,internships,internships_portal,internships.csv,218,1.0,2026-09-04 18:56:58.592466+00:00
26667,INT_00220,internship,internships,internships_portal,internships.csv,219,1.0,2026-09-04 18:56:58.592466+00:00
26668,INT_00221,internship,internships,internships_portal,internships.csv,220,1.0,2026-09-04 18:56:58.592466+00:00
26669,INT_00222,internship,internships,internships_portal,internships.csv,221,1.0,2026-09-04 18:56:58.592466+00:00
26670,INT_00223,internship,internships,internships_portal,internships.csv,222,1.0,2026-09-04 18:56:58.592466+00:00
26671,INT_00224,internship,internships,internships_portal,internships.csv,223,1.0,2026-09-04 18:56:58.592466+00:00
26672,INT_00225,internship,internships,internships_portal,internships.csv,224,1.0,2026-09-04 18:56:58.592466+00:00
26673,INT_00226,internship,internships,internships_portal,internships.csv,225,1.0,2026-09-04 18:56:58.592466+00:00
26674,INT_00227,internship,internships,internships_portal,internships.csv,226,1.0,2026-09-04 18:56:58.592466+00:00
26675,INT_00228,internship,internships,internships_portal,internships.csv,227,1.0,2026-09-04 18:56:58.592466+00:00
26676,INT_00229,internship,internships,internships_portal,internships.csv,228,1.0,2026-09-04 18:56:58.592466+00:00
26677,INT_00230,internship,internships,internships_portal,internships.csv,229,1.0,2026-09-04 18:56:58.592466+00:00
26678,INT_00231,internship,internships,internships_portal,internships.csv,230,1.0,2026-09-04 18:56:58.592466+00:00
26679,INT_00232,internship,internships,internships_portal,internships.csv,231,1.0,2026-09-04 18:56:58.592466+00:00
26680,INT_00233,internship,internships,internships_portal,internships.csv,232,1.0,2026-09-04 18:56:58.592466+00:00
26681,INT_00234,internship,internships,internships_portal,internships.csv,233,1.0,2026-09-04 18:56:58.592466+00:00
26682,INT_00235,internship,internships,internships_portal,internships.csv,234,1.0,2026-09-04 18:56:58.592466+00:00
26683,INT_00236,internship,internships,internships_portal,internships.csv,235,1.0,2026-09-04 18:56:58.592466+00:00
26684,INT_00237,internship,internships,internships_portal,internships.csv,236,1.0,2026-09-04 18:56:58.592466+00:00
26685,INT_00238,internship,internships,internships_portal,internships.csv,237,1.0,2026-09-04 18:56:58.592466+00:00
26686,INT_00239,internship,internships,internships_portal,internships.csv,238,1.0,2026-09-04 18:56:58.592466+00:00
26687,INT_00240,internship,internships,internships_portal,internships.csv,239,1.0,2026-09-04 18:56:58.592466+00:00
26688,INT_00241,internship,internships,internships_portal,internships.csv,240,1.0,2026-09-04 18:56:58.592466+00:00
26689,INT_00242,internship,internships,internships_portal,internships.csv,241,1.0,2026-09-04 18:56:58.592466+00:00
26690,INT_00243,internship,internships,internships_portal,internships.csv,242,1.0,2026-09-04 18:56:58.592466+00:00
26691,INT_00244,internship,internships,internships_portal,internships.csv,243,1.0,2026-09-04 18:56:58.592466+00:00
26692,INT_00245,internship,internships,internships_portal,internships.csv,244,1.0,2026-09-04 18:56:58.592466+00:00
26693,INT_00246,internship,internships,internships_portal,internships.csv,245,1.0,2026-09-04 18:56:58.592466+00:00
26694,INT_00247,internship,internships,internships_portal,internships.csv,246,1.0,2026-09-04 18:56:58.592466+00:00
26695,INT_00248,internship,internships,internships_portal,internships.csv,247,1.0,2026-09-04 18:56:58.592466+00:00
26696,INT_00249,internship,internships,internships_portal,internships.csv,248,1.0,2026-09-04 18:56:58.592466+00:00
26697,INT_00250,internship,internships,internships_portal,internships.csv,249,1.0,2026-09-04 18:56:58.592466+00:00
26698,INT_00251,internship,internships,internships_portal,internships.csv,250,1.0,2026-09-04 18:56:58.592466+00:00
26699,INT_00252,internship,internships,internships_portal,internships.csv,251,1.0,2026-09-04 18:56:58.592466+00:00
26700,INT_00253,internship,internships,internships_portal,internships.csv,252,1.0,2026-09-04 18:56:58.592466+00:00
26701,INT_00254,internship,internships,internships_portal,internships.csv,253,1.0,2026-09-04 18:56:58.592466+00:00
26702,INT_00255,internship,internships,internships_portal,internships.csv,254,1.0,2026-09-04 18:56:58.592466+00:00
26703,INT_00256,internship,internships,internships_portal,internships.csv,255,1.0,2026-09-04 18:56:58.592466+00:00
26704,INT_00257,internship,internships,internships_portal,internships.csv,256,1.0,2026-09-04 18:56:58.592466+00:00
26705,INT_00258,internship,internships,internships_portal,internships.csv,257,1.0,2026-09-04 18:56:58.592466+00:00
26706,INT_00259,internship,internships,internships_portal,internships.csv,258,1.0,2026-09-04 18:56:58.592466+00:00
26707,INT_00260,internship,internships,internships_portal,internships.csv,259,1.0,2026-09-04 18:56:58.592466+00:00
26708,INT_00261,internship,internships,internships_portal,internships.csv,260,1.0,2026-09-04 18:56:58.592466+00:00
26709,INT_00262,internship,internships,internships_portal,internships.csv,261,1.0,2026-09-04 18:56:58.592466+00:00
26710,INT_00263,internship,internships,internships_portal,internships.csv,262,1.0,2026-09-04 18:56:58.592466+00:00
26711,INT_00264,internship,internships,internships_portal,internships.csv,263,1.0,2026-09-04 18:56:58.592466+00:00
26712,INT_00265,internship,internships,internships_portal,internships.csv,264,1.0,2026-09-04 18:56:58.592466+00:00
26713,INT_00266,internship,internships,internships_portal,internships.csv,265,1.0,2026-09-04 18:56:58.592466+00:00
26714,INT_00267,internship,internships,internships_portal,internships.csv,266,1.0,2026-09-04 18:56:58.592466+00:00
26715,INT_00268,internship,internships,internships_portal,internships.csv,267,1.0,2026-09-04 18:56:58.592466+00:00
26716,INT_00269,internship,internships,internships_portal,internships.csv,268,1.0,2026-09-04 18:56:58.592466+00:00
26717,INT_00270,internship,internships,internships_portal,internships.csv,269,1.0,2026-09-04 18:56:58.592466+00:00
26718,INT_00271,internship,internships,internships_portal,internships.csv,270,1.0,2026-09-04 18:56:58.592466+00:00
26719,INT_00272,internship,internships,internships_portal,internships.csv,271,1.0,2026-09-04 18:56:58.592466+00:00
26720,INT_00273,internship,internships,internships_portal,internships.csv,272,1.0,2026-09-04 18:56:58.592466+00:00
26721,INT_00274,internship,internships,internships_portal,internships.csv,273,1.0,2026-09-04 18:56:58.592466+00:00
26722,INT_00275,internship,internships,internships_portal,internships.csv,274,1.0,2026-09-04 18:56:58.592466+00:00
26723,INT_00276,internship,internships,internships_portal,internships.csv,275,1.0,2026-09-04 18:56:58.592466+00:00
26724,INT_00277,internship,internships,internships_portal,internships.csv,276,1.0,2026-09-04 18:56:58.592466+00:00
26725,INT_00278,internship,internships,internships_portal,internships.csv,277,1.0,2026-09-04 18:56:58.592466+00:00
26726,INT_00279,internship,internships,internships_portal,internships.csv,278,1.0,2026-09-04 18:56:58.592466+00:00
26727,INT_00280,internship,internships,internships_portal,internships.csv,279,1.0,2026-09-04 18:56:58.592466+00:00
26728,INT_00281,internship,internships,internships_portal,internships.csv,280,1.0,2026-09-04 18:56:58.592466+00:00
26729,INT_00282,internship,internships,internships_portal,internships.csv,281,1.0,2026-09-04 18:56:58.592466+00:00
26730,INT_00283,internship,internships,internships_portal,internships.csv,282,1.0,2026-09-04 18:56:58.592466+00:00
26731,INT_00284,internship,internships,internships_portal,internships.csv,283,1.0,2026-09-04 18:56:58.592466+00:00
26732,INT_00285,internship,internships,internships_portal,internships.csv,284,1.0,2026-09-04 18:56:58.592466+00:00
26733,INT_00286,internship,internships,internships_portal,internships.csv,285,1.0,2026-09-04 18:56:58.592466+00:00
26734,INT_00287,internship,internships,internships_portal,internships.csv,286,1.0,2026-09-04 18:56:58.592466+00:00
26735,INT_00288,internship,internships,internships_portal,internships.csv,287,1.0,2026-09-04 18:56:58.592466+00:00
26736,INT_00289,internship,internships,internships_portal,internships.csv,288,1.0,2026-09-04 18:56:58.592466+00:00
26737,INT_00290,internship,internships,internships_portal,internships.csv,289,1.0,2026-09-04 18:56:58.592466+00:00
26738,INT_00291,internship,internships,internships_portal,internships.csv,290,1.0,2026-09-04 18:56:58.592466+00:00
26739,INT_00292,internship,internships,internships_portal,internships.csv,291,1.0,2026-09-04 18:56:58.592466+00:00
26740,INT_00293,internship,internships,internships_portal,internships.csv,292,1.0,2026-09-04 18:56:58.592466+00:00
26741,INT_00294,internship,internships,internships_portal,internships.csv,293,1.0,2026-09-04 18:56:58.592466+00:00
26742,INT_00295,internship,internships,internships_portal,internships.csv,294,1.0,2026-09-04 18:56:58.592466+00:00
26743,INT_00296,internship,internships,internships_portal,internships.csv,295,1.0,2026-09-04 18:56:58.592466+00:00
26744,INT_00297,internship,internships,internships_portal,internships.csv,296,1.0,2026-09-04 18:56:58.592466+00:00
26745,INT_00298,internship,internships,internships_portal,internships.csv,297,1.0,2026-09-04 18:56:58.592466+00:00
26746,INT_00299,internship,internships,internships_portal,internships.csv,298,1.0,2026-09-04 18:56:58.592466+00:00
26747,INT_00300,internship,internships,internships_portal,internships.csv,299,1.0,2026-09-04 18:56:58.592466+00:00
26748,INT_00301,internship,internships,internships_portal,internships.csv,300,1.0,2026-09-04 18:56:58.592466+00:00
26749,INT_00302,internship,internships,internships_portal,internships.csv,301,1.0,2026-09-04 18:56:58.592466+00:00
26750,INT_00303,internship,internships,internships_portal,internships.csv,302,1.0,2026-09-04 18:56:58.592466+00:00
26751,INT_00304,internship,internships,internships_portal,internships.csv,303,1.0,2026-09-04 18:56:58.592466+00:00
26752,INT_00305,internship,internships,internships_portal,internships.csv,304,1.0,2026-09-04 18:56:58.592466+00:00
26753,INT_00306,internship,internships,internships_portal,internships.csv,305,1.0,2026-09-04 18:56:58.592466+00:00
26754,INT_00307,internship,internships,internships_portal,internships.csv,306,1.0,2026-09-04 18:56:58.592466+00:00
26755,INT_00308,internship,internships,internships_portal,internships.csv,307,1.0,2026-09-04 18:56:58.592466+00:00
26756,INT_00309,internship,internships,internships_portal,internships.csv,308,1.0,2026-09-04 18:56:58.592466+00:00
26757,INT_00310,internship,internships,internships_portal,internships.csv,309,1.0,2026-09-04 18:56:58.592466+00:00
26758,INT_00311,internship,internships,internships_portal,internships.csv,310,1.0,2026-09-04 18:56:58.592466+00:00
26759,INT_00312,internship,internships,internships_portal,internships.csv,311,1.0,2026-09-04 18:56:58.592466+00:00
26760,INT_00313,internship,internships,internships_portal,internships.csv,312,1.0,2026-09-04 18:56:58.592466+00:00
26761,INT_00314,internship,internships,internships_portal,internships.csv,313,1.0,2026-09-04 18:56:58.592466+00:00
26762,INT_00315,internship,internships,internships_portal,internships.csv,314,1.0,2026-09-04 18:56:58.592466+00:00
26763,INT_00316,internship,internships,internships_portal,internships.csv,315,1.0,2026-09-04 18:56:58.592466+00:00
26764,INT_00317,internship,internships,internships_portal,internships.csv,316,1.0,2026-09-04 18:56:58.592466+00:00
26765,INT_00318,internship,internships,internships_portal,internships.csv,317,1.0,2026-09-04 18:56:58.592466+00:00
26766,INT_00319,internship,internships,internships_portal,internships.csv,318,1.0,2026-09-04 18:56:58.592466+00:00
26767,INT_00320,internship,internships,internships_portal,internships.csv,319,1.0,2026-09-04 18:56:58.592466+00:00
26768,INT_00321,internship,internships,internships_portal,internships.csv,320,1.0,2026-09-04 18:56:58.592466+00:00
26769,INT_00322,internship,internships,internships_portal,internships.csv,321,1.0,2026-09-04 18:56:58.592466+00:00
26770,INT_00323,internship,internships,internships_portal,internships.csv,322,1.0,2026-09-04 18:56:58.592466+00:00
26771,INT_00324,internship,internships,internships_portal,internships.csv,323,1.0,2026-09-04 18:56:58.592466+00:00
26772,INT_00325,internship,internships,internships_portal,internships.csv,324,1.0,2026-09-04 18:56:58.592466+00:00
26773,INT_00326,internship,internships,internships_portal,internships.csv,325,1.0,2026-09-04 18:56:58.592466+00:00
26774,INT_00327,internship,internships,internships_portal,internships.csv,326,1.0,2026-09-04 18:56:58.592466+00:00
26775,INT_00328,internship,internships,internships_portal,internships.csv,327,1.0,2026-09-04 18:56:58.592466+00:00
26776,INT_00329,internship,internships,internships_portal,internships.csv,328,1.0,2026-09-04 18:56:58.592466+00:00
26777,INT_00330,internship,internships,internships_portal,internships.csv,329,1.0,2026-09-04 18:56:58.592466+00:00
26778,INT_00331,internship,internships,internships_portal,internships.csv,330,1.0,2026-09-04 18:56:58.592466+00:00
26779,INT_00332,internship,internships,internships_portal,internships.csv,331,1.0,2026-09-04 18:56:58.592466+00:00
26780,INT_00333,internship,internships,internships_portal,internships.csv,332,1.0,2026-09-04 18:56:58.592466+00:00
26781,INT_00334,internship,internships,internships_portal,internships.csv,333,1.0,2026-09-04 18:56:58.592466+00:00
26782,INT_00335,internship,internships,internships_portal,internships.csv,334,1.0,2026-09-04 18:56:58.592466+00:00
26783,INT_00336,internship,internships,internships_portal,internships.csv,335,1.0,2026-09-04 18:56:58.592466+00:00
26784,INT_00337,internship,internships,internships_portal,internships.csv,336,1.0,2026-09-04 18:56:58.592466+00:00
26785,INT_00338,internship,internships,internships_portal,internships.csv,337,1.0,2026-09-04 18:56:58.592466+00:00
26786,INT_00339,internship,internships,internships_portal,internships.csv,338,1.0,2026-09-04 18:56:58.592466+00:00
26787,INT_00340,internship,internships,internships_portal,internships.csv,339,1.0,2026-09-04 18:56:58.592466+00:00
26788,INT_00341,internship,internships,internships_portal,internships.csv,340,1.0,2026-09-04 18:56:58.592466+00:00
26789,INT_00342,internship,internships,internships_portal,internships.csv,341,1.0,2026-09-04 18:56:58.592466+00:00
26790,INT_00343,internship,internships,internships_portal,internships.csv,342,1.0,2026-09-04 18:56:58.592466+00:00
26791,INT_00344,internship,internships,internships_portal,internships.csv,343,1.0,2026-09-04 18:56:58.592466+00:00
26792,INT_00345,internship,internships,internships_portal,internships.csv,344,1.0,2026-09-04 18:56:58.592466+00:00
26793,INT_00346,internship,internships,internships_portal,internships.csv,345,1.0,2026-09-04 18:56:58.592466+00:00
26794,INT_00347,internship,internships,internships_portal,internships.csv,346,1.0,2026-09-04 18:56:58.592466+00:00
26795,INT_00348,internship,internships,internships_portal,internships.csv,347,1.0,2026-09-04 18:56:58.592466+00:00
26796,INT_00349,internship,internships,internships_portal,internships.csv,348,1.0,2026-09-04 18:56:58.592466+00:00
26797,INT_00350,internship,internships,internships_portal,internships.csv,349,1.0,2026-09-04 18:56:58.592466+00:00
26798,INT_00351,internship,internships,internships_portal,internships.csv,350,1.0,2026-09-04 18:56:58.592466+00:00
26799,INT_00352,internship,internships,internships_portal,internships.csv,351,1.0,2026-09-04 18:56:58.592466+00:00
26800,INT_00353,internship,internships,internships_portal,internships.csv,352,1.0,2026-09-04 18:56:58.592466+00:00
26801,INT_00354,internship,internships,internships_portal,internships.csv,353,1.0,2026-09-04 18:56:58.592466+00:00
26802,INT_00355,internship,internships,internships_portal,internships.csv,354,1.0,2026-09-04 18:56:58.592466+00:00
26803,INT_00356,internship,internships,internships_portal,internships.csv,355,1.0,2026-09-04 18:56:58.592466+00:00
26804,INT_00357,internship,internships,internships_portal,internships.csv,356,1.0,2026-09-04 18:56:58.592466+00:00
26805,INT_00358,internship,internships,internships_portal,internships.csv,357,1.0,2026-09-04 18:56:58.592466+00:00
26806,INT_00359,internship,internships,internships_portal,internships.csv,358,1.0,2026-09-04 18:56:58.592466+00:00
26807,INT_00360,internship,internships,internships_portal,internships.csv,359,1.0,2026-09-04 18:56:58.592466+00:00
26808,INT_00361,internship,internships,internships_portal,internships.csv,360,1.0,2026-09-04 18:56:58.592466+00:00
26809,INT_00362,internship,internships,internships_portal,internships.csv,361,1.0,2026-09-04 18:56:58.592466+00:00
26810,INT_00363,internship,internships,internships_portal,internships.csv,362,1.0,2026-09-04 18:56:58.592466+00:00
26811,INT_00364,internship,internships,internships_portal,internships.csv,363,1.0,2026-09-04 18:56:58.592466+00:00
26812,INT_00365,internship,internships,internships_portal,internships.csv,364,1.0,2026-09-04 18:56:58.592466+00:00
26813,INT_00366,internship,internships,internships_portal,internships.csv,365,1.0,2026-09-04 18:56:58.592466+00:00
26814,INT_00367,internship,internships,internships_portal,internships.csv,366,1.0,2026-09-04 18:56:58.592466+00:00
26815,INT_00368,internship,internships,internships_portal,internships.csv,367,1.0,2026-09-04 18:56:58.592466+00:00
26816,INT_00369,internship,internships,internships_portal,internships.csv,368,1.0,2026-09-04 18:56:58.592466+00:00
26817,INT_00370,internship,internships,internships_portal,internships.csv,369,1.0,2026-09-04 18:56:58.592466+00:00
26818,INT_00371,internship,internships,internships_portal,internships.csv,370,1.0,2026-09-04 18:56:58.592466+00:00
26819,INT_00372,internship,internships,internships_portal,internships.csv,371,1.0,2026-09-04 18:56:58.592466+00:00
26820,INT_00373,internship,internships,internships_portal,internships.csv,372,1.0,2026-09-04 18:56:58.592466+00:00
26821,INT_00374,internship,internships,internships_portal,internships.csv,373,1.0,2026-09-04 18:56:58.592466+00:00
26822,INT_00375,internship,internships,internships_portal,internships.csv,374,1.0,2026-09-04 18:56:58.592466+00:00
26823,INT_00376,internship,internships,internships_portal,internships.csv,375,1.0,2026-09-04 18:56:58.592466+00:00
26824,INT_00377,internship,internships,internships_portal,internships.csv,376,1.0,2026-09-04 18:56:58.592466+00:00
26825,INT_00378,internship,internships,internships_portal,internships.csv,377,1.0,2026-09-04 18:56:58.592466+00:00
26826,INT_00379,internship,internships,internships_portal,internships.csv,378,1.0,2026-09-04 18:56:58.592466+00:00
26827,INT_00380,internship,internships,internships_portal,internships.csv,379,1.0,2026-09-04 18:56:58.592466+00:00
26828,INT_00381,internship,internships,internships_portal,internships.csv,380,1.0,2026-09-04 18:56:58.592466+00:00
26829,INT_00382,internship,internships,internships_portal,internships.csv,381,1.0,2026-09-04 18:56:58.592466+00:00
26830,INT_00383,internship,internships,internships_portal,internships.csv,382,1.0,2026-09-04 18:56:58.592466+00:00
26831,INT_00384,internship,internships,internships_portal,internships.csv,383,1.0,2026-09-04 18:56:58.592466+00:00
26832,INT_00385,internship,internships,internships_portal,internships.csv,384,1.0,2026-09-04 18:56:58.592466+00:00
26833,INT_00386,internship,internships,internships_portal,internships.csv,385,1.0,2026-09-04 18:56:58.592466+00:00
26834,INT_00387,internship,internships,internships_portal,internships.csv,386,1.0,2026-09-04 18:56:58.592466+00:00
26835,INT_00388,internship,internships,internships_portal,internships.csv,387,1.0,2026-09-04 18:56:58.592466+00:00
26836,INT_00389,internship,internships,internships_portal,internships.csv,388,1.0,2026-09-04 18:56:58.592466+00:00
26837,INT_00390,internship,internships,internships_portal,internships.csv,389,1.0,2026-09-04 18:56:58.592466+00:00
26838,INT_00391,internship,internships,internships_portal,internships.csv,390,1.0,2026-09-04 18:56:58.592466+00:00
26839,INT_00392,internship,internships,internships_portal,internships.csv,391,1.0,2026-09-04 18:56:58.592466+00:00
26840,INT_00393,internship,internships,internships_portal,internships.csv,392,1.0,2026-09-04 18:56:58.592466+00:00
26841,INT_00394,internship,internships,internships_portal,internships.csv,393,1.0,2026-09-04 18:56:58.592466+00:00
26842,INT_00395,internship,internships,internships_portal,internships.csv,394,1.0,2026-09-04 18:56:58.592466+00:00
26843,INT_00396,internship,internships,internships_portal,internships.csv,395,1.0,2026-09-04 18:56:58.592466+00:00
26844,INT_00397,internship,internships,internships_portal,internships.csv,396,1.0,2026-09-04 18:56:58.592466+00:00
26845,INT_00398,internship,internships,internships_portal,internships.csv,397,1.0,2026-09-04 18:56:58.592466+00:00
26846,INT_00399,internship,internships,internships_portal,internships.csv,398,1.0,2026-09-04 18:56:58.592466+00:00
26847,INT_00400,internship,internships,internships_portal,internships.csv,399,1.0,2026-09-04 18:56:58.592466+00:00
26848,INT_00401,internship,internships,internships_portal,internships.csv,400,1.0,2026-09-04 18:56:58.592466+00:00
26849,INT_00402,internship,internships,internships_portal,internships.csv,401,1.0,2026-09-04 18:56:58.592466+00:00
26850,INT_00403,internship,internships,internships_portal,internships.csv,402,1.0,2026-09-04 18:56:58.592466+00:00
26851,INT_00404,internship,internships,internships_portal,internships.csv,403,1.0,2026-09-04 18:56:58.592466+00:00
26852,INT_00405,internship,internships,internships_portal,internships.csv,404,1.0,2026-09-04 18:56:58.592466+00:00
26853,INT_00406,internship,internships,internships_portal,internships.csv,405,1.0,2026-09-04 18:56:58.592466+00:00
26854,INT_00407,internship,internships,internships_portal,internships.csv,406,1.0,2026-09-04 18:56:58.592466+00:00
26855,INT_00408,internship,internships,internships_portal,internships.csv,407,1.0,2026-09-04 18:56:58.592466+00:00
26856,INT_00409,internship,internships,internships_portal,internships.csv,408,1.0,2026-09-04 18:56:58.592466+00:00
26857,INT_00410,internship,internships,internships_portal,internships.csv,409,1.0,2026-09-04 18:56:58.592466+00:00
26858,INT_00411,internship,internships,internships_portal,internships.csv,410,1.0,2026-09-04 18:56:58.592466+00:00
26859,INT_00412,internship,internships,internships_portal,internships.csv,411,1.0,2026-09-04 18:56:58.592466+00:00
26860,INT_00413,internship,internships,internships_portal,internships.csv,412,1.0,2026-09-04 18:56:58.592466+00:00
26861,INT_00414,internship,internships,internships_portal,internships.csv,413,1.0,2026-09-04 18:56:58.592466+00:00
26862,INT_00415,internship,internships,internships_portal,internships.csv,414,1.0,2026-09-04 18:56:58.592466+00:00
26863,INT_00416,internship,internships,internships_portal,internships.csv,415,1.0,2026-09-04 18:56:58.592466+00:00
26864,INT_00417,internship,internships,internships_portal,internships.csv,416,1.0,2026-09-04 18:56:58.592466+00:00
26865,INT_00418,internship,internships,internships_portal,internships.csv,417,1.0,2026-09-04 18:56:58.592466+00:00
26866,INT_00419,internship,internships,internships_portal,internships.csv,418,1.0,2026-09-04 18:56:58.592466+00:00
26867,INT_00420,internship,internships,internships_portal,internships.csv,419,1.0,2026-09-04 18:56:58.592466+00:00
26868,INT_00421,internship,internships,internships_portal,internships.csv,420,1.0,2026-09-04 18:56:58.592466+00:00
26869,INT_00422,internship,internships,internships_portal,internships.csv,421,1.0,2026-09-04 18:56:58.592466+00:00
26870,INT_00423,internship,internships,internships_portal,internships.csv,422,1.0,2026-09-04 18:56:58.592466+00:00
26871,INT_00424,internship,internships,internships_portal,internships.csv,423,1.0,2026-09-04 18:56:58.592466+00:00
26872,INT_00425,internship,internships,internships_portal,internships.csv,424,1.0,2026-09-04 18:56:58.592466+00:00
26873,INT_00426,internship,internships,internships_portal,internships.csv,425,1.0,2026-09-04 18:56:58.592466+00:00
26874,INT_00427,internship,internships,internships_portal,internships.csv,426,1.0,2026-09-04 18:56:58.592466+00:00
26875,INT_00428,internship,internships,internships_portal,internships.csv,427,1.0,2026-09-04 18:56:58.592466+00:00
26876,INT_00429,internship,internships,internships_portal,internships.csv,428,1.0,2026-09-04 18:56:58.592466+00:00
26877,INT_00430,internship,internships,internships_portal,internships.csv,429,1.0,2026-09-04 18:56:58.592466+00:00
26878,INT_00431,internship,internships,internships_portal,internships.csv,430,1.0,2026-09-04 18:56:58.592466+00:00
26879,INT_00432,internship,internships,internships_portal,internships.csv,431,1.0,2026-09-04 18:56:58.592466+00:00
26880,INT_00433,internship,internships,internships_portal,internships.csv,432,1.0,2026-09-04 18:56:58.592466+00:00
26881,INT_00434,internship,internships,internships_portal,internships.csv,433,1.0,2026-09-04 18:56:58.592466+00:00
26882,INT_00435,internship,internships,internships_portal,internships.csv,434,1.0,2026-09-04 18:56:58.592466+00:00
26883,INT_00436,internship,internships,internships_portal,internships.csv,435,1.0,2026-09-04 18:56:58.592466+00:00
26884,INT_00437,internship,internships,internships_portal,internships.csv,436,1.0,2026-09-04 18:56:58.592466+00:00
26885,INT_00438,internship,internships,internships_portal,internships.csv,437,1.0,2026-09-04 18:56:58.592466+00:00
26886,INT_00439,internship,internships,internships_portal,internships.csv,438,1.0,2026-09-04 18:56:58.592466+00:00
26887,INT_00440,internship,internships,internships_portal,internships.csv,439,1.0,2026-09-04 18:56:58.592466+00:00
26888,INT_00441,internship,internships,internships_portal,internships.csv,440,1.0,2026-09-04 18:56:58.592466+00:00
26889,INT_00442,internship,internships,internships_portal,internships.csv,441,1.0,2026-09-04 18:56:58.592466+00:00
26890,INT_00443,internship,internships,internships_portal,internships.csv,442,1.0,2026-09-04 18:56:58.592466+00:00
26891,INT_00444,internship,internships,internships_portal,internships.csv,443,1.0,2026-09-04 18:56:58.592466+00:00
26892,INT_00445,internship,internships,internships_portal,internships.csv,444,1.0,2026-09-04 18:56:58.592466+00:00
26893,INT_00446,internship,internships,internships_portal,internships.csv,445,1.0,2026-09-04 18:56:58.592466+00:00
26894,INT_00447,internship,internships,internships_portal,internships.csv,446,1.0,2026-09-04 18:56:58.592466+00:00
26895,INT_00448,internship,internships,internships_portal,internships.csv,447,1.0,2026-09-04 18:56:58.592466+00:00
26896,INT_00449,internship,internships,internships_portal,internships.csv,448,1.0,2026-09-04 18:56:58.592466+00:00
26897,INT_00450,internship,internships,internships_portal,internships.csv,449,1.0,2026-09-04 18:56:58.592466+00:00
26898,INT_00451,internship,internships,internships_portal,internships.csv,450,1.0,2026-09-04 18:56:58.592466+00:00
26899,INT_00452,internship,internships,internships_portal,internships.csv,451,1.0,2026-09-04 18:56:58.592466+00:00
26900,INT_00453,internship,internships,internships_portal,internships.csv,452,1.0,2026-09-04 18:56:58.592466+00:00
26901,INT_00454,internship,internships,internships_portal,internships.csv,453,1.0,2026-09-04 18:56:58.592466+00:00
26902,INT_00455,internship,internships,internships_portal,internships.csv,454,1.0,2026-09-04 18:56:58.592466+00:00
26903,INT_00456,internship,internships,internships_portal,internships.csv,455,1.0,2026-09-04 18:56:58.592466+00:00
26904,INT_00457,internship,internships,internships_portal,internships.csv,456,1.0,2026-09-04 18:56:58.592466+00:00
26905,INT_00458,internship,internships,internships_portal,internships.csv,457,1.0,2026-09-04 18:56:58.592466+00:00
26906,INT_00459,internship,internships,internships_portal,internships.csv,458,1.0,2026-09-04 18:56:58.592466+00:00
26907,INT_00460,internship,internships,internships_portal,internships.csv,459,1.0,2026-09-04 18:56:58.592466+00:00
26908,INT_00461,internship,internships,internships_portal,internships.csv,460,1.0,2026-09-04 18:56:58.592466+00:00
26909,INT_00462,internship,internships,internships_portal,internships.csv,461,1.0,2026-09-04 18:56:58.592466+00:00
26910,INT_00463,internship,internships,internships_portal,internships.csv,462,1.0,2026-09-04 18:56:58.592466+00:00
26911,INT_00464,internship,internships,internships_portal,internships.csv,463,1.0,2026-09-04 18:56:58.592466+00:00
26912,INT_00465,internship,internships,internships_portal,internships.csv,464,1.0,2026-09-04 18:56:58.592466+00:00
26913,INT_00466,internship,internships,internships_portal,internships.csv,465,1.0,2026-09-04 18:56:58.592466+00:00
26914,INT_00467,internship,internships,internships_portal,internships.csv,466,1.0,2026-09-04 18:56:58.592466+00:00
26915,INT_00468,internship,internships,internships_portal,internships.csv,467,1.0,2026-09-04 18:56:58.592466+00:00
26916,INT_00469,internship,internships,internships_portal,internships.csv,468,1.0,2026-09-04 18:56:58.592466+00:00
26917,INT_00470,internship,internships,internships_portal,internships.csv,469,1.0,2026-09-04 18:56:58.592466+00:00
26918,INT_00471,internship,internships,internships_portal,internships.csv,470,1.0,2026-09-04 18:56:58.592466+00:00
26919,INT_00472,internship,internships,internships_portal,internships.csv,471,1.0,2026-09-04 18:56:58.592466+00:00
26920,INT_00473,internship,internships,internships_portal,internships.csv,472,1.0,2026-09-04 18:56:58.592466+00:00
26921,INT_00474,internship,internships,internships_portal,internships.csv,473,1.0,2026-09-04 18:56:58.592466+00:00
26922,INT_00475,internship,internships,internships_portal,internships.csv,474,1.0,2026-09-04 18:56:58.592466+00:00
26923,INT_00476,internship,internships,internships_portal,internships.csv,475,1.0,2026-09-04 18:56:58.592466+00:00
26924,INT_00477,internship,internships,internships_portal,internships.csv,476,1.0,2026-09-04 18:56:58.592466+00:00
26925,INT_00478,internship,internships,internships_portal,internships.csv,477,1.0,2026-09-04 18:56:58.592466+00:00
26926,INT_00479,internship,internships,internships_portal,internships.csv,478,1.0,2026-09-04 18:56:58.592466+00:00
26927,INT_00480,internship,internships,internships_portal,internships.csv,479,1.0,2026-09-04 18:56:58.592466+00:00
26928,INT_00481,internship,internships,internships_portal,internships.csv,480,1.0,2026-09-04 18:56:58.592466+00:00
26929,INT_00482,internship,internships,internships_portal,internships.csv,481,1.0,2026-09-04 18:56:58.592466+00:00
26930,INT_00483,internship,internships,internships_portal,internships.csv,482,1.0,2026-09-04 18:56:58.592466+00:00
26931,INT_00484,internship,internships,internships_portal,internships.csv,483,1.0,2026-09-04 18:56:58.592466+00:00
26932,INT_00485,internship,internships,internships_portal,internships.csv,484,1.0,2026-09-04 18:56:58.592466+00:00
26933,INT_00486,internship,internships,internships_portal,internships.csv,485,1.0,2026-09-04 18:56:58.592466+00:00
26934,INT_00487,internship,internships,internships_portal,internships.csv,486,1.0,2026-09-04 18:56:58.592466+00:00
26935,INT_00488,internship,internships,internships_portal,internships.csv,487,1.0,2026-09-04 18:56:58.592466+00:00
26936,INT_00489,internship,internships,internships_portal,internships.csv,488,1.0,2026-09-04 18:56:58.592466+00:00
26937,INT_00490,internship,internships,internships_portal,internships.csv,489,1.0,2026-09-04 18:56:58.592466+00:00
26938,INT_00491,internship,internships,internships_portal,internships.csv,490,1.0,2026-09-04 18:56:58.592466+00:00
26939,INT_00492,internship,internships,internships_portal,internships.csv,491,1.0,2026-09-04 18:56:58.592466+00:00
26940,INT_00493,internship,internships,internships_portal,internships.csv,492,1.0,2026-09-04 18:56:58.592466+00:00
26941,INT_00494,internship,internships,internships_portal,internships.csv,493,1.0,2026-09-04 18:56:58.592466+00:00
26942,INT_00495,internship,internships,internships_portal,internships.csv,494,1.0,2026-09-04 18:56:58.592466+00:00
26943,INT_00496,internship,internships,internships_portal,internships.csv,495,1.0,2026-09-04 18:56:58.592466+00:00
26944,INT_00497,internship,internships,internships_portal,internships.csv,496,1.0,2026-09-04 18:56:58.592466+00:00
26945,INT_00498,internship,internships,internships_portal,internships.csv,497,1.0,2026-09-04 18:56:58.592466+00:00
26946,INT_00499,internship,internships,internships_portal,internships.csv,498,1.0,2026-09-04 18:56:58.592466+00:00
26947,INT_00500,internship,internships,internships_portal,internships.csv,499,1.0,2026-09-04 18:56:58.592466+00:00
26948,INT_00501,internship,internships,internships_portal,internships.csv,500,1.0,2026-09-04 18:56:58.592466+00:00
26949,INT_00502,internship,internships,internships_portal,internships.csv,501,1.0,2026-09-04 18:56:58.592466+00:00
26950,INT_00503,internship,internships,internships_portal,internships.csv,502,1.0,2026-09-04 18:56:58.592466+00:00
26951,INT_00504,internship,internships,internships_portal,internships.csv,503,1.0,2026-09-04 18:56:58.592466+00:00
26952,INT_00505,internship,internships,internships_portal,internships.csv,504,1.0,2026-09-04 18:56:58.592466+00:00
26953,INT_00506,internship,internships,internships_portal,internships.csv,505,1.0,2026-09-04 18:56:58.592466+00:00
26954,INT_00507,internship,internships,internships_portal,internships.csv,506,1.0,2026-09-04 18:56:58.592466+00:00
26955,INT_00508,internship,internships,internships_portal,internships.csv,507,1.0,2026-09-04 18:56:58.592466+00:00
26956,INT_00509,internship,internships,internships_portal,internships.csv,508,1.0,2026-09-04 18:56:58.592466+00:00
26957,INT_00510,internship,internships,internships_portal,internships.csv,509,1.0,2026-09-04 18:56:58.592466+00:00
26958,INT_00511,internship,internships,internships_portal,internships.csv,510,1.0,2026-09-04 18:56:58.592466+00:00
26959,INT_00512,internship,internships,internships_portal,internships.csv,511,1.0,2026-09-04 18:56:58.592466+00:00
26960,INT_00513,internship,internships,internships_portal,internships.csv,512,1.0,2026-09-04 18:56:58.592466+00:00
26961,INT_00514,internship,internships,internships_portal,internships.csv,513,1.0,2026-09-04 18:56:58.592466+00:00
26962,INT_00515,internship,internships,internships_portal,internships.csv,514,1.0,2026-09-04 18:56:58.592466+00:00
26963,INT_00516,internship,internships,internships_portal,internships.csv,515,1.0,2026-09-04 18:56:58.592466+00:00
26964,INT_00517,internship,internships,internships_portal,internships.csv,516,1.0,2026-09-04 18:56:58.592466+00:00
26965,INT_00518,internship,internships,internships_portal,internships.csv,517,1.0,2026-09-04 18:56:58.592466+00:00
26966,INT_00519,internship,internships,internships_portal,internships.csv,518,1.0,2026-09-04 18:56:58.592466+00:00
26967,INT_00520,internship,internships,internships_portal,internships.csv,519,1.0,2026-09-04 18:56:58.592466+00:00
26968,INT_00521,internship,internships,internships_portal,internships.csv,520,1.0,2026-09-04 18:56:58.592466+00:00
26969,INT_00522,internship,internships,internships_portal,internships.csv,521,1.0,2026-09-04 18:56:58.592466+00:00
26970,INT_00523,internship,internships,internships_portal,internships.csv,522,1.0,2026-09-04 18:56:58.592466+00:00
26971,INT_00524,internship,internships,internships_portal,internships.csv,523,1.0,2026-09-04 18:56:58.592466+00:00
26972,INT_00525,internship,internships,internships_portal,internships.csv,524,1.0,2026-09-04 18:56:58.592466+00:00
26973,INT_00526,internship,internships,internships_portal,internships.csv,525,1.0,2026-09-04 18:56:58.592466+00:00
26974,INT_00527,internship,internships,internships_portal,internships.csv,526,1.0,2026-09-04 18:56:58.592466+00:00
26975,INT_00528,internship,internships,internships_portal,internships.csv,527,1.0,2026-09-04 18:56:58.592466+00:00
26976,INT_00529,internship,internships,internships_portal,internships.csv,528,1.0,2026-09-04 18:56:58.592466+00:00
26977,INT_00530,internship,internships,internships_portal,internships.csv,529,1.0,2026-09-04 18:56:58.592466+00:00
26978,INT_00531,internship,internships,internships_portal,internships.csv,530,1.0,2026-09-04 18:56:58.592466+00:00
26979,INT_00532,internship,internships,internships_portal,internships.csv,531,1.0,2026-09-04 18:56:58.592466+00:00
26980,INT_00533,internship,internships,internships_portal,internships.csv,532,1.0,2026-09-04 18:56:58.592466+00:00
26981,INT_00534,internship,internships,internships_portal,internships.csv,533,1.0,2026-09-04 18:56:58.592466+00:00
26982,INT_00535,internship,internships,internships_portal,internships.csv,534,1.0,2026-09-04 18:56:58.592466+00:00
26983,INT_00536,internship,internships,internships_portal,internships.csv,535,1.0,2026-09-04 18:56:58.592466+00:00
26984,INT_00537,internship,internships,internships_portal,internships.csv,536,1.0,2026-09-04 18:56:58.592466+00:00
26985,INT_00538,internship,internships,internships_portal,internships.csv,537,1.0,2026-09-04 18:56:58.592466+00:00
26986,INT_00539,internship,internships,internships_portal,internships.csv,538,1.0,2026-09-04 18:56:58.592466+00:00
26987,INT_00540,internship,internships,internships_portal,internships.csv,539,1.0,2026-09-04 18:56:58.592466+00:00
26988,INT_00541,internship,internships,internships_portal,internships.csv,540,1.0,2026-09-04 18:56:58.592466+00:00
26989,INT_00542,internship,internships,internships_portal,internships.csv,541,1.0,2026-09-04 18:56:58.592466+00:00
26990,INT_00543,internship,internships,internships_portal,internships.csv,542,1.0,2026-09-04 18:56:58.592466+00:00
26991,INT_00544,internship,internships,internships_portal,internships.csv,543,1.0,2026-09-04 18:56:58.592466+00:00
26992,INT_00545,internship,internships,internships_portal,internships.csv,544,1.0,2026-09-04 18:56:58.592466+00:00
26993,INT_00546,internship,internships,internships_portal,internships.csv,545,1.0,2026-09-04 18:56:58.592466+00:00
26994,INT_00547,internship,internships,internships_portal,internships.csv,546,1.0,2026-09-04 18:56:58.592466+00:00
26995,INT_00548,internship,internships,internships_portal,internships.csv,547,1.0,2026-09-04 18:56:58.592466+00:00
26996,INT_00549,internship,internships,internships_portal,internships.csv,548,1.0,2026-09-04 18:56:58.592466+00:00
26997,INT_00550,internship,internships,internships_portal,internships.csv,549,1.0,2026-09-04 18:56:58.592466+00:00
26998,INT_00551,internship,internships,internships_portal,internships.csv,550,1.0,2026-09-04 18:56:58.592466+00:00
26999,INT_00552,internship,internships,internships_portal,internships.csv,551,1.0,2026-09-04 18:56:58.592466+00:00
27000,INT_00553,internship,internships,internships_portal,internships.csv,552,1.0,2026-09-04 18:56:58.592466+00:00
27001,INT_00554,internship,internships,internships_portal,internships.csv,553,1.0,2026-09-04 18:56:58.592466+00:00
27002,INT_00555,internship,internships,internships_portal,internships.csv,554,1.0,2026-09-04 18:56:58.592466+00:00
27003,INT_00556,internship,internships,internships_portal,internships.csv,555,1.0,2026-09-04 18:56:58.592466+00:00
27004,INT_00557,internship,internships,internships_portal,internships.csv,556,1.0,2026-09-04 18:56:58.592466+00:00
27005,INT_00558,internship,internships,internships_portal,internships.csv,557,1.0,2026-09-04 18:56:58.592466+00:00
27006,INT_00559,internship,internships,internships_portal,internships.csv,558,1.0,2026-09-04 18:56:58.592466+00:00
27007,INT_00560,internship,internships,internships_portal,internships.csv,559,1.0,2026-09-04 18:56:58.592466+00:00
27008,INT_00561,internship,internships,internships_portal,internships.csv,560,1.0,2026-09-04 18:56:58.592466+00:00
27009,INT_00562,internship,internships,internships_portal,internships.csv,561,1.0,2026-09-04 18:56:58.592466+00:00
27010,INT_00563,internship,internships,internships_portal,internships.csv,562,1.0,2026-09-04 18:56:58.592466+00:00
27011,INT_00564,internship,internships,internships_portal,internships.csv,563,1.0,2026-09-04 18:56:58.592466+00:00
27012,INT_00565,internship,internships,internships_portal,internships.csv,564,1.0,2026-09-04 18:56:58.592466+00:00
27013,INT_00566,internship,internships,internships_portal,internships.csv,565,1.0,2026-09-04 18:56:58.592466+00:00
27014,INT_00567,internship,internships,internships_portal,internships.csv,566,1.0,2026-09-04 18:56:58.592466+00:00
27015,INT_00568,internship,internships,internships_portal,internships.csv,567,1.0,2026-09-04 18:56:58.592466+00:00
27016,INT_00569,internship,internships,internships_portal,internships.csv,568,1.0,2026-09-04 18:56:58.592466+00:00
27017,INT_00570,internship,internships,internships_portal,internships.csv,569,1.0,2026-09-04 18:56:58.592466+00:00
27018,INT_00571,internship,internships,internships_portal,internships.csv,570,1.0,2026-09-04 18:56:58.592466+00:00
27019,INT_00572,internship,internships,internships_portal,internships.csv,571,1.0,2026-09-04 18:56:58.592466+00:00
27020,INT_00573,internship,internships,internships_portal,internships.csv,572,1.0,2026-09-04 18:56:58.592466+00:00
27021,INT_00574,internship,internships,internships_portal,internships.csv,573,1.0,2026-09-04 18:56:58.592466+00:00
27022,INT_00575,internship,internships,internships_portal,internships.csv,574,1.0,2026-09-04 18:56:58.592466+00:00
27023,INT_00576,internship,internships,internships_portal,internships.csv,575,1.0,2026-09-04 18:56:58.592466+00:00
27024,INT_00577,internship,internships,internships_portal,internships.csv,576,1.0,2026-09-04 18:56:58.592466+00:00
27025,INT_00578,internship,internships,internships_portal,internships.csv,577,1.0,2026-09-04 18:56:58.592466+00:00
27026,INT_00579,internship,internships,internships_portal,internships.csv,578,1.0,2026-09-04 18:56:58.592466+00:00
27027,INT_00580,internship,internships,internships_portal,internships.csv,579,1.0,2026-09-04 18:56:58.592466+00:00
27028,INT_00581,internship,internships,internships_portal,internships.csv,580,1.0,2026-09-04 18:56:58.592466+00:00
27029,INT_00582,internship,internships,internships_portal,internships.csv,581,1.0,2026-09-04 18:56:58.592466+00:00
27030,INT_00583,internship,internships,internships_portal,internships.csv,582,1.0,2026-09-04 18:56:58.592466+00:00
27031,INT_00584,internship,internships,internships_portal,internships.csv,583,1.0,2026-09-04 18:56:58.592466+00:00
27032,INT_00585,internship,internships,internships_portal,internships.csv,584,1.0,2026-09-04 18:56:58.592466+00:00
27033,INT_00586,internship,internships,internships_portal,internships.csv,585,1.0,2026-09-04 18:56:58.592466+00:00
27034,INT_00587,internship,internships,internships_portal,internships.csv,586,1.0,2026-09-04 18:56:58.592466+00:00
27035,INT_00588,internship,internships,internships_portal,internships.csv,587,1.0,2026-09-04 18:56:58.592466+00:00
27036,INT_00589,internship,internships,internships_portal,internships.csv,588,1.0,2026-09-04 18:56:58.592466+00:00
27037,INT_00590,internship,internships,internships_portal,internships.csv,589,1.0,2026-09-04 18:56:58.592466+00:00
27038,INT_00591,internship,internships,internships_portal,internships.csv,590,1.0,2026-09-04 18:56:58.592466+00:00
27039,INT_00592,internship,internships,internships_portal,internships.csv,591,1.0,2026-09-04 18:56:58.592466+00:00
27040,INT_00593,internship,internships,internships_portal,internships.csv,592,1.0,2026-09-04 18:56:58.592466+00:00
27041,INT_00594,internship,internships,internships_portal,internships.csv,593,1.0,2026-09-04 18:56:58.592466+00:00
27042,INT_00595,internship,internships,internships_portal,internships.csv,594,1.0,2026-09-04 18:56:58.592466+00:00
27043,INT_00596,internship,internships,internships_portal,internships.csv,595,1.0,2026-09-04 18:56:58.592466+00:00
27044,INT_00597,internship,internships,internships_portal,internships.csv,596,1.0,2026-09-04 18:56:58.592466+00:00
27045,INT_00598,internship,internships,internships_portal,internships.csv,597,1.0,2026-09-04 18:56:58.592466+00:00
27046,INT_00599,internship,internships,internships_portal,internships.csv,598,1.0,2026-09-04 18:56:58.592466+00:00
27047,INT_00600,internship,internships,internships_portal,internships.csv,599,1.0,2026-09-04 18:56:58.592466+00:00
27048,INT_00601,internship,internships,internships_portal,internships.csv,600,1.0,2026-09-04 18:56:58.592466+00:00
27049,INT_00602,internship,internships,internships_portal,internships.csv,601,1.0,2026-09-04 18:56:58.592466+00:00
27050,INT_00603,internship,internships,internships_portal,internships.csv,602,1.0,2026-09-04 18:56:58.592466+00:00
27051,INT_00604,internship,internships,internships_portal,internships.csv,603,1.0,2026-09-04 18:56:58.592466+00:00
27052,INT_00605,internship,internships,internships_portal,internships.csv,604,1.0,2026-09-04 18:56:58.592466+00:00
27053,INT_00606,internship,internships,internships_portal,internships.csv,605,1.0,2026-09-04 18:56:58.592466+00:00
27054,INT_00607,internship,internships,internships_portal,internships.csv,606,1.0,2026-09-04 18:56:58.592466+00:00
27055,INT_00608,internship,internships,internships_portal,internships.csv,607,1.0,2026-09-04 18:56:58.592466+00:00
27056,INT_00609,internship,internships,internships_portal,internships.csv,608,1.0,2026-09-04 18:56:58.592466+00:00
27057,INT_00610,internship,internships,internships_portal,internships.csv,609,1.0,2026-09-04 18:56:58.592466+00:00
27058,INT_00611,internship,internships,internships_portal,internships.csv,610,1.0,2026-09-04 18:56:58.592466+00:00
27059,INT_00612,internship,internships,internships_portal,internships.csv,611,1.0,2026-09-04 18:56:58.592466+00:00
27060,INT_00613,internship,internships,internships_portal,internships.csv,612,1.0,2026-09-04 18:56:58.592466+00:00
27061,INT_00614,internship,internships,internships_portal,internships.csv,613,1.0,2026-09-04 18:56:58.592466+00:00
27062,INT_00615,internship,internships,internships_portal,internships.csv,614,1.0,2026-09-04 18:56:58.592466+00:00
27063,INT_00616,internship,internships,internships_portal,internships.csv,615,1.0,2026-09-04 18:56:58.592466+00:00
27064,INT_00617,internship,internships,internships_portal,internships.csv,616,1.0,2026-09-04 18:56:58.592466+00:00
27065,INT_00618,internship,internships,internships_portal,internships.csv,617,1.0,2026-09-04 18:56:58.592466+00:00
27066,INT_00619,internship,internships,internships_portal,internships.csv,618,1.0,2026-09-04 18:56:58.592466+00:00
27067,INT_00620,internship,internships,internships_portal,internships.csv,619,1.0,2026-09-04 18:56:58.592466+00:00
27068,INT_00621,internship,internships,internships_portal,internships.csv,620,1.0,2026-09-04 18:56:58.592466+00:00
27069,INT_00622,internship,internships,internships_portal,internships.csv,621,1.0,2026-09-04 18:56:58.592466+00:00
27070,INT_00623,internship,internships,internships_portal,internships.csv,622,1.0,2026-09-04 18:56:58.592466+00:00
27071,INT_00624,internship,internships,internships_portal,internships.csv,623,1.0,2026-09-04 18:56:58.592466+00:00
27072,INT_00625,internship,internships,internships_portal,internships.csv,624,1.0,2026-09-04 18:56:58.592466+00:00
27073,INT_00626,internship,internships,internships_portal,internships.csv,625,1.0,2026-09-04 18:56:58.592466+00:00
27074,INT_00627,internship,internships,internships_portal,internships.csv,626,1.0,2026-09-04 18:56:58.592466+00:00
27075,INT_00628,internship,internships,internships_portal,internships.csv,627,1.0,2026-09-04 18:56:58.592466+00:00
27076,INT_00629,internship,internships,internships_portal,internships.csv,628,1.0,2026-09-04 18:56:58.592466+00:00
27077,INT_00630,internship,internships,internships_portal,internships.csv,629,1.0,2026-09-04 18:56:58.592466+00:00
27078,INT_00631,internship,internships,internships_portal,internships.csv,630,1.0,2026-09-04 18:56:58.592466+00:00
27079,INT_00632,internship,internships,internships_portal,internships.csv,631,1.0,2026-09-04 18:56:58.592466+00:00
27080,INT_00633,internship,internships,internships_portal,internships.csv,632,1.0,2026-09-04 18:56:58.592466+00:00
27081,INT_00634,internship,internships,internships_portal,internships.csv,633,1.0,2026-09-04 18:56:58.592466+00:00
27082,INT_00635,internship,internships,internships_portal,internships.csv,634,1.0,2026-09-04 18:56:58.592466+00:00
27083,INT_00636,internship,internships,internships_portal,internships.csv,635,1.0,2026-09-04 18:56:58.592466+00:00
27084,INT_00637,internship,internships,internships_portal,internships.csv,636,1.0,2026-09-04 18:56:58.592466+00:00
27085,INT_00638,internship,internships,internships_portal,internships.csv,637,1.0,2026-09-04 18:56:58.592466+00:00
27086,INT_00639,internship,internships,internships_portal,internships.csv,638,1.0,2026-09-04 18:56:58.592466+00:00
27087,INT_00640,internship,internships,internships_portal,internships.csv,639,1.0,2026-09-04 18:56:58.592466+00:00
27088,INT_00641,internship,internships,internships_portal,internships.csv,640,1.0,2026-09-04 18:56:58.592466+00:00
27089,INT_00642,internship,internships,internships_portal,internships.csv,641,1.0,2026-09-04 18:56:58.592466+00:00
27090,INT_00643,internship,internships,internships_portal,internships.csv,642,1.0,2026-09-04 18:56:58.592466+00:00
27091,INT_00644,internship,internships,internships_portal,internships.csv,643,1.0,2026-09-04 18:56:58.592466+00:00
27092,INT_00645,internship,internships,internships_portal,internships.csv,644,1.0,2026-09-04 18:56:58.592466+00:00
27093,INT_00646,internship,internships,internships_portal,internships.csv,645,1.0,2026-09-04 18:56:58.592466+00:00
27094,INT_00647,internship,internships,internships_portal,internships.csv,646,1.0,2026-09-04 18:56:58.592466+00:00
27095,INT_00648,internship,internships,internships_portal,internships.csv,647,1.0,2026-09-04 18:56:58.592466+00:00
27096,INT_00649,internship,internships,internships_portal,internships.csv,648,1.0,2026-09-04 18:56:58.592466+00:00
27097,INT_00650,internship,internships,internships_portal,internships.csv,649,1.0,2026-09-04 18:56:58.592466+00:00
