institution_name,domain,organization_name,duration_weeks,stipend_amount,mode,is_ppo_linked,program_source,description
"Anurag Institute of Technology and Science, Aurangabad",Scientific Writing,HDFC Bank,6,5095,offline,False,General,"Support data collection, analysis and reporting for the scientific writing practice at Chhabra, Datta and Dhawan."
"Hindustan College of Engineering, Ajmer",Automobile Engineering,Meesho,9,14089,online,False,General,Work on live projects with the Agarwal LLC automobile engineering team; contribute to sprint deliverables and documentation.
"Galgotias Engineering College, Jabalpur",Large Language Models,Tech Mahindra,9,0,offline,False,General,Learn industry workflows in large language models while supporting day-to-day operations and quality checks.
"Geethanjali Institute of Technology, Hamirpur",Incrementality,Uber India,7,0,offline,True,CDAC,"Support data collection, analysis and reporting for the incrementality practice at Toor-Bahri."
"Thapar Institute of Science and Technology, Solapur",Biostatistics,Practo,7,6077,online,False,TULIP,"Support data collection, analysis and reporting for the biostatistics practice at Puri-Bassi."
"Nitte Institute of Technology, Siddipet",Surgical Robotics,H&M India,8,0,offline,False,General,"Support data collection, analysis and reporting for the surgical robotics practice at Dass, Oza and Chauhan."
"Thiagarajar Business School, Gandhinagar",ZooKeeper,IBM India,6,0,offline,False,General,"Hands-on zookeeper internship: build, test and ship a real feature under a mentor."
"Siddhartha School of Management, Patna",Propulsion,C-DAC,6,9478,offline,False,General,"Hands-on propulsion internship: build, test and ship a real feature under a mentor."
"Chaitanya Institute of Science and Technology, Kozhikode",Trade Policy,Khadi India,8,9329,offline,False,General,Collaborate across teams on trade policy initiatives; present findings to stakeholders.
"Government Engineering College, Davanagere",Aero-engines,Reliance Retail,6,0,hybrid,False,General,Learn industry workflows in aero-engines while supporting day-to-day operations and quality checks.
"Vignan College of Engineering and Technology, Amritsar",Community Health,Puma India,7,8581,online,False,General,Collaborate across teams on community health initiatives; present findings to stakeholders.
"Nitte College of Engineering and Technology, Thrissur",Packer,Levi's India,9,13645,offline,False,General,Collaborate across teams on packer initiatives; present findings to stakeholders.
"Government College of Engineering, Shimla",Motion Graphics,Siemens Gamesa,9,7256,hybrid,False,General,"Assist senior engineers/researchers on motion graphics tasks, from requirements to testing and delivery."
"Lokmanya Institute of Applied Arts and Crafts, Kota",Risk Consulting,AICTE Internship Cell,6,7035,offline,False,General,"Hands-on risk consulting internship: build, test and ship a real feature under a mentor."
"Sri Venkateswara Institute of Science and Technology, Haldia",Recommendation Systems,H&M India,9,12901,offline,False,General,"Support data collection, analysis and reporting for the recommendation systems practice at Goswami-Dash."
"Government Institute of Management, Anantapur",Photogrammetry,L&T Energy,7,0,hybrid,False,General,"Support data collection, analysis and reporting for the photogrammetry practice at Gaba, Pandit and Seth."
"Shri Institute of Technology and Science, Aurangabad",Data Profiling,BHEL,9,6679,offline,False,General,Work on live projects with the Padmanabhan-Kumar data profiling team; contribute to sprint deliverables and documentation.
"Hindustan Institute of Engineering and Management, Durgapur",Microfluidics,IBM India,6,4076,offline,False,General,"Work on live projects with the Muni, Borah and Naidu microfluidics team; contribute to sprint deliverables and documentation."
"Jain Institute of Science and Technology, Bilaspur",CTR Modelling,UNICEF India,8,13347,online,False,TULIP,Collaborate across teams on ctr modelling initiatives; present findings to stakeholders.
"Institute of Technology, Ghaziabad",Orbital Mechanics,Decathlon India,8,9797,online,False,General,Learn industry workflows in orbital mechanics while supporting day-to-day operations and quality checks.
"Government Engineering College, Kolhapur",Pharmacovigilance,SAP Labs India,7,14916,offline,False,General,"Support data collection, analysis and reporting for the pharmacovigilance practice at Bedi, Dugar and Sarkar."
"Hindustan College of Engineering, Ajmer",Performance Engineering,Swiggy,6,10465,online,True,General,"Support data collection, analysis and reporting for the performance engineering practice at Rana-Natarajan."
"Bharath College of Applied Arts, Nainital",Named Entity Recognition,AICTE Internship Cell,6,12430,offline,False,CDAC,"Assist senior engineers/researchers on named entity recognition tasks, from requirements to testing and delivery."
"Vels Institute of Technology and Science, Solapur",Causal Inference,Maruti Suzuki,8,5614,offline,True,General,"Work on live projects with the Kaur, Prabhu and Deo causal inference team; contribute to sprint deliverables and documentation."
"Sri Indu College of Pharmacy and Research, Mysuru",Welding Technology,Google India,6,9562,offline,False,CDAC,Learn industry workflows in welding technology while supporting day-to-day operations and quality checks.
"Mahatma Gandhi Engineering College, Sagar",Cloud Engineering,SAP Labs India,7,5069,online,False,General,"Assist senior engineers/researchers on cloud engineering tasks, from requirements to testing and delivery."
"Government Institute of Management, Visakhapatnam",Operations Management,Nestle India,9,6348,online,False,General,"Hands-on operations management internship: build, test and ship a real feature under a mentor."
"Malla Reddy School of Architecture, Karaikal",Financial Modelling,IBM India,9,3075,online,False,General,Collaborate across teams on financial modelling initiatives; present findings to stakeholders.
"Government College of Engineering, Varanasi",A/B Testing,PayPal India,9,0,hybrid,False,General,"Assist senior engineers/researchers on a/b testing tasks, from requirements to testing and delivery."
"Rajalakshmi Institute of Management and Technology, Amravati",Imaging AI,Nykaa,6,9868,hybrid,False,General,Learn industry workflows in imaging ai while supporting day-to-day operations and quality checks.
"Reva Institute of Technology, Patiala",Health Education,Nike India,8,0,online,False,General,"Hands-on health education internship: build, test and ship a real feature under a mentor."
"Geethanjali Institute of Engineering and Polytechnic, Panipat",Quantum Materials,Tech Mahindra,8,0,offline,False,General,"Assist senior engineers/researchers on quantum materials tasks, from requirements to testing and delivery."
"Government College of Management Studies, Ghaziabad",Financial Analysis,World Bank India,7,14943,offline,False,General,"Hands-on financial analysis internship: build, test and ship a real feature under a mentor."
"Government College of Architecture, Hyderabad",CDN,Adidas India,6,9858,online,False,General,"Assist senior engineers/researchers on cdn tasks, from requirements to testing and delivery."
"Sreenidhi Institute of Engineering and Technology, Sambalpur",Major Incident,P&G India,7,0,offline,True,General,"Hands-on major incident internship: build, test and ship a real feature under a mentor."
"Symbiosis Institute of Engineering and Management, Rajkot",API Design,Capgemini,9,7404,offline,False,General,"Hands-on api design internship: build, test and ship a real feature under a mentor."
"Matrusri Institute of Engineering and Management, Srinagar",Humanitarian Logistics,Voltas,8,3717,offline,False,Indian Army,Collaborate across teams on humanitarian logistics initiatives; present findings to stakeholders.
"Srinivasa Institute of Technology and Science, Nashik",VLSI Design,Marico,6,8097,online,False,General,"Support data collection, analysis and reporting for the vlsi design practice at Vora, Koshy and Rana."
"Velammal College of Engineering and Technology, Chennai",Railway Operations,Railway Board,9,0,online,False,General,"Hands-on railway operations internship: build, test and ship a real feature under a mentor."
"G.L. Bajaj Engineering College, Mysuru",Predictive Maintenance,Parle Products,8,0,hybrid,False,General,"Work on live projects with the Sood, Chokshi and Lad predictive maintenance team; contribute to sprint deliverables and documentation."
"Andhra Institute of Management Studies, Bokaro",Computational Chemistry,Dunzo,8,13507,offline,False,CDAC,"Support data collection, analysis and reporting for the computational chemistry practice at Mitter-Handa."
"Government Engineering College, Shimla",MLOps,Big Bazaar (Future),6,8836,offline,False,General,Collaborate across teams on mlops initiatives; present findings to stakeholders.
"Chaitanya College of Fine and Applied Arts, Madurai",Executive Search,Dell Technologies,9,13332,online,False,CDAC,Collaborate across teams on executive search initiatives; present findings to stakeholders.
"Geethanjali Institute of Technology, Kanpur",Data Profiling,upGrad,6,3541,offline,False,Indian Army,Work on live projects with the Bajaj-Dugal data profiling team; contribute to sprint deliverables and documentation.
"National Institute of Technology, Kolkata",Passwordless,Ather Energy,8,0,offline,False,General,Learn industry workflows in passwordless while supporting day-to-day operations and quality checks.
"Vels Institute of Technology and Science, Solapur",Reverse Engineering,Cognizant,6,7767,offline,False,CDAC,"Hands-on reverse engineering internship: build, test and ship a real feature under a mentor."
"Government Institute of Management, Visakhapatnam",Sanctions Screening,Adidas India,9,8304,offline,False,CDAC,Learn industry workflows in sanctions screening while supporting day-to-day operations and quality checks.
"Chaitanya Institute of Science and Technology, Kozhikode",Reinforcement Learning,NTPC,9,11244,online,False,Indian Army,"Hands-on reinforcement learning internship: build, test and ship a real feature under a mentor."
"Anurag Polytechnic, Amritsar",Microbiology,Cognizant,7,8051,online,False,General,Collaborate across teams on microbiology initiatives; present findings to stakeholders.
"Reva Institute of Technology and Science, Howrah",Supply Chain Security,Amazon India,6,9567,offline,False,TULIP,Collaborate across teams on supply chain security initiatives; present findings to stakeholders.
"Siddhartha Institute of Engineering and Polytechnic, Lucknow",Elder Care Technology,MakeMyTrip,8,13964,offline,False,General,Work on live projects with the Bhatti Group elder care technology team; contribute to sprint deliverables and documentation.
"Indian Institute of Information Technology, Korba",Compiler Design,Royal Enfield,6,14971,online,False,General,"Assist senior engineers/researchers on compiler design tasks, from requirements to testing and delivery."
"Vishwakarma Institute of Science and Technology, Ballari",Hydrology,Fabindia,9,0,hybrid,True,General,"Hands-on hydrology internship: build, test and ship a real feature under a mentor."
"Bharat Institute of Engineering and Management, Varanasi",Social Work,Oyo,6,12437,offline,False,TULIP,Learn industry workflows in social work while supporting day-to-day operations and quality checks.
"Vasavi Institute of Business Management, Balasore",Soft Robotics,Mahindra & Mahindra,8,0,online,True,General,Learn industry workflows in soft robotics while supporting day-to-day operations and quality checks.
"PES School of Business Administration, Thrissur",ASR,Voltas,9,0,online,False,General,"Assist senior engineers/researchers on asr tasks, from requirements to testing and delivery."
"Government Engineering College, Anantapur",Geofencing,State Bank of India,6,8875,offline,False,General,"Support data collection, analysis and reporting for the geofencing practice at Uppal, Sachdeva and Madan."
"Government College of Architecture, North Delhi",Fuel Cells,Infosys,9,7711,online,False,TULIP,Collaborate across teams on fuel cells initiatives; present findings to stakeholders.
"Bapatla Institute of Science and Technology, Guwahati",Remote Patient Monitoring,Fabindia,9,6325,offline,True,General,Collaborate across teams on remote patient monitoring initiatives; present findings to stakeholders.
"Government Institute of Management, Cuttack",Particle Physics,Wipro,6,0,offline,False,General,"Assist senior engineers/researchers on particle physics tasks, from requirements to testing and delivery."
"Sree Dattha Engineering College, Nainital",Sports Analytics,Practo,7,9755,hybrid,True,General,"Hands-on sports analytics internship: build, test and ship a real feature under a mentor."
"Government Engineering College, Kurnool",Strategy Consulting,ITC Limited,6,0,online,False,General,Collaborate across teams on strategy consulting initiatives; present findings to stakeholders.
"Government College of Engineering, Karaikal",Optimization Modelling,Voltas,9,0,offline,True,General,"Support data collection, analysis and reporting for the optimization modelling practice at Ahluwalia-Dugar."
"Government Engineering College, Kurnool",Skill Development,IBM India,9,11921,hybrid,True,General,Work on live projects with the Mital-Venkataraman skill development team; contribute to sprint deliverables and documentation.
"NMAM Institute of Technology and Science, Mysuru",Content Moderation,Hyundai India,9,11056,online,False,General,"Work on live projects with the Grover, Boase and Bains content moderation team; contribute to sprint deliverables and documentation."
"G.L. Bajaj Engineering College, Mysuru",GIS Mapping,Emami,7,0,online,False,General,"Support data collection, analysis and reporting for the gis mapping practice at Lal-Desai."
"K.S.R. Institute of Technology and Science, Mangaluru",Risk Management,Bata India,6,9977,offline,False,General,"Support data collection, analysis and reporting for the risk management practice at Grewal PLC."
"Kakatiya Engineering College, Pune",Differential Privacy,HP India,7,0,online,False,General,Collaborate across teams on differential privacy initiatives; present findings to stakeholders.
"Sri Indu College of Pharmacy and Research, Mysuru",SD-WAN,ReNew Power,9,6258,offline,True,General,"Support data collection, analysis and reporting for the sd-wan practice at Morar-Tandon."
"Manipal Institute of Technology and Science, Bengaluru",Prompt Engineering,Trent (Westside),8,8202,online,True,General,Work on live projects with the Konda LLC prompt engineering team; contribute to sprint deliverables and documentation.
"Lokmanya Institute of Applied Arts and Crafts, Kota",Aero-engines,Indian Oil,9,6859,online,False,General,"Assist senior engineers/researchers on aero-engines tasks, from requirements to testing and delivery."
"Siddhartha Engineering College, Varanasi",Executive Search,Ultratech Cement,9,10276,online,False,General,Learn industry workflows in executive search while supporting day-to-day operations and quality checks.
"K.S.R. Institute of Science and Technology, Ajmer",Solar Energy,Hindustan Aeronautics,6,0,online,False,General,Work on live projects with the Pradhan Ltd solar energy team; contribute to sprint deliverables and documentation.
"Vasavi College of Engineering and Technology, Purnia",Autonomous Driving,GAIL India,8,10384,offline,False,General,Learn industry workflows in autonomous driving while supporting day-to-day operations and quality checks.
"Gokaraju School of Architecture, Varanasi",Game Development,ISRO,6,7858,online,False,General,"Support data collection, analysis and reporting for the game development practice at Lata, Deshpande and Rao."
"Sree Dattha Institute of Management Studies, Rohtak",Sharding,NTPC,7,4293,offline,False,General,"Hands-on sharding internship: build, test and ship a real feature under a mentor."
"Galgotias Engineering College, Jabalpur",Perovskite Solar Cells,IRCTC,6,10802,online,False,General,Collaborate across teams on perovskite solar cells initiatives; present findings to stakeholders.
"Shri Institute of Engineering and Polytechnic, Kurnool",Metro Operations,Reliance Industries,6,0,online,False,General,Work on live projects with the Dora Inc metro operations team; contribute to sprint deliverables and documentation.
"BMS Engineering College, Thrissur",Feature Flags,Ola Electric,9,6421,offline,False,General,Learn industry workflows in feature flags while supporting day-to-day operations and quality checks.
"Government College of Pharmacy, Salem",Food Safety Standards,Adobe India,9,0,online,False,General,Collaborate across teams on food safety standards initiatives; present findings to stakeholders.
"Kalasalingam Institute of Engineering and Technology, Belagavi",Autonomous Vehicles,Power Grid Corporation,8,5364,offline,False,General,Collaborate across teams on autonomous vehicles initiatives; present findings to stakeholders.
"Nitte College of Engineering, Meerut",OAuth,Paytm,6,6437,online,False,General,Collaborate across teams on oauth initiatives; present findings to stakeholders.
"Kongu Institute of Engineering and Management, Guwahati",Road Safety,Stripe India,9,14324,offline,False,General,"Support data collection, analysis and reporting for the road safety practice at Zacharia-Badal."
"Velammal College of Engineering and Technology, Chennai",Exactly-once,Cisco India,9,0,offline,False,General,Work on live projects with the Halder Ltd exactly-once team; contribute to sprint deliverables and documentation.
"Lendi Pharmacy College, Alwar",Location Intelligence,Marico,7,10624,offline,True,General,"Support data collection, analysis and reporting for the location intelligence practice at Tank-Chandra."
"Manipal Institute of Technology and Science, Bengaluru",Experimental Design,Crompton,8,11981,hybrid,False,General,"Hands-on experimental design internship: build, test and ship a real feature under a mentor."
"Kalasalingam School of Planning and Architecture, Lucknow",Point-of-care Diagnostics,Swiggy,9,0,offline,False,Indian Army,"Hands-on point-of-care diagnostics internship: build, test and ship a real feature under a mentor."
"Matrusri Institute of Engineering and Management, Srinagar",Humanitarian Logistics,AICTE Internship Cell,8,0,online,False,General,"Hands-on humanitarian logistics internship: build, test and ship a real feature under a mentor."
"Government College of Management Studies, Kurnool",Industrial Automation,Godrej Industries,9,8719,offline,False,General,Collaborate across teams on industrial automation initiatives; present findings to stakeholders.
"Government College of Engineering, Adilabad",Advertising,ServiceNow India,6,0,hybrid,True,General,Learn industry workflows in advertising while supporting day-to-day operations and quality checks.
"PSG Engineering College, Durgapur",ESG Investing,Nykaa,7,0,online,False,General,"Support data collection, analysis and reporting for the esg investing practice at Agate LLC."
"Reva Institute of Technology and Science, Howrah",Fraud Scoring,Kotak Mahindra Bank,6,13484,online,False,General,"Hands-on fraud scoring internship: build, test and ship a real feature under a mentor."
"Dayananda Sagar Institute of Engineering and Management, Kadapa",Foundation Models,Reliance Industries,7,0,online,False,General,Collaborate across teams on foundation models initiatives; present findings to stakeholders.
"Government College of Engineering, Ahmedabad",Mechanical Design,Twitter/X India,7,6612,hybrid,False,General,"Hands-on mechanical design internship: build, test and ship a real feature under a mentor."
"CVR Institute of Applied Arts and Crafts, Tirunelveli",Diversity and Inclusion,FedEx India,6,0,hybrid,False,General,"Support data collection, analysis and reporting for the diversity and inclusion practice at Desai, Garg and Nayar."
"NMAM College of Pharmacy, Ludhiana",Microfluidics,Voltas,7,0,hybrid,False,General,Collaborate across teams on microfluidics initiatives; present findings to stakeholders.
"Government College of Management Studies, Tezpur",Location Intelligence,Shoppers Stop,6,5169,offline,False,General,Collaborate across teams on location intelligence initiatives; present findings to stakeholders.
"Vaagdevi School of Architecture, Sagar",Dead Letter Queue,Reliance Jio,8,3486,offline,False,General,"Assist senior engineers/researchers on dead letter queue tasks, from requirements to testing and delivery."
"Government Institute of Management, Anantapur",Public Sector Consulting,Britannia,6,11012,hybrid,True,General,Collaborate across teams on public sector consulting initiatives; present findings to stakeholders.
"Dayananda Sagar School of Planning and Architecture, Varanasi",Robotics,LTIMindtree,9,9548,offline,True,General,Collaborate across teams on robotics initiatives; present findings to stakeholders.
"Malla Reddy School of Architecture, Karaikal",Biosensors,RedBus,9,0,offline,False,General,"Assist senior engineers/researchers on biosensors tasks, from requirements to testing and delivery."
"Amity Institute of Polytechnic Studies, Lucknow",Highway Engineering,Tata Power,6,13672,offline,False,General,"Hands-on highway engineering internship: build, test and ship a real feature under a mentor."
"Sri Sathya Sai College of Engineering and Technology, Bhopal",Imaging AI,Practo,6,13448,online,False,General,Work on live projects with the Gopal PLC imaging ai team; contribute to sprint deliverables and documentation.
"Government College of Engineering, Alwar",Event-driven Architecture,Delhivery,8,10102,offline,False,General,"Support data collection, analysis and reporting for the event-driven architecture practice at Pal and Sons."
"Aditya School of Management, Ajmer",Performance Management,Tata Motors,9,0,online,False,General,"Assist senior engineers/researchers on performance management tasks, from requirements to testing and delivery."
"Government Institute of Pharmaceutical Sciences, Salem",KYC Operations,Tata Power,9,0,offline,False,CDAC,"Hands-on kyc operations internship: build, test and ship a real feature under a mentor."
"Hindustan Institute of Engineering and Management, Ballari",Railway Signalling,Marico,9,11049,offline,False,General,"Assist senior engineers/researchers on railway signalling tasks, from requirements to testing and delivery."
"Government College of Applied Arts, Daman",Impact Assessment,upGrad,8,0,online,False,General,"Work on live projects with the Balay, Bassi and Reddy impact assessment team; contribute to sprint deliverables and documentation."
"Matrusri Institute of Management Studies, Kurnool",Green Procurement,FedEx India,6,0,offline,False,General,"Support data collection, analysis and reporting for the green procurement practice at Vohra, Malhotra and Verma."
"Sri Venkateswara College of Engineering and Technology, Hubballi",Columnar Storage,Spotify India,7,6399,offline,False,General,Learn industry workflows in columnar storage while supporting day-to-day operations and quality checks.
"Sardar Institute of Technology, Kanpur",Conversational AI,Levi's India,9,9627,hybrid,False,General,Learn industry workflows in conversational ai while supporting day-to-day operations and quality checks.
"Government Engineering College, Madurai",Audit and Compliance,Emami,8,3253,offline,False,General,Work on live projects with the Walia Inc audit and compliance team; contribute to sprint deliverables and documentation.
"G.L. Bajaj College of Architecture and Planning, Udaipur",Key Management,Kotak Mahindra Bank,6,10489,online,False,General,"Assist senior engineers/researchers on key management tasks, from requirements to testing and delivery."
"Mahatma Gandhi Pharmacy College, Faridabad",Supplier Diversity,UNICEF India,6,6351,online,False,General,Learn industry workflows in supplier diversity while supporting day-to-day operations and quality checks.
"K.S.R. Institute of Technology and Science, Mangaluru",Sustainable Finance,ITC Limited,8,0,offline,False,General,Learn industry workflows in sustainable finance while supporting day-to-day operations and quality checks.
"Vasavi Institute of Engineering and Management, Jodhpur",Contrastive Learning,FedEx India,6,9498,hybrid,False,General,"Support data collection, analysis and reporting for the contrastive learning practice at Som, Mangat and Bawa."
"Anurag Institute of Science and Technology, Guntur",Marine Biology,Siemens India,6,0,hybrid,False,General,"Assist senior engineers/researchers on marine biology tasks, from requirements to testing and delivery."
"Dr. B.R. Ambedkar Institute of Science and Technology, Salem",Circuit Breaker,Practo,8,11511,offline,False,Indian Army,"Support data collection, analysis and reporting for the circuit breaker practice at Uppal, Mukherjee and Nagarajan."
"Kalinga Engineering College, Nagpur",Secure Boot,upGrad,7,5003,online,False,General,"Assist senior engineers/researchers on secure boot tasks, from requirements to testing and delivery."
"Lovely Institute of Technology, Meerut",Planetary Science,ReNew Power,7,8655,offline,False,General,"Work on live projects with the Pingle, Nazareth and Shah planetary science team; contribute to sprint deliverables and documentation."
"Srinivasa College of Architecture, Thanjavur",Interior Design,Railway Board,6,0,offline,False,General,"Support data collection, analysis and reporting for the interior design practice at Sama Group."
"Andhra Institute of Management Studies, Bokaro",Developer Relations,Vedanta,6,0,offline,False,General,"Assist senior engineers/researchers on developer relations tasks, from requirements to testing and delivery."
"Kalasalingam Institute of Science and Technology, Dhanbad",Logistics,Kotak Mahindra Bank,8,0,offline,False,General,"Hands-on logistics internship: build, test and ship a real feature under a mentor."
"Girijananda Chowdhury College of Engineering and Technology, Vizianagaram",Agriculture Technology,AICTE Internship Cell,7,5437,hybrid,False,General,"Hands-on agriculture technology internship: build, test and ship a real feature under a mentor."
"Anurag College of Architecture and Planning, Tirunelveli",Point-of-care Diagnostics,Tech Mahindra,6,7792,offline,False,General,"Support data collection, analysis and reporting for the point-of-care diagnostics practice at Pradhan, Kurian and Suri."
"Government College of Pharmacy, Salem",Bot Detection,Myntra,9,12030,hybrid,False,General,"Hands-on bot detection internship: build, test and ship a real feature under a mentor."
"Government Institute of Management, Pune",DevOps,MakeMyTrip,7,13669,offline,False,TULIP,Collaborate across teams on devops initiatives; present findings to stakeholders.
"Chaitanya Institute of Engineering and Technology, Ujjain",Raft,GAIL India,6,7598,hybrid,False,General,"Work on live projects with the Narayanan, Zacharia and Virk raft team; contribute to sprint deliverables and documentation."
"Jain Institute of Technology and Science, Junagadh",Full-Stack Development,Shoppers Stop,9,7106,offline,False,General,Learn industry workflows in full-stack development while supporting day-to-day operations and quality checks.
"PES School of Business Administration, Thrissur",Bioelectronics,Myntra,6,0,online,False,General,"Hands-on bioelectronics internship: build, test and ship a real feature under a mentor."
"Galgotias Engineering College, Karimnagar",Mining Engineering,Blinkit,8,4556,offline,False,General,"Support data collection, analysis and reporting for the mining engineering practice at Choudhry Group."
"Symbiosis Institute of Engineering and Management, Hyderabad",Quality Assurance,Zara India,7,0,hybrid,True,General,Learn industry workflows in quality assurance while supporting day-to-day operations and quality checks.
"Government Institute of Management, Visakhapatnam",Dairy Technology,Indian Army (Technical),6,12975,online,False,General,"Support data collection, analysis and reporting for the dairy technology practice at Subramaniam-Ramakrishnan."
"NMAM Institute of Technology and Science, Mysuru",Attack Surface Management,ServiceNow India,7,12810,offline,True,General,"Assist senior engineers/researchers on attack surface management tasks, from requirements to testing and delivery."
"Shri Institute of Technology, Purnia",Geology,Suzlon,6,0,offline,False,General,Work on live projects with the Khurana Inc geology team; contribute to sprint deliverables and documentation.
"Kumaraguru Institute of Technology, Varanasi",Database Administration,Razorpay,9,8147,offline,False,General,"Support data collection, analysis and reporting for the database administration practice at Deshmukh LLC."
"Mahatma Gandhi Engineering College, Sagar",Forensic Psychology,Wipro,6,12066,offline,False,General,Learn industry workflows in forensic psychology while supporting day-to-day operations and quality checks.
"Government School of Architecture, Varanasi",Data Engineering,Hindustan Aeronautics,8,3565,hybrid,False,General,"Hands-on data engineering internship: build, test and ship a real feature under a mentor."
"Sinhgad Institute of Science and Technology, Ballari",Business Continuity,Meesho,7,0,offline,False,General,Collaborate across teams on business continuity initiatives; present findings to stakeholders.
"Chaitanya Engineering College, Vijayawada",Triage,Adani Group,6,0,hybrid,False,General,Work on live projects with the Ravel Ltd triage team; contribute to sprint deliverables and documentation.
"Lokmanya Institute of Applied Arts and Crafts, Kota",Microbiology,NTPC,8,0,offline,False,General,"Assist senior engineers/researchers on microbiology tasks, from requirements to testing and delivery."
"Ideal Institute of Engineering and Polytechnic, South Goa",Confidential Computing,Zara India,8,12816,offline,False,CDAC,Collaborate across teams on confidential computing initiatives; present findings to stakeholders.
"Sri Indu College of Engineering and Technology, Bengaluru",Pub/Sub,Mahindra & Mahindra,6,14081,online,False,TULIP,Learn industry workflows in pub/sub while supporting day-to-day operations and quality checks.
"SRM College of Engineering, Balasore",Drone Technology,Trent (Westside),7,13168,online,False,General,"Support data collection, analysis and reporting for the drone technology practice at Hans, Bhardwaj and Zachariah."
"Government Institute of Applied Arts, Jamshedpur",Cubesat Development,Blue Dart,6,0,offline,False,General,"Assist senior engineers/researchers on cubesat development tasks, from requirements to testing and delivery."
"Raghu College of Applied Arts, Junagadh",Vehicle Telematics,Honeywell India,9,10512,online,False,General,Learn industry workflows in vehicle telematics while supporting day-to-day operations and quality checks.
"Matrusri Institute of Engineering and Management, Srinagar",Knowledge Management,Twitter/X India,8,11824,online,False,CDAC,Collaborate across teams on knowledge management initiatives; present findings to stakeholders.
"Shri Institute of Engineering and Management, Siddipet",Blockchain Development,Marico,8,12802,offline,False,General,"Assist senior engineers/researchers on blockchain development tasks, from requirements to testing and delivery."
"Nitte College of Engineering, Meerut",Smart Metering,Honeywell India,9,0,hybrid,False,General,Collaborate across teams on smart metering initiatives; present findings to stakeholders.
"Vishwakarma Institute of Engineering and Technology, Bilaspur",Identity Verification,Swiggy,8,0,online,True,General,Learn industry workflows in identity verification while supporting day-to-day operations and quality checks.
"Government Institute of Pharmaceutical Sciences, Salem",Composites,Amul,8,0,online,False,CDAC,"Hands-on composites internship: build, test and ship a real feature under a mentor."
"Anurag Polytechnic, Amritsar",Resilience Testing,JSW Steel,9,10041,offline,False,General,"Assist senior engineers/researchers on resilience testing tasks, from requirements to testing and delivery."
"National Institute of Technology, Allahabad",Humanoid Robotics,Godrej Industries,9,6182,hybrid,False,TULIP,Collaborate across teams on humanoid robotics initiatives; present findings to stakeholders.
"Hindustan Institute of Engineering and Management, Durgapur",Disk Forensics,Rapido,7,3642,offline,False,General,Collaborate across teams on disk forensics initiatives; present findings to stakeholders.
"Bapatla Institute of Management and Technology, Salem",Low-code Development,Dell Technologies,8,0,offline,False,General,"Support data collection, analysis and reporting for the low-code development practice at Bhasin, Patla and Prashad."
"Government Engineering College, Bhubaneswar",ERP Implementation,Unacademy,7,12317,offline,True,TULIP,"Assist senior engineers/researchers on erp implementation tasks, from requirements to testing and delivery."
"Government Polytechnic, Panipat",Explainable AI,Porter,8,12312,offline,False,General,"Assist senior engineers/researchers on explainable ai tasks, from requirements to testing and delivery."
"Government Engineering College, Udaipur",Banking Operations,Ola,6,3120,hybrid,False,General,Learn industry workflows in banking operations while supporting day-to-day operations and quality checks.
"Anurag Institute of Technology and Science, Aurangabad",Corporate Governance,Capgemini,8,14430,hybrid,True,General,"Hands-on corporate governance internship: build, test and ship a real feature under a mentor."
"Ideal College of Engineering and Technology, Jodhpur",Implant Design,Vedantu,8,0,offline,False,General,Collaborate across teams on implant design initiatives; present findings to stakeholders.
"PES College of Engineering, Surat",Interior Design,H&M India,7,0,online,True,TULIP,"Work on live projects with the Bhardwaj, Choudhry and Buch interior design team; contribute to sprint deliverables and documentation."
"Bharath Institute of Pharmaceutical Sciences, Siddipet",Cryo-EM,Treebo,6,3579,online,False,TULIP,Learn industry workflows in cryo-em while supporting day-to-day operations and quality checks.
"Lokmanya Institute of Technology, Jamshedpur",Poultry Science,Crompton,6,5523,hybrid,False,General,"Support data collection, analysis and reporting for the poultry science practice at Wali, Sekhon and Thakur."
"K.S.R. Institute of Technology and Science, Bengaluru",Key Management,IRCTC,7,4000,online,False,General,Collaborate across teams on key management initiatives; present findings to stakeholders.
"BMS Institute of Technology, Amravati",Corporate Governance,MakeMyTrip,9,10938,hybrid,True,General,Collaborate across teams on corporate governance initiatives; present findings to stakeholders.
"Christ Engineering College, Ahmedabad",Aircraft Maintenance,Dunzo,8,13369,online,False,General,Learn industry workflows in aircraft maintenance while supporting day-to-day operations and quality checks.
"Guru Nanak Institute of Technology, Nizamabad",Bot Detection,Adani Green Energy,9,5639,offline,True,General,"Hands-on bot detection internship: build, test and ship a real feature under a mentor."
"Government School of Architecture, Varanasi",Algorithmic Trading,Adobe India,9,7492,hybrid,False,General,"Work on live projects with the Swaminathan, Shah and Parsa algorithmic trading team; contribute to sprint deliverables and documentation."
"D.Y. Patil School of Business Administration, Korba",Go-live Support,Bharti Airtel,8,0,offline,False,CDAC,"Hands-on go-live support internship: build, test and ship a real feature under a mentor."
"Shri Institute of Engineering and Polytechnic, Kurnool",Route Optimization,GAIL India,7,6267,online,False,General,Work on live projects with the Agrawal-Saraf route optimization team; contribute to sprint deliverables and documentation.
"Government Institute of Pharmaceutical Sciences, Aurangabad",Humanitarian Logistics,Bajaj Electricals,9,0,online,False,General,"Assist senior engineers/researchers on humanitarian logistics tasks, from requirements to testing and delivery."
"Galgotias Institute of Engineering and Polytechnic, Haridwar",Intellectual Property,TULIP Portal Partner,6,0,online,False,General,"Hands-on intellectual property internship: build, test and ship a real feature under a mentor."
"Sri Venkateswara School of Architecture, Bengaluru",Crisis Management,Ashok Leyland,8,10624,offline,False,General,"Support data collection, analysis and reporting for the crisis management practice at Tella, Sethi and Chandra."
"Government Engineering College, Tirunelveli",Particle Physics,Unacademy,7,11466,online,False,General,"Hands-on particle physics internship: build, test and ship a real feature under a mentor."
"Government School of Architecture, Ballari",Formal Verification,Delhivery,7,8989,offline,False,TULIP,"Work on live projects with the Buch, Shetty and Sethi formal verification team; contribute to sprint deliverables and documentation."
"Government Institute of Polytechnic Studies, Rajkot",Message Broker,Tata Power,6,0,online,False,General,"Hands-on message broker internship: build, test and ship a real feature under a mentor."
"Government College of Engineering, Vijayawada",Data Profiling,Emami,7,7874,online,True,CDAC,Work on live projects with the Lalla-Bali data profiling team; contribute to sprint deliverables and documentation.
"RV School of Management, Haldia",Industrial Automation,Tata Power,9,13845,hybrid,False,General,Collaborate across teams on industrial automation initiatives; present findings to stakeholders.
"Saveetha College of Engineering and Technology, Ambala",Disaster Response,PhonePe,9,14661,offline,False,Indian Army,"Assist senior engineers/researchers on disaster response tasks, from requirements to testing and delivery."
"National Institute of Technology, Kolkata",Federated Learning,Puma India,9,0,hybrid,False,General,"Support data collection, analysis and reporting for the federated learning practice at Mitter Inc."
"Government Institute of Management, Anantapur",Influencer Marketing,HP India,6,6864,offline,True,Indian Army,"Hands-on influencer marketing internship: build, test and ship a real feature under a mentor."
"Lokmanya Engineering College, Gwalior",Regulatory Technology,ISRO,8,14295,offline,False,General,Learn industry workflows in regulatory technology while supporting day-to-day operations and quality checks.
"Galgotias College of Pharmacy and Research, Muzaffarpur",Caching,ABB India,7,8166,hybrid,True,General,"Assist senior engineers/researchers on caching tasks, from requirements to testing and delivery."
"Lovely Polytechnic College, Howrah",Data Privacy,Trent (Westside),7,6811,hybrid,True,General,Collaborate across teams on data privacy initiatives; present findings to stakeholders.
"Government College of Engineering, Adilabad",Blockchain Development,Netflix India,9,12263,hybrid,False,General,Work on live projects with the Sodhi-Kashyap blockchain development team; contribute to sprint deliverables and documentation.
"Kalasalingam Institute of Technology and Science, Pune",Cloud Migration,BigBasket,9,0,online,False,General,Collaborate across teams on cloud migration initiatives; present findings to stakeholders.
"Government Engineering College, Mohali",Semantic Search,Axis Bank,8,0,offline,False,General,"Assist senior engineers/researchers on semantic search tasks, from requirements to testing and delivery."
"National Institute of Technology, Aizawl",Climate Finance,Schneider Electric,7,10231,online,True,General,"Hands-on climate finance internship: build, test and ship a real feature under a mentor."
"Srinivasa Engineering College, Agra",Human Rights Due Diligence,Nike India,6,7162,offline,False,General,Learn industry workflows in human rights due diligence while supporting day-to-day operations and quality checks.
"Thiagarajar Business School, Gandhinagar",Animation,Indian Army (Technical),8,0,offline,False,General,"Hands-on animation internship: build, test and ship a real feature under a mentor."
"Anurag Engineering College, Warangal",Firewall Rules,World Bank India,6,10173,online,False,General,"Support data collection, analysis and reporting for the firewall rules practice at Bhatia-Kakar."
"Symbiosis Institute of Technology and Science, Pune",Biodiversity Assessment,MakeMyTrip,7,12300,offline,False,General,Learn industry workflows in biodiversity assessment while supporting day-to-day operations and quality checks.
"G.L. Bajaj College of Engineering and Technology, Varanasi",SOAR,Adidas India,6,0,online,False,General,"Support data collection, analysis and reporting for the soar practice at Khare-Bhandari."
"Hindustan Institute of Business Management, Junagadh",Wearable Health,State Bank of India,6,13150,offline,False,General,"Assist senior engineers/researchers on wearable health tasks, from requirements to testing and delivery."
"Government College of Engineering, Shimla",Electric Vehicles,Big Bazaar (Future),8,14707,online,False,TULIP,Work on live projects with the Wason Ltd electric vehicles team; contribute to sprint deliverables and documentation.
"Sharda School of Business Administration, Nizamabad",Food Packaging,Myntra,9,6383,offline,False,General,"Assist senior engineers/researchers on food packaging tasks, from requirements to testing and delivery."
"Ideal Business School, Gurugram",Full-Stack Development,Cisco India,8,0,offline,False,General,"Support data collection, analysis and reporting for the full-stack development practice at Seth-Cheema."
"Sri Venkateswara Institute of Technology, Meerut",Highway Engineering,Reliance Retail,9,10040,offline,False,General,"Support data collection, analysis and reporting for the highway engineering practice at Bedi-Dara."
"Government Institute of Pharmaceutical Sciences, Aurangabad",Telecommunications,Zara India,8,12904,offline,False,Indian Army,"Hands-on telecommunications internship: build, test and ship a real feature under a mentor."
"Christ Engineering College, Ahmedabad",Schema Migration,Google India,9,9832,offline,True,General,Collaborate across teams on schema migration initiatives; present findings to stakeholders.
"Sri Indu College of Pharmacy and Research, Mysuru",Vulnerability Research,DRDO,9,0,online,False,General,Collaborate across teams on vulnerability research initiatives; present findings to stakeholders.
"Jain Institute of Science and Technology, Bilaspur",Econometrics,L&T Energy,8,8900,offline,True,Indian Army,"Hands-on econometrics internship: build, test and ship a real feature under a mentor."
"Lendi Institute of Polytechnic Studies, Tirunelveli",Visa Processing,ISRO,8,11528,offline,False,General,"Support data collection, analysis and reporting for the visa processing practice at Madan PLC."
"Girijananda Chowdhury College of Engineering, Agra",Wind Energy,Titan Company,9,0,offline,False,General,"Support data collection, analysis and reporting for the wind energy practice at Ramakrishnan, Issac and Dutta."
"Shri Institute of Engineering and Polytechnic, Kurnool",Economics Research,Cure.fit,9,4932,online,False,General,Learn industry workflows in economics research while supporting day-to-day operations and quality checks.
"Government College of Engineering, Mohali",Journalism,ACC Cement,6,5237,online,False,General,Collaborate across teams on journalism initiatives; present findings to stakeholders.
"Symbiosis Institute of Engineering and Management, Rajkot",Vulnerability Research,ACC Cement,9,5785,hybrid,False,General,"Support data collection, analysis and reporting for the vulnerability research practice at Sundaram LLC."
"Siddhartha Institute of Technology and Science, Nagpur",Vault,Myntra,8,5769,hybrid,True,General,"Hands-on vault internship: build, test and ship a real feature under a mentor."
"Government Institute of Management, Siddipet",Vulnerability Research,Vedanta,7,6857,offline,False,CDAC,"Support data collection, analysis and reporting for the vulnerability research practice at Badal Inc."
"Hindustan Institute of Technology, Ballari",Bug Bounty,Shoppers Stop,9,5680,offline,False,CDAC,"Hands-on bug bounty internship: build, test and ship a real feature under a mentor."
"Anurag Engineering College, Warangal",Green Procurement,ICICI Bank,8,3083,hybrid,False,CDAC,Work on live projects with the Ramesh Ltd green procurement team; contribute to sprint deliverables and documentation.
"Hindustan College of Engineering, Ajmer",Service Mesh,Porter,9,11563,offline,True,TULIP,"Assist senior engineers/researchers on service mesh tasks, from requirements to testing and delivery."
"Sharda Business School, Mysuru",Go-live Support,Amazon India,9,7700,offline,False,General,"Support data collection, analysis and reporting for the go-live support practice at Deep-Sawhney."
"K.S.R. College of Engineering and Technology, Ghaziabad",Financial Consulting,Delhivery,6,13668,offline,True,Indian Army,"Support data collection, analysis and reporting for the financial consulting practice at Subramanian-Shanker."
"Lokmanya College of Architecture, Hubballi",Nomad,Cure.fit,8,0,offline,False,Indian Army,"Work on live projects with the Sekhon, Sankar and Bali nomad team; contribute to sprint deliverables and documentation."
"Government College of Architecture, Siliguri",Geology,ISRO,7,11547,offline,False,General,"Support data collection, analysis and reporting for the geology practice at Chawla, Saxena and Cheema."
"Raghu Institute of Technology and Science, Bokaro",AML Compliance,Tata Consultancy Services,6,0,offline,False,General,Work on live projects with the Chad PLC aml compliance team; contribute to sprint deliverables and documentation.
"Sri Sathya Sai College of Management Studies, South Delhi",MPLS,DRDO,6,12988,offline,False,General,"Support data collection, analysis and reporting for the mpls practice at Sha-Badami."
"Government Institute of Applied Arts, Madurai",Chaos Engineering,DMart,7,13794,hybrid,False,Indian Army,Learn industry workflows in chaos engineering while supporting day-to-day operations and quality checks.
"Government Institute of Management, Rajkot",Protobuf,PayPal India,9,7708,online,False,General,"Assist senior engineers/researchers on protobuf tasks, from requirements to testing and delivery."
"Vels Institute of Technology, Junagadh",Search and Rescue,FedEx India,8,3800,hybrid,False,General,"Support data collection, analysis and reporting for the search and rescue practice at Pathak-Thaman."
"Government Engineering College, Belagavi",Distributed Locking,Zoho Corporation,6,4312,offline,False,General,Work on live projects with the Reddy-Sachar distributed locking team; contribute to sprint deliverables and documentation.
"Kalinga Institute of Applied Arts and Crafts, Indore",Consumer Protection,Vodafone Idea,9,0,online,False,General,Learn industry workflows in consumer protection while supporting day-to-day operations and quality checks.
"Matrusri Institute of Management Studies, Kurnool",Search Relevance,ACC Cement,7,8638,offline,False,General,Learn industry workflows in search relevance while supporting day-to-day operations and quality checks.
"Vishwakarma Institute of Science and Technology, Ballari",Speech Recognition,Trent (Westside),6,0,offline,False,General,Collaborate across teams on speech recognition initiatives; present findings to stakeholders.
"Vishwakarma Institute of Technology and Science, Nashik",Radiology AI,P&G India,7,0,hybrid,False,General,Learn industry workflows in radiology ai while supporting day-to-day operations and quality checks.
"Government College of Management Studies, Belagavi",Master Data,HP India,6,0,online,False,General,Collaborate across teams on master data initiatives; present findings to stakeholders.
"Sri Sathya Sai College of Engineering and Technology, Bhopal",Vulnerability Management,Uber India,9,3138,hybrid,False,General,"Assist senior engineers/researchers on vulnerability management tasks, from requirements to testing and delivery."
"Lendi Institute of Engineering and Technology, Haldia",HACCP,Fabindia,6,0,offline,False,General,Work on live projects with the Chad-Deshpande haccp team; contribute to sprint deliverables and documentation.
"G.L. Bajaj College of Architecture and Planning, Udaipur",Low-code Development,Schneider Electric,9,10096,offline,False,General,"Work on live projects with the Viswanathan, Varty and Chana low-code development team; contribute to sprint deliverables and documentation."
"Manipal Institute of Polytechnic, Mysuru",Smart Home,Dabur,7,0,offline,False,General,"Work on live projects with the Mutti, Chandra and Bhatnagar smart home team; contribute to sprint deliverables and documentation."
"Rajalakshmi Institute of Management and Technology, Amravati",Identity Verification,Zoho Corporation,9,0,hybrid,False,General,"Assist senior engineers/researchers on identity verification tasks, from requirements to testing and delivery."
"Sri Venkateswara Institute of Science and Technology, Haldia",Space Debris,Tanishq,9,0,hybrid,False,General,Learn industry workflows in space debris while supporting day-to-day operations and quality checks.
"Sri Venkateswara College of Engineering and Technology, Hubballi",Vendor Risk,World Bank India,7,13843,online,False,TULIP,Collaborate across teams on vendor risk initiatives; present findings to stakeholders.
"Lokmanya College of Architecture, Hubballi",Clinical Research,Amazon India,6,14756,offline,False,Indian Army,Work on live projects with the Rajan and Sons clinical research team; contribute to sprint deliverables and documentation.
"Kakatiya School of Management, Lucknow",Smart Home,Tanishq,7,10221,offline,False,General,Learn industry workflows in smart home while supporting day-to-day operations and quality checks.
"Government Engineering College, Kurnool",SD-WAN,Emami,9,10671,offline,False,General,Collaborate across teams on sd-wan initiatives; present findings to stakeholders.
"Jain College of Pharmacy, Ujjain",Sharding,Cure.fit,9,0,offline,False,General,"Support data collection, analysis and reporting for the sharding practice at Talwar-Kannan."
"Geethanjali Institute of Management Studies, Sagar",Flexible Electronics,HCL Technologies,9,12626,offline,False,General,"Hands-on flexible electronics internship: build, test and ship a real feature under a mentor."
"Indian Institute of Information Technology, Korba",SLO,Hindustan Unilever,7,4129,hybrid,False,General,Work on live projects with the Thakkar-Dhawan slo team; contribute to sprint deliverables and documentation.
"Kalasalingam Institute of Engineering and Technology, Belagavi",Mental Health Apps,Voltas,9,7661,offline,True,General,"Assist senior engineers/researchers on mental health apps tasks, from requirements to testing and delivery."
"Government Institute of Management, Darbhanga",Talent Management,ABB India,9,0,offline,True,General,Learn industry workflows in talent management while supporting day-to-day operations and quality checks.
"Sree Dattha Institute of Management Studies, Rohtak",Swarm Robotics,Stripe India,6,9402,hybrid,False,General,Collaborate across teams on swarm robotics initiatives; present findings to stakeholders.
"Sri Indu College of Pharmacy and Research, Mysuru",ZooKeeper,DRDO,9,13905,offline,False,General,Collaborate across teams on zookeeper initiatives; present findings to stakeholders.
"Government Engineering College, Visakhapatnam",CTR Modelling,Suzlon,9,12149,offline,False,General,"Support data collection, analysis and reporting for the ctr modelling practice at Sheth, Bhalla and Balakrishnan."
"Government Engineering College, Vizianagaram",Homomorphic Encryption,Royal Enfield,8,0,online,False,General,"Work on live projects with the Sanghvi, Kadakia and Palla homomorphic encryption team; contribute to sprint deliverables and documentation."
"Kalinga Institute of Engineering and Management, Solapur",Parquet,Urban Company,7,0,hybrid,False,General,"Work on live projects with the Rajagopalan, Sur and Murthy parquet team; contribute to sprint deliverables and documentation."
"Government Institute of Management, Vellore",Electric Vehicles,Bosch India,8,0,offline,False,CDAC,Learn industry workflows in electric vehicles while supporting day-to-day operations and quality checks.
"Kalasalingam Institute of Polytechnic, Jamshedpur",Customer Identity,AICTE Internship Cell,7,13690,offline,True,General,Learn industry workflows in customer identity while supporting day-to-day operations and quality checks.
"National Institute of Technology, Kolkata",Library Science,Amul,8,10965,online,False,General,Work on live projects with the Sodhi and Sons library science team; contribute to sprint deliverables and documentation.
"Government Engineering College, Anantapur",Radiology AI,Indian Oil,6,10667,offline,False,General,Learn industry workflows in radiology ai while supporting day-to-day operations and quality checks.
"KLE Engineering College, Vadodara",Sports Analytics,GAIL India,7,13854,offline,False,CDAC,"Assist senior engineers/researchers on sports analytics tasks, from requirements to testing and delivery."
"Lokmanya Institute of Applied Arts and Crafts, Kota",Go-live Support,Amazon India,7,3114,offline,True,General,Learn industry workflows in go-live support while supporting day-to-day operations and quality checks.
"Anurag College of Architecture and Planning, Tirunelveli",Welding Technology,Axis Bank,8,9859,offline,False,General,"Assist senior engineers/researchers on welding technology tasks, from requirements to testing and delivery."
"Girijananda Chowdhury Institute of Management and Technology, Faridabad",Brand Management,Hindustan Aeronautics,6,13509,offline,False,General,Collaborate across teams on brand management initiatives; present findings to stakeholders.
"Government College of Engineering, Bikaner",Contrastive Learning,Nestle India,6,8665,offline,False,General,"Assist senior engineers/researchers on contrastive learning tasks, from requirements to testing and delivery."
"Government College of Engineering, Siliguri",Data Warehousing,Marico,7,0,offline,True,Indian Army,Work on live projects with the Singh LLC data warehousing team; contribute to sprint deliverables and documentation.
"Government Engineering College, Chennai",Energy Management Systems,Paytm,7,12350,online,False,General,Work on live projects with the Sridhar-Zachariah energy management systems team; contribute to sprint deliverables and documentation.
"Government College of Engineering, Imphal",WAF,AICTE Internship Cell,9,13210,offline,True,General,"Work on live projects with the Lad, Barad and Goyal waf team; contribute to sprint deliverables and documentation."
"Chaitanya College of Fine and Applied Arts, Madurai",Fuel Cells,Royal Enfield,6,8891,online,True,General,"Hands-on fuel cells internship: build, test and ship a real feature under a mentor."
"Government College of Engineering, Ahmedabad",Packer,Salesforce India,8,5231,offline,False,General,Collaborate across teams on packer initiatives; present findings to stakeholders.
"Kalinga Pharmacy College, Sagar",Organic Electronics,Zoho Corporation,6,14523,hybrid,False,General,Learn industry workflows in organic electronics while supporting day-to-day operations and quality checks.
"Hindustan Institute of Engineering and Management, Ballari",VLSI Design,Railway Board,6,9482,offline,False,General,"Support data collection, analysis and reporting for the vlsi design practice at Lalla and Sons."
"Vishwakarma Institute of Pharmacy, Bhubaneswar",Green Buildings,H&M India,8,8580,offline,True,General,"Support data collection, analysis and reporting for the green buildings practice at Kashyap-Pandit."
"Amrita Institute of Engineering and Management, Junagadh",MMM,Power Grid Corporation,8,0,online,False,General,"Work on live projects with the Reddy, Grewal and Om mmm team; contribute to sprint deliverables and documentation."
"Government College of Engineering, Chennai",Crypto Research,Tanishq,7,6159,offline,False,General,"Support data collection, analysis and reporting for the crypto research practice at Kadakia, Rama and Krishnamurthy."
"Symbiosis College of Engineering and Technology, Belagavi",Data Engineering,Schneider Electric,8,0,hybrid,True,General,Collaborate across teams on data engineering initiatives; present findings to stakeholders.
"Government Institute of Management, Aurangabad",Healthcare Management,upGrad,8,14552,online,False,CDAC,Collaborate across teams on healthcare management initiatives; present findings to stakeholders.
"Government Engineering College, Thiruvananthapuram",Telemedicine,Delhivery,6,4155,online,False,General,Work on live projects with the Randhawa-Dubey telemedicine team; contribute to sprint deliverables and documentation.
"Government Engineering College, Belagavi",Threat Intelligence,Ultratech Cement,8,14688,offline,False,General,Collaborate across teams on threat intelligence initiatives; present findings to stakeholders.
"Sri Indu College of Architecture, Guwahati",Process Excellence,GAIL India,6,11307,offline,False,General,Learn industry workflows in process excellence while supporting day-to-day operations and quality checks.
"Reva College of Engineering and Technology, Siddipet",Archaeology,NTPC,9,3120,hybrid,False,CDAC,Work on live projects with the Pandit Inc archaeology team; contribute to sprint deliverables and documentation.
"Vasavi Business School, Ballari",Edge Computing,Larsen & Toubro,6,6244,online,True,Indian Army,Learn industry workflows in edge computing while supporting day-to-day operations and quality checks.
"Anurag Engineering College, Madurai",Ayurveda Research,Havells,9,7769,offline,False,General,Work on live projects with the Sami LLC ayurveda research team; contribute to sprint deliverables and documentation.
"G.L. Bajaj Engineering College, Mysuru",Microbiology,Mother Dairy,9,0,hybrid,False,General,"Assist senior engineers/researchers on microbiology tasks, from requirements to testing and delivery."
"RV Institute of Technology, Coimbatore",Telemedicine,ACC Cement,7,3652,offline,False,General,Collaborate across teams on telemedicine initiatives; present findings to stakeholders.
"Guru Nanak Institute of Technology, Nizamabad",Performance Engineering,Ashok Leyland,8,0,offline,False,General,"Support data collection, analysis and reporting for the performance engineering practice at Dhaliwal, Singh and Dugar."
"Government College of Management Studies, Chandigarh",NGO Operations,Meesho,7,6471,offline,False,CDAC,"Support data collection, analysis and reporting for the ngo operations practice at Bir, Raval and Roy."
"Government Engineering College, Bardhaman",Microfluidics,BigBasket,9,11666,offline,False,General,"Support data collection, analysis and reporting for the microfluidics practice at Lalla-Mani."
"Lendi Institute of Polytechnic Studies, Tirunelveli",Animation,Zara India,7,0,offline,False,General,"Support data collection, analysis and reporting for the animation practice at Uppal Inc."
"Government Institute of Management, Kota",Energy Management Systems,DMart,6,9733,online,False,TULIP,Learn industry workflows in energy management systems while supporting day-to-day operations and quality checks.
"Girijananda Chowdhury Institute of Management and Technology, Faridabad",Health Education,Unacademy,7,0,offline,False,TULIP,Collaborate across teams on health education initiatives; present findings to stakeholders.
"Christ Engineering College, Ahmedabad",Infrastructure as Code,Infosys,7,12815,offline,False,TULIP,"Support data collection, analysis and reporting for the infrastructure as code practice at Babu, Morar and Kibe."
"Sharda Business School, Mysuru",Knowledge Graphs,PayPal India,8,8778,offline,False,General,Collaborate across teams on knowledge graphs initiatives; present findings to stakeholders.
"Kakatiya School of Management, Lucknow",Virtual Reality,Havells,9,0,offline,False,General,"Support data collection, analysis and reporting for the virtual reality practice at Rajagopalan, Krishnan and Aggarwal."
"Symbiosis College of Engineering and Technology, Jabalpur",Function-as-a-Service,Razorpay,7,10440,hybrid,False,General,"Assist senior engineers/researchers on function-as-a-service tasks, from requirements to testing and delivery."
"Government Engineering College, Visakhapatnam",Subnetting,Dunzo,7,0,hybrid,False,General,"Support data collection, analysis and reporting for the subnetting practice at Wali-Thaman."
"Government School of Architecture, Udaipur",Secure Boot,Vodafone Idea,8,7121,online,False,CDAC,Work on live projects with the Maharaj Inc secure boot team; contribute to sprint deliverables and documentation.
"Government Polytechnic, Ghaziabad",Financial Analysis,ServiceNow India,7,5222,offline,False,General,Learn industry workflows in financial analysis while supporting day-to-day operations and quality checks.
"Gokaraju School of Architecture, Varanasi",Columnar Storage,Airbnb India,9,8058,hybrid,False,CDAC,"Support data collection, analysis and reporting for the columnar storage practice at Iyengar, Mistry and Ganesh."
"Government College of Engineering, Kollam",Idempotency,Tata Consultancy Services,7,0,offline,False,General,"Hands-on idempotency internship: build, test and ship a real feature under a mentor."
"Raghu Institute of Technology and Science, Bokaro",Petroleum Engineering,Razorpay,7,11320,hybrid,False,General,Learn industry workflows in petroleum engineering while supporting day-to-day operations and quality checks.
"Sri Sathya Sai Institute of Science and Technology, Muzaffarpur",Telemedicine,BHEL,9,3391,offline,False,General,"Support data collection, analysis and reporting for the telemedicine practice at Joshi-Sidhu."
"Sree Dattha Institute of Technology and Science, Durgapur",Learning and Development,upGrad,9,13961,offline,False,General,"Support data collection, analysis and reporting for the learning and development practice at Chadha-Bahri."
"Government College of Management Studies, Belagavi",Satellite Propulsion,JSW Steel,7,7865,online,True,General,Work on live projects with the Kapur LLC satellite propulsion team; contribute to sprint deliverables and documentation.
"Sri Indu College of Pharmacy and Research, Mysuru",BGP,Netflix India,6,14352,online,False,General,Work on live projects with the Sangha Group bgp team; contribute to sprint deliverables and documentation.
"Hindustan Institute of Applied Arts, Karimnagar",Predictive Maintenance,ICICI Bank,6,0,hybrid,False,General,"Assist senior engineers/researchers on predictive maintenance tasks, from requirements to testing and delivery."
"Government College of Applied Arts, Daman",Agriculture Technology,Fabindia,7,4090,offline,False,General,"Support data collection, analysis and reporting for the agriculture technology practice at Ranganathan PLC."
"Government Engineering College, Sagar",Learning to Rank,Bharat Electronics,6,11962,offline,False,General,Work on live projects with the Kannan and Sons learning to rank team; contribute to sprint deliverables and documentation.
"Vaagdevi College of Engineering and Technology, Rohtak",Network Forensics,Kia India,9,0,offline,True,General,Work on live projects with the Ganguly-Yadav network forensics team; contribute to sprint deliverables and documentation.
"Geethanjali Institute of Technology, Hamirpur",Forestry,Indian Oil,8,11769,online,False,Indian Army,Work on live projects with the Koshy-Bahl forestry team; contribute to sprint deliverables and documentation.
"Geethanjali Institute of Pharmaceutical Sciences, Aurangabad",Economics Research,ACC Cement,8,11066,offline,False,General,"Assist senior engineers/researchers on economics research tasks, from requirements to testing and delivery."
"Government Polytechnic, Panipat",Shopper Insights,Meta India,6,8649,offline,False,General,Learn industry workflows in shopper insights while supporting day-to-day operations and quality checks.
"Girijananda Chowdhury College of Engineering and Technology, Vizianagaram",Cutover Planning,Reliance Jio,9,0,hybrid,True,General,"Hands-on cutover planning internship: build, test and ship a real feature under a mentor."
"Sri Venkateswara College of Engineering and Technology, Hubballi",ISO 9001,Blinkit,8,0,online,False,General,"Assist senior engineers/researchers on iso 9001 tasks, from requirements to testing and delivery."
"Aditya School of Management, Ajmer",Reliability Engineering,Vedantu,7,0,online,False,General,"Assist senior engineers/researchers on reliability engineering tasks, from requirements to testing and delivery."
"Aditya Institute of Pharmaceutical Sciences, Meerut",Pharmaceutical Research,Hero MotoCorp,6,4338,hybrid,False,Indian Army,"Work on live projects with the Pall, Edwin and Gola pharmaceutical research team; contribute to sprint deliverables and documentation."
"Government College of Engineering, Ludhiana",Terraform,Adobe India,6,3416,online,False,General,"Work on live projects with the Chaudhari, Sethi and Borah terraform team; contribute to sprint deliverables and documentation."
"Government College of Engineering, Shimla",Graphic Design,Mahindra & Mahindra,6,5862,offline,False,General,Learn industry workflows in graphic design while supporting day-to-day operations and quality checks.
"Government Institute of Management, Jaipur",Event-driven Architecture,Hindustan Unilever,8,0,hybrid,False,General,Learn industry workflows in event-driven architecture while supporting day-to-day operations and quality checks.
"Government College of Engineering, Shimla",Adversarial ML,Paytm,8,0,offline,False,TULIP,Learn industry workflows in adversarial ml while supporting day-to-day operations and quality checks.
"K.S.R. Institute of Science and Technology, Raipur",API Gateway,AICTE Internship Cell,7,3392,offline,False,General,Collaborate across teams on api gateway initiatives; present findings to stakeholders.
"Sinhgad Institute of Technology and Science, Anantapur",Grant Writing,Google India,7,14676,offline,False,General,Learn industry workflows in grant writing while supporting day-to-day operations and quality checks.
"Ideal Institute of Engineering and Polytechnic, South Goa",3D Modelling,HP India,9,0,hybrid,False,General,"Assist senior engineers/researchers on 3d modelling tasks, from requirements to testing and delivery."
"Government Engineering College, Madurai",SD-WAN,Practo,8,8969,hybrid,False,CDAC,Collaborate across teams on sd-wan initiatives; present findings to stakeholders.
"Reva Institute of Technology, Gwalior",Ride Hailing,Railway Board,7,10555,online,False,General,Collaborate across teams on ride hailing initiatives; present findings to stakeholders.
"Government College of Management Studies, Nashik",Threat Intelligence,Siemens Gamesa,7,11530,offline,False,General,"Work on live projects with the Ramakrishnan, Saha and Puri threat intelligence team; contribute to sprint deliverables and documentation."
"Government Engineering College, Karimnagar",Financial Analysis,Godrej Industries,9,0,offline,False,General,"Support data collection, analysis and reporting for the financial analysis practice at Nazareth LLC."
"Government Engineering College, Thiruvananthapuram",Foundation Models,Airbnb India,8,5350,online,False,General,Work on live projects with the Sampath Ltd foundation models team; contribute to sprint deliverables and documentation.
"Government Engineering College, Vellore",Propensity Modelling,TVS Motor,9,9322,online,False,CDAC,"Assist senior engineers/researchers on propensity modelling tasks, from requirements to testing and delivery."
"Government Engineering College, Bengaluru",Propulsion,MakeMyTrip,8,0,hybrid,False,General,"Hands-on propulsion internship: build, test and ship a real feature under a mentor."
"Government College of Engineering, Ghaziabad",Harbour Engineering,Dabur,9,7514,offline,False,General,Work on live projects with the Thaker-Gola harbour engineering team; contribute to sprint deliverables and documentation.
"Government College of Engineering, Bathinda",SOAR,Schneider Electric,8,4969,offline,False,General,Learn industry workflows in soar while supporting day-to-day operations and quality checks.
"Srinivasa Institute of Engineering and Management, Chandigarh",Open Source Governance,Google India,6,0,online,False,General,"Hands-on open source governance internship: build, test and ship a real feature under a mentor."
"Reva College of Engineering and Technology, Siddipet",Attack Surface Management,Ather Energy,6,0,offline,False,General,"Work on live projects with the Raju, Shanker and Agate attack surface management team; contribute to sprint deliverables and documentation."
"Nitte Institute of Technology, Siddipet",Entrepreneurship Training,Google India,9,0,offline,False,CDAC,Learn industry workflows in entrepreneurship training while supporting day-to-day operations and quality checks.
"Malla Reddy College of Architecture, Chennai",Behavioural Biometrics,Blinkit,8,14192,offline,True,General,"Support data collection, analysis and reporting for the behavioural biometrics practice at Kalita Group."
"Government College of Engineering, Kollam",A/B Testing,Twitter/X India,6,13777,hybrid,False,General,Learn industry workflows in a/b testing while supporting day-to-day operations and quality checks.
"Jain Institute of Science and Technology, Bilaspur",Dairy Technology,Bajaj Auto,8,11804,online,False,CDAC,"Support data collection, analysis and reporting for the dairy technology practice at Brahmbhatt, Ramachandran and Behl."
"Ideal Institute of Management and Technology, Junagadh",Data Profiling,Dabur,8,3390,offline,False,General,"Support data collection, analysis and reporting for the data profiling practice at Char Group."
"Government College of Engineering, Adilabad",Smart Grid,Capgemini,9,0,offline,True,General,"Hands-on smart grid internship: build, test and ship a real feature under a mentor."
"Siddhartha Institute of Technology and Science, Nagpur",Game Theory,L&T Energy,8,0,hybrid,False,General,"Support data collection, analysis and reporting for the game theory practice at Nayar Group."
"Matrusri School of Business Administration, Khammam",Food Processing,Bharti Airtel,8,3113,offline,False,General,Learn industry workflows in food processing while supporting day-to-day operations and quality checks.
"NMAM College of Pharmacy, Ludhiana",Archaeology,Amazon India,6,0,offline,False,General,"Support data collection, analysis and reporting for the archaeology practice at Munshi-Khanna."
"Shri School of Applied Arts, Anantapur",Load Balancing,Adobe India,7,14270,online,True,General,"Assist senior engineers/researchers on load balancing tasks, from requirements to testing and delivery."
"Sreenidhi Institute of Engineering and Technology, Sambalpur",Grant Management,ACC Cement,6,10755,hybrid,False,General,Collaborate across teams on grant management initiatives; present findings to stakeholders.
"Malla Reddy Pharmacy College, Tezpur",Social Impact Consulting,Crompton,7,8791,offline,False,General,"Hands-on social impact consulting internship: build, test and ship a real feature under a mentor."
"Vignan College of Engineering and Technology, Amritsar",Compliance Reporting,Big Bazaar (Future),9,0,online,False,General,"Hands-on compliance reporting internship: build, test and ship a real feature under a mentor."
"Lokmanya Institute of Applied Arts and Crafts, Kota",Hydrology,Ashok Leyland,6,8836,hybrid,False,CDAC,"Hands-on hydrology internship: build, test and ship a real feature under a mentor."
"Bharath Institute of Pharmaceutical Sciences, Siddipet",Augmented Reality,Hindustan Aeronautics,6,0,offline,False,General,"Assist senior engineers/researchers on augmented reality tasks, from requirements to testing and delivery."
"Sharda Institute of Engineering and Management, Vadodara",Vendor Risk,NTPC,6,7372,online,False,General,"Support data collection, analysis and reporting for the vendor risk practice at Sahni-Bail."
"Kalinga Engineering College, Nagpur",Shopper Insights,Adani Green Energy,9,14860,hybrid,True,General,Collaborate across teams on shopper insights initiatives; present findings to stakeholders.
"Thapar Engineering College, Ajmer",Change Data Capture,UNDP India,7,10907,offline,False,General,Collaborate across teams on change data capture initiatives; present findings to stakeholders.
"Lokmanya College of Pharmacy and Research, Ghaziabad",WAF,HCL Technologies,8,0,offline,False,General,Collaborate across teams on waf initiatives; present findings to stakeholders.
"Government College of Management Studies, Kurnool",Platform Governance,IBM India,6,6721,offline,False,General,"Assist senior engineers/researchers on platform governance tasks, from requirements to testing and delivery."
"D.Y. Patil Institute of Technology and Science, Patiala",Message Broker,Bharti Airtel,6,6226,hybrid,False,General,"Support data collection, analysis and reporting for the message broker practice at Memon Ltd."
"Hindustan Institute of Business Management, Junagadh",Multimodal Models,Kotak Mahindra Bank,7,14291,hybrid,True,TULIP,Learn industry workflows in multimodal models while supporting day-to-day operations and quality checks.
"PES Polytechnic College, Panipat",Skill Development,Tata Power,9,0,online,False,General,"Work on live projects with the Bir, Vala and Narang skill development team; contribute to sprint deliverables and documentation."
"PES Polytechnic College, Panipat",Astrophysics,LinkedIn India,8,4949,offline,False,General,"Hands-on astrophysics internship: build, test and ship a real feature under a mentor."
"Sathyabama Institute of Polytechnic, Purnia",Six Sigma,Zoho Corporation,6,0,hybrid,True,TULIP,Work on live projects with the Samra Group six sigma team; contribute to sprint deliverables and documentation.
"Government College of Management Studies, Tezpur",NGO Operations,Bajaj Finance,9,4096,offline,False,Indian Army,"Support data collection, analysis and reporting for the ngo operations practice at More, Panchal and Wali."
"Government Engineering College, Thiruvananthapuram",Containerization,Tata Motors,7,0,hybrid,True,General,"Support data collection, analysis and reporting for the containerization practice at Keer Ltd."
"Government Engineering College, Indore",Geology,State Bank of India,7,0,online,False,General,Collaborate across teams on geology initiatives; present findings to stakeholders.
"Government College of Management Studies, Kurnool",Retail Analytics,ABB India,7,11173,hybrid,False,General,"Support data collection, analysis and reporting for the retail analytics practice at Dasgupta-Khanna."
"Vaagdevi Institute of Science and Technology, Rewa",Data Visualization,ONGC,7,9531,hybrid,False,General,Work on live projects with the Kata-Seshadri data visualization team; contribute to sprint deliverables and documentation.
"Jain College of Pharmacy, Ujjain",Go-live Support,ONGC,7,7203,offline,False,General,"Support data collection, analysis and reporting for the go-live support practice at Pal Group."
"Sardar Institute of Business Management, Kanpur",Account Takeover,Tata Power,8,0,offline,False,General,Collaborate across teams on account takeover initiatives; present findings to stakeholders.
"K.S.R. Institute of Science and Technology, Raipur",Space Debris,Google India,7,4780,offline,False,General,"Support data collection, analysis and reporting for the space debris practice at Dani Group."
"Anurag Institute of Engineering and Management, Ahmedabad",Warehouse Automation,Trent (Westside),8,3654,offline,False,General,"Assist senior engineers/researchers on warehouse automation tasks, from requirements to testing and delivery."
"Government Institute of Management, Tirunelveli",Green Bonds,Zoho Corporation,8,5513,offline,False,General,"Work on live projects with the Nigam, Mutti and Balakrishnan green bonds team; contribute to sprint deliverables and documentation."
"Government College of Engineering, Rajkot",Sanctions Screening,AICTE Internship Cell,8,0,hybrid,False,CDAC,"Support data collection, analysis and reporting for the sanctions screening practice at Kadakia-Ganguly."
"Ideal Business School, North Delhi",Economics Research,P&G India,9,13125,offline,False,General,"Support data collection, analysis and reporting for the economics research practice at Shere-Das."
"Government Institute of Applied Arts, West Delhi",Chaos Engineering,Tata Consultancy Services,9,6330,offline,False,General,Collaborate across teams on chaos engineering initiatives; present findings to stakeholders.
"Nitte College of Engineering, Meerut",Prompt Engineering,ICICI Bank,7,6310,online,False,General,"Assist senior engineers/researchers on prompt engineering tasks, from requirements to testing and delivery."
"Sinhgad Institute of Science and Technology, Hubballi",Railway Operations,Cure.fit,9,13488,offline,False,General,"Hands-on railway operations internship: build, test and ship a real feature under a mentor."
"Government School of Architecture, Nagpur",ISO 9001,NITI Aayog,8,0,offline,False,General,"Hands-on iso 9001 internship: build, test and ship a real feature under a mentor."
"Thapar School of Business Administration, Vijayawada",Event Management,C-DAC,8,11431,offline,False,General,"Work on live projects with the Shankar, Keer and Narayan event management team; contribute to sprint deliverables and documentation."
"Government College of Engineering, Madurai",Artificial Intelligence,Reliance Industries,7,13227,offline,True,TULIP,"Assist senior engineers/researchers on artificial intelligence tasks, from requirements to testing and delivery."
"Government College of Management Studies, Tezpur",Neural Search,Rapido,9,8872,hybrid,False,General,"Hands-on neural search internship: build, test and ship a real feature under a mentor."
"Amity Business School, Kannur",Master Data,Ola,8,0,hybrid,False,General,Work on live projects with the Ben-Jain master data team; contribute to sprint deliverables and documentation.
"Amrita Institute of Pharmaceutical Sciences, Solapur",Border Control,State Bank of India,9,11165,offline,False,TULIP,"Hands-on border control internship: build, test and ship a real feature under a mentor."
"Government Institute of Management, Solapur",Traffic Simulation,TVS Motor,7,12469,hybrid,False,General,"Support data collection, analysis and reporting for the traffic simulation practice at Rana-Dar."
"Vaagdevi School of Architecture, Sagar",Virtual Reality,LinkedIn India,6,12466,online,False,TULIP,Learn industry workflows in virtual reality while supporting day-to-day operations and quality checks.
"Kalasalingam Institute of Technology and Science, Pune",Vaccine Development,NTPC,6,0,offline,False,General,Learn industry workflows in vaccine development while supporting day-to-day operations and quality checks.
"Government Engineering College, Thiruvananthapuram",Media Planning,Hero MotoCorp,6,0,offline,False,General,"Support data collection, analysis and reporting for the media planning practice at Jain and Sons."
"Srinivasa Institute of Engineering and Management, Anantapur",Pharmaceutical Research,Adani Group,7,12247,offline,False,General,Work on live projects with the Oommen Inc pharmaceutical research team; contribute to sprint deliverables and documentation.
"Government Institute of Management, Karimnagar",Startup Mentoring,LinkedIn India,6,8000,offline,False,General,Collaborate across teams on startup mentoring initiatives; present findings to stakeholders.
"Government Engineering College, Indore",Non-destructive Testing,Reliance Industries,6,14098,hybrid,True,General,"Assist senior engineers/researchers on non-destructive testing tasks, from requirements to testing and delivery."
"Kongu Institute of Engineering and Management, Guwahati",Market Research,ICICI Bank,7,0,online,False,General,"Work on live projects with the Mane, Dixit and Bhagat market research team; contribute to sprint deliverables and documentation."
"Aditya Institute of Pharmaceutical Sciences, Meerut",Defence Analysis,Hero MotoCorp,6,0,online,True,CDAC,Work on live projects with the Krish Group defence analysis team; contribute to sprint deliverables and documentation.
"Galgotias Institute of Engineering and Polytechnic, Haridwar",Customer Identity,National Skill Development Corporation,6,5543,online,True,General,Collaborate across teams on customer identity initiatives; present findings to stakeholders.
"Hindustan Institute of Business Management, Junagadh",Harbour Engineering,Bharat Electronics,8,14369,offline,False,General,"Assist senior engineers/researchers on harbour engineering tasks, from requirements to testing and delivery."
"Government Institute of Management, Tirunelveli",Process Excellence,Dabur,6,0,online,True,General,"Work on live projects with the Master, Babu and Mital process excellence team; contribute to sprint deliverables and documentation."
"Anurag Institute of Technology and Science, Jaipur",Superconductors,Reliance Jio,9,7712,online,False,General,"Support data collection, analysis and reporting for the superconductors practice at Bhavsar and Sons."
"Government Engineering College, Shimla",Polymer Science,Voltas,7,10877,online,False,General,"Assist senior engineers/researchers on polymer science tasks, from requirements to testing and delivery."
"VIT Institute of Technology, Ranchi",Consumer Research,Siemens India,7,7329,offline,False,General,"Support data collection, analysis and reporting for the consumer research practice at Warrior-Tailor."
"Geethanjali Institute of Technology, Kanpur",Cryo-EM,Lafarge India,9,3081,hybrid,True,General,Collaborate across teams on cryo-em initiatives; present findings to stakeholders.
"Matrusri School of Business Administration, Khammam",Edge Computing,Suzlon,7,0,online,False,General,"Work on live projects with the Amble, Ramaswamy and Dube edge computing team; contribute to sprint deliverables and documentation."
"Government College of Engineering, Vizianagaram",Aviation Management,Bharti Airtel,8,11084,offline,False,General,"Support data collection, analysis and reporting for the aviation management practice at Manda and Sons."
"Shri College of Engineering and Technology, Vizianagaram",Augmented Reality,Hindalco,7,0,offline,False,General,"Work on live projects with the Majumdar, Nagar and Mand augmented reality team; contribute to sprint deliverables and documentation."
"Sinhgad Institute of Science and Technology, Ballari",Healthtech,Tata Consultancy Services,8,0,offline,False,General,Learn industry workflows in healthtech while supporting day-to-day operations and quality checks.
"K.S.R. Institute of Science and Technology, Raipur",Construction Management,Freshworks,6,7164,online,True,General,"Support data collection, analysis and reporting for the construction management practice at Borra Inc."
"Kalasalingam School of Planning and Architecture, Lucknow",LTV Prediction,ServiceNow India,9,11999,offline,True,Indian Army,"Work on live projects with the Nayar, Krishna and Chanda ltv prediction team; contribute to sprint deliverables and documentation."
"Government Engineering College, Vijayawada",OAuth,Vedanta,8,0,hybrid,False,General,"Hands-on oauth internship: build, test and ship a real feature under a mentor."
"Amity Engineering College, Karimnagar",Robotics,LTIMindtree,9,13081,offline,False,General,Learn industry workflows in robotics while supporting day-to-day operations and quality checks.
"Anurag Polytechnic, Amritsar",Learning to Rank,Lafarge India,9,0,online,False,General,"Support data collection, analysis and reporting for the learning to rank practice at Din-Memon."
"K.S.R. Institute of Technology and Science, Mangaluru",Service Mesh,Nestle India,8,13773,offline,False,General,Learn industry workflows in service mesh while supporting day-to-day operations and quality checks.
"Matrusri Institute of Engineering and Management, Srinagar",Cost Optimization,Havells,8,12682,online,False,General,Collaborate across teams on cost optimization initiatives; present findings to stakeholders.
"Sreenidhi College of Engineering, Amravati",TTS,Tata Steel,7,0,hybrid,False,General,Learn industry workflows in tts while supporting day-to-day operations and quality checks.
"Vignan Institute of Science and Technology, Allahabad",DDoS Mitigation,PhonePe,8,5986,offline,False,General,"Hands-on ddos mitigation internship: build, test and ship a real feature under a mentor."
"Sathyabama Institute of Polytechnic, Purnia",Ride Hailing,Titan Company,6,6162,hybrid,False,General,"Hands-on ride hailing internship: build, test and ship a real feature under a mentor."
"Sardar Institute of Business Management, Kanpur",Attack Surface Management,Oyo,9,0,offline,False,General,Collaborate across teams on attack surface management initiatives; present findings to stakeholders.
"Sharda Institute of Engineering and Management, Vadodara",Product Management,FedEx India,6,0,offline,False,General,Collaborate across teams on product management initiatives; present findings to stakeholders.
"Government Engineering College, Vellore",Policy as Code,Bajaj Auto,6,13042,offline,False,General,Learn industry workflows in policy as code while supporting day-to-day operations and quality checks.
"Manipal Institute of Engineering and Technology, Bilaspur",Cutover Planning,SAP Labs India,9,7237,offline,False,General,Learn industry workflows in cutover planning while supporting day-to-day operations and quality checks.
"Siddhartha Institute of Engineering and Polytechnic, Lucknow",Water Treatment,Tata Motors,7,6149,offline,False,General,"Support data collection, analysis and reporting for the water treatment practice at Chanda Ltd."
"SRM Engineering College, Karimnagar",Library Science,MakeMyTrip,8,0,offline,False,General,Learn industry workflows in library science while supporting day-to-day operations and quality checks.
"Government Engineering College, Bardhaman",Social Work,Hyundai India,7,8556,online,False,General,"Work on live projects with the Setty, Mallick and Gade social work team; contribute to sprint deliverables and documentation."
"NMAM Institute of Technology and Science, Mysuru",PKI,HCL Technologies,6,7088,offline,False,TULIP,"Support data collection, analysis and reporting for the pki practice at Bahl Group."
"Government Engineering College, Belagavi",Raft,MakeMyTrip,7,10849,offline,False,General,Collaborate across teams on raft initiatives; present findings to stakeholders.
"Sreenidhi Institute of Engineering and Management, Bengaluru",Data Migration,Bharti Airtel,8,11334,offline,False,General,Learn industry workflows in data migration while supporting day-to-day operations and quality checks.
"Matrusri Institute of Engineering and Management, Srinagar",Pricing Optimization,Tata Consultancy Services,8,0,offline,False,General,"Assist senior engineers/researchers on pricing optimization tasks, from requirements to testing and delivery."
"Government Institute of Management, Aurangabad",Instrumentation,Maruti Suzuki,7,0,online,False,TULIP,"Support data collection, analysis and reporting for the instrumentation practice at Baria-Wali."
"Government College of Engineering, Ludhiana",Corporate Governance,Larsen & Toubro,9,9582,online,True,General,"Assist senior engineers/researchers on corporate governance tasks, from requirements to testing and delivery."
"Government Institute of Pharmaceutical Sciences, Jalandhar",Natural Language Processing,DMart,7,0,online,False,General,Collaborate across teams on natural language processing initiatives; present findings to stakeholders.
"Anurag Institute of Science and Technology, Guntur",Fiscal Policy,Practo,6,0,offline,False,General,Collaborate across teams on fiscal policy initiatives; present findings to stakeholders.
"Government Engineering College, Nashik",Assistive Technology,BYJU'S,7,12629,offline,False,General,"Assist senior engineers/researchers on assistive technology tasks, from requirements to testing and delivery."
"Girijananda Chowdhury Institute of Management and Technology, Faridabad",Dead Letter Queue,Cure.fit,6,10934,hybrid,False,General,Collaborate across teams on dead letter queue initiatives; present findings to stakeholders.
"Jain College of Pharmacy, Ujjain",Employer Branding,Bajaj Auto,8,10023,hybrid,False,General,Learn industry workflows in employer branding while supporting day-to-day operations and quality checks.
"Government College of Engineering, Jabalpur",Augmented Reality,Netflix India,7,14157,offline,False,Indian Army,"Support data collection, analysis and reporting for the augmented reality practice at Srivastava Inc."
"Andhra Institute of Management Studies, Bokaro",Credit Risk,BigBasket,7,0,hybrid,False,General,"Assist senior engineers/researchers on credit risk tasks, from requirements to testing and delivery."
"Government College of Management Studies, Kurnool",CDN,Bajaj Finance,8,10337,offline,True,General,"Support data collection, analysis and reporting for the cdn practice at Rao, Kuruvilla and Bhatia."
"Government College of Engineering, Varanasi",Robotics,Axis Bank,6,0,offline,True,General,Collaborate across teams on robotics initiatives; present findings to stakeholders.
"G.L. Bajaj Institute of Management and Technology, Pune",Server Management,Adobe India,7,0,offline,True,General,Work on live projects with the Jayaraman-Kar server management team; contribute to sprint deliverables and documentation.
"Jain Institute of Technology, Ballari",Telecom Billing,Wipro,7,13881,offline,False,General,Work on live projects with the Vora PLC telecom billing team; contribute to sprint deliverables and documentation.
"Government Institute of Applied Arts, Jamshedpur",CDN,Salesforce India,8,4198,offline,False,General,"Support data collection, analysis and reporting for the cdn practice at Lanka, Mital and Sarraf."
"Government Engineering College, Kadapa",Data Governance,HCL Technologies,9,0,online,True,General,"Assist senior engineers/researchers on data governance tasks, from requirements to testing and delivery."
"Anurag Engineering College, Madurai",Food Technology,Myntra,6,14302,offline,False,TULIP,Work on live projects with the Behl Group food technology team; contribute to sprint deliverables and documentation.
"K.S.R. College of Engineering and Technology, Ghaziabad",AML Compliance,Swiggy,9,0,online,False,General,Work on live projects with the Kant Group aml compliance team; contribute to sprint deliverables and documentation.
"Lendi Institute of Polytechnic Studies, Tirunelveli",Risk-based Authentication,Airbnb India,9,9639,online,False,General,"Assist senior engineers/researchers on risk-based authentication tasks, from requirements to testing and delivery."
"Government College of Engineering, Siliguri",Wind Energy,Amazon India,7,14011,offline,False,TULIP,Work on live projects with the Sodhi Ltd wind energy team; contribute to sprint deliverables and documentation.
"Reva Institute of Technology, Gwalior",Aircraft Maintenance,ISRO,8,0,online,False,General,Work on live projects with the Rama Inc aircraft maintenance team; contribute to sprint deliverables and documentation.
"Srinivasa Institute of Engineering and Management, Anantapur",CVE Research,Lafarge India,6,14484,hybrid,False,General,Learn industry workflows in cve research while supporting day-to-day operations and quality checks.
"Thiagarajar Pharmacy College, Kolhapur",Federated Learning,Reliance Industries,9,7797,hybrid,False,General,"Hands-on federated learning internship: build, test and ship a real feature under a mentor."
"Raghu Institute of Management and Technology, Ghaziabad",3D Bioprinting,Blue Star,6,7362,hybrid,False,General,"Assist senior engineers/researchers on 3d bioprinting tasks, from requirements to testing and delivery."
"Karunya Institute of Technology and Science, Coimbatore",Low-code Development,PhonePe,9,5586,online,False,General,Work on live projects with the Hans Ltd low-code development team; contribute to sprint deliverables and documentation.
"Government Institute of Management, Panipat",Account Takeover,Razorpay,6,12812,hybrid,False,General,Learn industry workflows in account takeover while supporting day-to-day operations and quality checks.
"Hindustan Institute of Business Management, Junagadh",Dead Letter Queue,Dell Technologies,7,7672,hybrid,False,General,Learn industry workflows in dead letter queue while supporting day-to-day operations and quality checks.
"Vaagdevi Institute of Science and Technology, Rewa",Autoscaling,Adani Green Energy,8,8082,online,False,TULIP,Collaborate across teams on autoscaling initiatives; present findings to stakeholders.
"Vasavi Business School, Ballari",Nuclear Engineering,HCL Technologies,7,6040,online,False,General,Collaborate across teams on nuclear engineering initiatives; present findings to stakeholders.
"Reva Institute of Technology and Science, Howrah",Major Incident,Unacademy,7,8988,online,False,General,Learn industry workflows in major incident while supporting day-to-day operations and quality checks.
"Malla Reddy Institute of Technology, Chennai",Content Writing,ReNew Power,7,4205,offline,False,TULIP,"Hands-on content writing internship: build, test and ship a real feature under a mentor."
"Matrusri Institute of Engineering and Technology, South Goa",Container Scanning,Treebo,7,0,offline,True,General,Learn industry workflows in container scanning while supporting day-to-day operations and quality checks.
"K.S.R. Institute of Technology and Science, Mangaluru",ASR,PayPal India,8,3665,offline,False,TULIP,Collaborate across teams on asr initiatives; present findings to stakeholders.
"Ideal Business School, North Delhi",Operations Consulting,Schneider Electric,7,11775,online,True,General,"Support data collection, analysis and reporting for the operations consulting practice at Sinha Ltd."
"Srinivasa College of Architecture, Thanjavur",IT Service Management,Blue Star,9,11344,online,False,CDAC,"Assist senior engineers/researchers on it service management tasks, from requirements to testing and delivery."
"Aditya School of Management, Ajmer",Human Resources,Larsen & Toubro,8,4849,offline,False,General,"Hands-on human resources internship: build, test and ship a real feature under a mentor."
"Malla Reddy Institute of Technology and Science, Coimbatore",Indoor Positioning,SAP Labs India,9,6180,online,False,General,"Hands-on indoor positioning internship: build, test and ship a real feature under a mentor."
"NMAM College of Pharmacy, Ludhiana",Leader Election,Uber India,6,3855,offline,False,General,"Hands-on leader election internship: build, test and ship a real feature under a mentor."
"Vishwakarma Institute of Pharmacy, Bhubaneswar",Database Administration,Godrej Industries,9,13890,offline,False,General,"Support data collection, analysis and reporting for the database administration practice at Agate-Saini."
"Government College of Engineering, Rajkot",Sociology Research,NTPC,9,0,online,False,General,"Support data collection, analysis and reporting for the sociology research practice at Dugal-Rege."
"Government College of Engineering, Kharagpur",War Rooms,Vodafone Idea,7,0,offline,False,General,Learn industry workflows in war rooms while supporting day-to-day operations and quality checks.
"Government College of Engineering, Durgapur",Technical Writing,ABB India,6,0,offline,False,General,Work on live projects with the Kothari-Ramachandran technical writing team; contribute to sprint deliverables and documentation.
"Government Engineering College, Chennai",Payroll Operations,Bosch India,8,6253,hybrid,True,General,Work on live projects with the Gade-Mahajan payroll operations team; contribute to sprint deliverables and documentation.
"Government College of Applied Arts, Sambalpur",Telecommunications,FedEx India,8,6435,hybrid,False,TULIP,"Support data collection, analysis and reporting for the telecommunications practice at Sodhi, Bumb and Nagy."
"Vishwakarma Institute of Technology and Science, Jorhat",Conversion Prediction,Siemens India,8,0,offline,False,General,"Support data collection, analysis and reporting for the conversion prediction practice at Walla, Devan and Balan."
"Matrusri Institute of Technology and Science, Adilabad",Airport Security,Oracle India,7,11615,offline,False,General,"Assist senior engineers/researchers on airport security tasks, from requirements to testing and delivery."
"Ideal Business School, Gurugram",Fund Management,Tata Consultancy Services,9,11511,offline,True,General,"Hands-on fund management internship: build, test and ship a real feature under a mentor."
"Sharda Business School, Mysuru",Propulsion,PayPal India,9,4033,offline,False,General,"Support data collection, analysis and reporting for the propulsion practice at Dar LLC."
"K.S.R. College of Engineering and Technology, Ghaziabad",Foundation Models,Cognizant,6,9810,offline,False,General,Collaborate across teams on foundation models initiatives; present findings to stakeholders.
"Lendi Institute of Pharmacy, Sagar",Architecture Design,PharmEasy,8,11416,offline,True,General,Learn industry workflows in architecture design while supporting day-to-day operations and quality checks.
"Government Engineering College, Siddipet",Mission Planning,Mahindra & Mahindra,9,5985,hybrid,False,General,Learn industry workflows in mission planning while supporting day-to-day operations and quality checks.
"NMAM Institute of Management Studies, Tirunelveli",Journalism,Zara India,6,4197,offline,False,CDAC,Learn industry workflows in journalism while supporting day-to-day operations and quality checks.
"Government School of Architecture, Varanasi",Retail Analytics,Razorpay,6,0,offline,False,General,"Support data collection, analysis and reporting for the retail analytics practice at Kaul, Gala and Hari."
"Vishwakarma Institute of Engineering and Technology, Bilaspur",Advertising,Stripe India,8,3090,offline,False,General,Learn industry workflows in advertising while supporting day-to-day operations and quality checks.
"Government Polytechnic, Panipat",Firmware Security,SAP Labs India,6,6775,offline,False,General,"Support data collection, analysis and reporting for the firmware security practice at Palan-Shukla."
"Thiagarajar College of Management Studies, Kolhapur",Cutover Planning,Mother Dairy,9,0,hybrid,False,General,Collaborate across teams on cutover planning initiatives; present findings to stakeholders.
"Lokmanya Institute of Engineering and Management, Kurukshetra",Category Management,Ola,6,9572,hybrid,True,General,Collaborate across teams on category management initiatives; present findings to stakeholders.
"Raghu College of Applied Arts, Junagadh",Fleet Management,UNICEF India,7,6272,offline,True,TULIP,"Support data collection, analysis and reporting for the fleet management practice at Brahmbhatt and Sons."
"Sri Sathya Sai Institute of Technology, Gandhinagar",Contrastive Learning,IBM India,9,13340,online,False,General,Learn industry workflows in contrastive learning while supporting day-to-day operations and quality checks.
"Sree Dattha Institute of Management Studies, Rohtak",Change Management,ICICI Bank,8,12264,online,False,General,Collaborate across teams on change management initiatives; present findings to stakeholders.
"Sri Indu College of Engineering and Technology, Bengaluru",Elder Care Technology,HCL Technologies,7,0,online,False,General,Learn industry workflows in elder care technology while supporting day-to-day operations and quality checks.
"Government College of Architecture, Vijayawada",Data Visualization,Hindustan Aeronautics,6,4129,offline,True,General,Learn industry workflows in data visualization while supporting day-to-day operations and quality checks.
"Symbiosis College of Engineering and Technology, Jabalpur",Fraud Scoring,PayPal India,6,0,offline,False,General,Learn industry workflows in fraud scoring while supporting day-to-day operations and quality checks.
"Sharda Business School, Mysuru",Skill Development,State Bank of India,6,0,online,False,General,"Hands-on skill development internship: build, test and ship a real feature under a mentor."
"Vishwakarma Institute of Technology and Science, Nashik",Corporate Governance,Meesho,6,3298,online,False,General,Learn industry workflows in corporate governance while supporting day-to-day operations and quality checks.
"Srinivasa College of Architecture, Thanjavur",Hydrology,Capgemini,8,8201,online,False,General,"Hands-on hydrology internship: build, test and ship a real feature under a mentor."
"Kalinga Pharmacy College, Sagar",Growth Hacking,Honeywell India,6,7507,offline,False,Indian Army,"Assist senior engineers/researchers on growth hacking tasks, from requirements to testing and delivery."
"RV Institute of Management and Technology, Chennai",Wearable Health,FedEx India,8,3660,online,False,General,Work on live projects with the Dayal LLC wearable health team; contribute to sprint deliverables and documentation.
"Andhra College of Management Studies, Junagadh",Sales and Marketing,Adidas India,9,14724,offline,True,CDAC,"Support data collection, analysis and reporting for the sales and marketing practice at Amble, Dasgupta and Chada."
"Chaitanya Institute of Engineering and Technology, Agra",Contact Center AI,FedEx India,7,0,online,True,General,Work on live projects with the Chakrabarti PLC contact center ai team; contribute to sprint deliverables and documentation.
"Siddhartha Institute of Engineering and Polytechnic, Lucknow",HVAC Design,Adani Green Energy,9,14403,offline,False,General,Collaborate across teams on hvac design initiatives; present findings to stakeholders.
"Lendi Institute of Engineering and Technology, Haldia",Carbon Capture,BHEL,8,5917,offline,False,General,"Hands-on carbon capture internship: build, test and ship a real feature under a mentor."
"Sri Indu College of Architecture, Guwahati",Criminology,Meesho,6,3265,offline,False,General,"Hands-on criminology internship: build, test and ship a real feature under a mentor."
"RV Institute of Management and Technology, Chennai",Vaccine Development,Havells,9,4192,offline,False,General,"Support data collection, analysis and reporting for the vaccine development practice at Narayanan, Gandhi and Magar."
"Government College of Engineering, Durgapur",Fundraising,upGrad,9,0,hybrid,False,General,"Assist senior engineers/researchers on fundraising tasks, from requirements to testing and delivery."
"Government Institute of Management, Puducherry",SEO,Schneider Electric,6,0,offline,False,General,"Assist senior engineers/researchers on seo tasks, from requirements to testing and delivery."
"Matrusri Institute of Engineering and Technology, South Goa",Humanitarian Logistics,upGrad,7,14770,offline,False,General,"Hands-on humanitarian logistics internship: build, test and ship a real feature under a mentor."
"Ideal College of Engineering and Technology, Jodhpur",Electric Vehicles,Practo,7,10988,offline,False,General,"Support data collection, analysis and reporting for the electric vehicles practice at Minhas, Kalita and Ahuja."
"Government Engineering College, Ajmer",Microsegmentation,Tech Mahindra,9,4527,hybrid,False,General,"Assist senior engineers/researchers on microsegmentation tasks, from requirements to testing and delivery."
"Symbiosis College of Engineering and Technology, Belagavi",Vertical Farming,Freshworks,6,6953,offline,False,General,Work on live projects with the Bhatti Ltd vertical farming team; contribute to sprint deliverables and documentation.
"Vels Institute of Engineering and Technology, Allahabad",Networking,Reliance Jio,8,4723,offline,False,General,"Hands-on networking internship: build, test and ship a real feature under a mentor."
"Government Engineering College, Bhubaneswar",Zero Trust,Nike India,8,3236,offline,False,General,"Support data collection, analysis and reporting for the zero trust practice at Rege-Balasubramanian."
"Government College of Engineering, Bhagalpur",Maritime Safety,Honeywell India,6,5083,online,False,General,"Support data collection, analysis and reporting for the maritime safety practice at Dara, D’Alia and Dube."
"Sreenidhi Institute of Engineering and Management, Bengaluru",Textile Engineering,Tata Motors,9,11329,offline,True,General,"Hands-on textile engineering internship: build, test and ship a real feature under a mentor."
"Government School of Architecture, Udaipur",Container Scanning,Bharti Airtel,7,0,online,False,General,Learn industry workflows in container scanning while supporting day-to-day operations and quality checks.
"Malla Reddy Pharmacy College, Tezpur",Customer Analytics,Bajaj Finance,9,3941,offline,False,General,Collaborate across teams on customer analytics initiatives; present findings to stakeholders.
"Amity Institute of Technology and Science, Salem",Operations Consulting,Capgemini,8,5232,online,False,General,Collaborate across teams on operations consulting initiatives; present findings to stakeholders.
"Thapar School of Business Administration, Vijayawada",Technical Writing,Amazon India,7,10807,offline,True,General,"Work on live projects with the Das, Walia and Sahni technical writing team; contribute to sprint deliverables and documentation."
"Government College of Engineering, Nizamabad",Distributed Locking,Siemens India,9,14701,offline,False,General,"Assist senior engineers/researchers on distributed locking tasks, from requirements to testing and delivery."
"Galgotias College of Engineering, Agra",Airport Security,Siemens Gamesa,7,9767,offline,False,Indian Army,"Assist senior engineers/researchers on airport security tasks, from requirements to testing and delivery."
"Government College of Engineering, Salem",Structural Biology,Porter,6,0,online,False,General,Learn industry workflows in structural biology while supporting day-to-day operations and quality checks.
"Malla Reddy Institute of Technology and Science, Coimbatore",Pharmaceutical Research,TVS Motor,8,14975,hybrid,False,General,Collaborate across teams on pharmaceutical research initiatives; present findings to stakeholders.
"Government Engineering College, Kolhapur",Policy Analysis,JSW Steel,7,11697,hybrid,False,CDAC,"Support data collection, analysis and reporting for the policy analysis practice at Nagi, Rajan and Samra."
"Government Engineering College, Ajmer",Corporate Law,Vedanta,7,0,online,False,General,Work on live projects with the Dyal Inc corporate law team; contribute to sprint deliverables and documentation.
"Reva Institute of Technology, Gwalior",Mining Engineering,Indian Army (Technical),9,0,online,False,General,"Assist senior engineers/researchers on mining engineering tasks, from requirements to testing and delivery."
"Vasavi College of Engineering and Technology, Purnia",Reliability Engineering,Urban Company,9,8929,online,False,Indian Army,Learn industry workflows in reliability engineering while supporting day-to-day operations and quality checks.
"Malla Reddy School of Architecture, Karaikal",Synthetic Biology,Tata Power,6,0,offline,False,General,Collaborate across teams on synthetic biology initiatives; present findings to stakeholders.
"Sreenidhi College of Engineering, Amravati",Data Visualization,Hero MotoCorp,8,11081,offline,False,General,"Support data collection, analysis and reporting for the data visualization practice at Mahal Group."
"Kalasalingam School of Planning and Architecture, Lucknow",Plasma Physics,Crompton,9,9035,hybrid,False,General,Work on live projects with the Maharaj Ltd plasma physics team; contribute to sprint deliverables and documentation.
"Manipal Institute of Management Studies, Karimnagar",Sustainability Consulting,DRDO,8,0,offline,False,General,"Support data collection, analysis and reporting for the sustainability consulting practice at Sharma-Uppal."
"Srinivasa Institute of Engineering and Management, Anantapur",Graph Databases,Capgemini,6,10738,offline,True,CDAC,"Assist senior engineers/researchers on graph databases tasks, from requirements to testing and delivery."
"Manipal Institute of Pharmacy, Bhavnagar",Composites,Fabindia,7,3393,online,False,General,"Hands-on composites internship: build, test and ship a real feature under a mentor."
"K.S.R. Institute of Science and Technology, Raipur",Vector Databases,Godrej Industries,6,10219,offline,False,General,Learn industry workflows in vector databases while supporting day-to-day operations and quality checks.
"Galgotias Institute of Technology and Science, Thanjavur",Columnar Storage,Fabindia,7,9180,online,False,General,"Support data collection, analysis and reporting for the columnar storage practice at Saha, Parekh and Thakkar."
"Government College of Engineering, Kollam",Drone Technology,ServiceNow India,8,14249,online,True,General,Learn industry workflows in drone technology while supporting day-to-day operations and quality checks.
"Jain Institute of Science and Technology, Bilaspur",Healthtech,Swiggy,6,12562,offline,True,General,Learn industry workflows in healthtech while supporting day-to-day operations and quality checks.
"G.L. Bajaj Institute of Management and Technology, Pune",Particle Physics,Meesho,9,11026,hybrid,False,General,"Support data collection, analysis and reporting for the particle physics practice at Sankar and Sons."
"Saveetha Institute of Engineering and Technology, Chennai",Border Control,RedBus,6,7668,hybrid,False,General,"Hands-on border control internship: build, test and ship a real feature under a mentor."
"Government College of Architecture, Hyderabad",Satellite Communication,Hindalco,6,3295,offline,False,General,"Support data collection, analysis and reporting for the satellite communication practice at Reddy PLC."
"Ideal Business School, North Delhi",Tissue Engineering,Hyundai India,7,11267,online,False,General,Collaborate across teams on tissue engineering initiatives; present findings to stakeholders.
"Government Engineering College, Bhubaneswar",Astrobiology,Mother Dairy,9,7282,offline,False,General,Work on live projects with the Bail-Kapoor astrobiology team; contribute to sprint deliverables and documentation.
"Matrusri School of Business Administration, Khammam",Campaign Optimization,ONGC,6,7661,online,False,General,Collaborate across teams on campaign optimization initiatives; present findings to stakeholders.
"D.Y. Patil College of Engineering and Technology, Amravati",Agriculture Technology,HCL Technologies,7,8080,offline,True,General,Work on live projects with the Guha Ltd agriculture technology team; contribute to sprint deliverables and documentation.
"Mahatma Gandhi Engineering College, Sagar",Infrastructure as Code,Treebo,7,0,offline,False,General,"Support data collection, analysis and reporting for the infrastructure as code practice at Dalal PLC."
"Andhra Engineering College, Mysuru",Biomaterials,Indian Oil,8,0,offline,False,TULIP,Work on live projects with the Mahajan-Mangat biomaterials team; contribute to sprint deliverables and documentation.
"BMS Engineering College, Thrissur",MLOps,Cisco India,7,11805,offline,False,General,Work on live projects with the Kunda-Shroff mlops team; contribute to sprint deliverables and documentation.
"Siddhartha Institute of Engineering and Polytechnic, Lucknow",Implant Design,Capgemini,8,0,online,False,General,"Work on live projects with the Saraf, Narayanan and Dyal implant design team; contribute to sprint deliverables and documentation."
"Government Engineering College, Bikaner",Impact Assessment,FedEx India,7,5096,offline,False,General,"Assist senior engineers/researchers on impact assessment tasks, from requirements to testing and delivery."
"Siddhartha Institute of Technology and Science, Nagpur",Data Visualization,Mahindra & Mahindra,9,6591,offline,True,CDAC,Collaborate across teams on data visualization initiatives; present findings to stakeholders.
"Guru Nanak Institute of Science and Technology, Anantapur",Systems Biology,Zoho Corporation,9,0,offline,False,General,Learn industry workflows in systems biology while supporting day-to-day operations and quality checks.
"Matrusri Institute of Technology and Science, Adilabad",VFX,LinkedIn India,6,0,offline,False,General,"Assist senior engineers/researchers on vfx tasks, from requirements to testing and delivery."
"Government College of Architecture, North Delhi",Reverse Proxy,Infosys,9,9149,offline,True,General,Work on live projects with the Pau-Varty reverse proxy team; contribute to sprint deliverables and documentation.
"Government Engineering College, Madurai",Conversion Prediction,Reliance Industries,6,0,offline,False,General,Work on live projects with the Rai PLC conversion prediction team; contribute to sprint deliverables and documentation.
"Kalinga Pharmacy College, Sagar",Named Entity Recognition,Uber India,7,4488,offline,False,General,"Hands-on named entity recognition internship: build, test and ship a real feature under a mentor."
"Bapatla College of Engineering, Kanpur",Crowdsourcing,Shoppers Stop,9,3126,offline,False,General,"Assist senior engineers/researchers on crowdsourcing tasks, from requirements to testing and delivery."
"Dayananda Sagar Institute of Technology and Science, Howrah",etcd,Blinkit,6,13170,offline,False,TULIP,Collaborate across teams on etcd initiatives; present findings to stakeholders.
"Christ Institute of Management Studies, Imphal",Nuclear Fusion,Maruti Suzuki,9,3338,offline,True,General,"Hands-on nuclear fusion internship: build, test and ship a real feature under a mentor."
"Andhra College of Management Studies, Junagadh",Sentiment Analysis,BHEL,7,9689,hybrid,False,General,"Hands-on sentiment analysis internship: build, test and ship a real feature under a mentor."
"G.L. Bajaj College of Pharmacy, Junagadh",Grant Writing,TVS Motor,9,0,offline,False,TULIP,"Assist senior engineers/researchers on grant writing tasks, from requirements to testing and delivery."
"Ideal Institute of Technology, Nashik",Industrial Automation,Tata Steel,8,14535,online,False,General,Work on live projects with the Taneja-Yogi industrial automation team; contribute to sprint deliverables and documentation.
"Dayananda Sagar College of Architecture and Planning, Bhavnagar",Textile Engineering,Reliance Industries,8,10378,offline,True,TULIP,"Support data collection, analysis and reporting for the textile engineering practice at Karpe, Bora and Basak."
"Dayananda Sagar School of Planning and Architecture, Varanasi",etcd,Salesforce India,8,0,offline,True,General,"Assist senior engineers/researchers on etcd tasks, from requirements to testing and delivery."
"Rajalakshmi Institute of Management and Technology, Amravati",Natural Language Processing,Titan Company,7,0,online,False,General,"Support data collection, analysis and reporting for the natural language processing practice at Basu-Patil."
"Government Engineering College, Shimla",DAST,Bajaj Electricals,6,5386,online,True,TULIP,Collaborate across teams on dast initiatives; present findings to stakeholders.
"Matrusri Institute of Engineering and Management, Srinagar",Model Registry,NTPC,8,8528,offline,False,General,"Assist senior engineers/researchers on model registry tasks, from requirements to testing and delivery."
"Sreenidhi College of Engineering, Amravati",Computer Vision in Retail,P&G India,7,0,online,False,General,Collaborate across teams on computer vision in retail initiatives; present findings to stakeholders.
"SRM Engineering College, Karimnagar",VLSI Design,Delhivery,6,11634,offline,False,General,"Support data collection, analysis and reporting for the vlsi design practice at Lalla-Kibe."
"RV School of Management, Haldia",Query Optimization,Adani Green Energy,8,3768,online,False,General,Learn industry workflows in query optimization while supporting day-to-day operations and quality checks.
"Reva Institute of Science and Technology, Jaipur",Smart Shelves,PayPal India,9,0,online,False,General,"Hands-on smart shelves internship: build, test and ship a real feature under a mentor."
"CVR Institute of Applied Arts and Crafts, Tirunelveli",Homomorphic Encryption,Axis Bank,6,0,offline,False,CDAC,"Support data collection, analysis and reporting for the homomorphic encryption practice at Munshi PLC."
"Jain Institute of Science and Technology, Bilaspur",Data Science,Reliance Retail,6,8120,online,False,General,Learn industry workflows in data science while supporting day-to-day operations and quality checks.
"Lendi Institute of Polytechnic Studies, Tirunelveli",Payroll Operations,Capgemini,8,0,online,False,General,"Hands-on payroll operations internship: build, test and ship a real feature under a mentor."
"Government School of Architecture, Ballari",Investment Banking,World Bank India,9,12861,online,False,General,Work on live projects with the Kuruvilla-D’Alia investment banking team; contribute to sprint deliverables and documentation.
"Srinivasa College of Architecture, Thanjavur",Biomedical Engineering,Cure.fit,7,14745,offline,True,General,Work on live projects with the Bumb LLC biomedical engineering team; contribute to sprint deliverables and documentation.
"Sri Indu Pharmacy College, Cuttack",Contrastive Learning,RedBus,9,0,online,False,General,"Work on live projects with the Naidu, Tak and Koshy contrastive learning team; contribute to sprint deliverables and documentation."
"Government Engineering College, Nashik",ETL Pipelines,Tata Consultancy Services,9,9247,online,False,TULIP,"Support data collection, analysis and reporting for the etl pipelines practice at Nadkarni Group."
"Vaagdevi Institute of Science and Technology, Rewa",Hydrogen Economy,Nestle India,9,3688,online,False,General,Collaborate across teams on hydrogen economy initiatives; present findings to stakeholders.
"Dayananda Sagar School of Planning and Architecture, Varanasi",Economic Consulting,Bharat Electronics,6,7240,offline,True,TULIP,"Hands-on economic consulting internship: build, test and ship a real feature under a mentor."
"Symbiosis College of Engineering and Technology, Jabalpur",Biostatistics,IRCTC,8,0,offline,False,Indian Army,"Work on live projects with the Gokhale, Dhar and Atwal biostatistics team; contribute to sprint deliverables and documentation."
"Government Engineering College, Bhavnagar",Differential Privacy,Zoho Corporation,7,11200,offline,False,General,Learn industry workflows in differential privacy while supporting day-to-day operations and quality checks.
"SRM Engineering College, Karimnagar",Robotics,IRCTC,8,14056,hybrid,False,General,Collaborate across teams on robotics initiatives; present findings to stakeholders.
"Government College of Engineering, Kollam",Particle Physics,Vedantu,7,0,offline,False,General,"Support data collection, analysis and reporting for the particle physics practice at Varughese and Sons."
"Symbiosis Institute of Engineering and Management, Rajkot",Ride Hailing,Indian Oil,7,10342,offline,False,Indian Army,Learn industry workflows in ride hailing while supporting day-to-day operations and quality checks.
"Shri College of Applied Arts, New Delhi",Aerodynamics,Hero MotoCorp,9,13764,offline,False,General,"Hands-on aerodynamics internship: build, test and ship a real feature under a mentor."
"Kakatiya Institute of Engineering and Technology, Vijayawada",Computational Chemistry,Adani Group,9,0,offline,False,General,Work on live projects with the Bahri Inc computational chemistry team; contribute to sprint deliverables and documentation.
"PES School of Business Administration, Thrissur",Planetary Science,Rapido,9,5635,offline,False,General,"Assist senior engineers/researchers on planetary science tasks, from requirements to testing and delivery."
"Sreenidhi College of Engineering, Amravati",Error Budgets,H&M India,6,0,offline,False,General,Learn industry workflows in error budgets while supporting day-to-day operations and quality checks.
"Government College of Engineering, Coimbatore",Disk Forensics,Crompton,9,13231,offline,False,General,Work on live projects with the Iyer Group disk forensics team; contribute to sprint deliverables and documentation.
"Vishwakarma Institute of Technology and Science, Jorhat",Mechanical Design,Unacademy,9,0,online,True,General,"Assist senior engineers/researchers on mechanical design tasks, from requirements to testing and delivery."
"Government Institute of Management, Rajkot",Financial Analysis,Cognizant,8,0,offline,False,General,Collaborate across teams on financial analysis initiatives; present findings to stakeholders.
"Government College of Engineering, Thrissur",Internet of Things,TVS Motor,7,0,online,False,CDAC,Learn industry workflows in internet of things while supporting day-to-day operations and quality checks.
"Girijananda Chowdhury College of Engineering, Agra",Genomic Medicine,ABB India,6,4682,online,False,General,Learn industry workflows in genomic medicine while supporting day-to-day operations and quality checks.
"Vignan College of Engineering and Technology, Amritsar",Urban Mobility,PharmEasy,6,3851,offline,False,General,"Assist senior engineers/researchers on urban mobility tasks, from requirements to testing and delivery."
"Matrusri Institute of Management Studies, Kurnool",Elder Care Technology,Accenture,7,4590,offline,False,Indian Army,"Hands-on elder care technology internship: build, test and ship a real feature under a mentor."
"G.L. Bajaj College of Engineering and Technology, Varanasi",Post-quantum Cryptography,Blue Star,9,0,offline,True,General,"Hands-on post-quantum cryptography internship: build, test and ship a real feature under a mentor."
"Sri Sathya Sai Engineering College, Thanjavur",Livelihood Programs,HCL Technologies,8,0,online,False,General,"Assist senior engineers/researchers on livelihood programs tasks, from requirements to testing and delivery."
"Government Institute of Management, Panipat",Secrets Management,ONGC,6,4272,hybrid,False,General,Work on live projects with the Mitter-Swaminathan secrets management team; contribute to sprint deliverables and documentation.
"Sri Sathya Sai College of Engineering and Technology, Bhopal",Industrial Automation,Larsen & Toubro,9,13371,hybrid,False,General,"Assist senior engineers/researchers on industrial automation tasks, from requirements to testing and delivery."
"Amrita Engineering College, Haldia",Data Centre Operations,Maruti Suzuki,7,4128,hybrid,False,General,"Hands-on data centre operations internship: build, test and ship a real feature under a mentor."
"Thiagarajar Business School, Thrissur",Fundraising,ACC Cement,8,7410,hybrid,False,General,Collaborate across teams on fundraising initiatives; present findings to stakeholders.
"Sri Venkateswara Institute of Science and Technology, Haldia",Augmented Reality,HCL Technologies,6,11311,offline,False,General,"Assist senior engineers/researchers on augmented reality tasks, from requirements to testing and delivery."
"Government Engineering College, Nashik",CDN,Maruti Suzuki,9,13626,hybrid,False,General,"Hands-on cdn internship: build, test and ship a real feature under a mentor."
"Vishwakarma Institute of Technology and Science, Jorhat",Structural Analysis,Twitter/X India,7,14897,online,False,General,"Hands-on structural analysis internship: build, test and ship a real feature under a mentor."
"Reva College of Engineering and Technology, Siddipet",Hybrid Cloud,HCL Technologies,6,0,offline,False,General,Learn industry workflows in hybrid cloud while supporting day-to-day operations and quality checks.
"Siddhartha Engineering College, Varanasi",Electrical Engineering,Tata Motors,6,5264,hybrid,False,General,"Support data collection, analysis and reporting for the electrical engineering practice at Ahluwalia, Pillay and Brar."
"Vaagdevi College of Engineering, Karimnagar",Livelihood Programs,L&T Energy,7,7203,online,False,General,"Hands-on livelihood programs internship: build, test and ship a real feature under a mentor."
"Geethanjali Institute of Management Studies, Sagar",Algorithmic Fairness,Vedantu,7,0,hybrid,False,General,Learn industry workflows in algorithmic fairness while supporting day-to-day operations and quality checks.
"Sreenidhi Institute of Engineering and Technology, Sambalpur",Confidential Computing,Paytm,6,7696,offline,False,CDAC,"Assist senior engineers/researchers on confidential computing tasks, from requirements to testing and delivery."
"Galgotias Engineering College, Karimnagar",Corporate Law,TULIP Portal Partner,6,7055,offline,False,General,Collaborate across teams on corporate law initiatives; present findings to stakeholders.
"Jain Institute of Science and Technology, Bilaspur",Fintech Compliance,Honeywell India,8,0,online,False,CDAC,"Support data collection, analysis and reporting for the fintech compliance practice at Boase-Kanda."
"Lokmanya College of Architecture, Hubballi",Low-code Development,Hero MotoCorp,8,13499,offline,False,General,"Assist senior engineers/researchers on low-code development tasks, from requirements to testing and delivery."
"Bharath College of Applied Arts, Nainital",Electrical Engineering,Rapido,8,6585,offline,False,General,"Work on live projects with the Pant, Krish and Doshi electrical engineering team; contribute to sprint deliverables and documentation."
"KLE Engineering College, Vadodara",Cutover Planning,Zomato,8,5918,online,True,General,Collaborate across teams on cutover planning initiatives; present findings to stakeholders.
"Kalasalingam Institute of Technology and Science, Pune",Computer Vision,FedEx India,7,9922,offline,False,General,"Support data collection, analysis and reporting for the computer vision practice at Cherian, Garde and Yadav."
"Kalinga Institute of Management and Technology, Pune",Smart City Projects,H&M India,6,3095,offline,True,General,"Work on live projects with the Tank, Bhattacharyya and Narula smart city projects team; contribute to sprint deliverables and documentation."
"Nitte College of Engineering and Technology, Thrissur",Microbiology,Tata Power,7,13549,offline,False,General,"Hands-on microbiology internship: build, test and ship a real feature under a mentor."
"Guru Nanak College of Engineering and Technology, Bardhaman",OSINT,Cognizant,8,0,online,False,General,"Support data collection, analysis and reporting for the osint practice at Jhaveri-Palla."
"Saveetha College of Engineering and Technology, Allahabad",Personalized Medicine,Tata Motors,8,3533,hybrid,False,General,Learn industry workflows in personalized medicine while supporting day-to-day operations and quality checks.
"Government College of Engineering, Karaikal",Video Editing,Ultratech Cement,6,10372,hybrid,True,General,"Assist senior engineers/researchers on video editing tasks, from requirements to testing and delivery."
"Hindustan Institute of Applied Arts, Karimnagar",Semantic Search,Khadi India,6,14129,hybrid,False,General,Learn industry workflows in semantic search while supporting day-to-day operations and quality checks.
"Government College of Engineering, Siliguri",Architecture Design,ServiceNow India,9,5319,offline,False,General,Collaborate across teams on architecture design initiatives; present findings to stakeholders.
"Vasavi Business School, Madurai",Kubernetes,ServiceNow India,7,0,online,True,General,"Hands-on kubernetes internship: build, test and ship a real feature under a mentor."
"Vels Institute of Engineering and Management, Kolhapur",Network Segmentation,Havells,9,0,offline,False,General,Work on live projects with the Kata LLC network segmentation team; contribute to sprint deliverables and documentation.
"Government Engineering College, Vizianagaram",Fleet Management,Urban Company,8,0,offline,False,General,"Support data collection, analysis and reporting for the fleet management practice at Singhal-Raman."
"Saveetha Institute of Engineering and Technology, Chennai",Resilience Testing,Ola,6,0,online,False,General,"Assist senior engineers/researchers on resilience testing tasks, from requirements to testing and delivery."
"Sreenidhi Institute of Engineering and Management, Bengaluru",Propulsion,Unacademy,8,14521,hybrid,False,TULIP,"Hands-on propulsion internship: build, test and ship a real feature under a mentor."
"Matrusri Engineering College, Jorhat",Border Control,Swiggy,9,0,online,False,General,"Support data collection, analysis and reporting for the border control practice at Apte-Upadhyay."
"Andhra College of Management Studies, Junagadh",Secrets Management,Zomato,7,6383,hybrid,False,General,Learn industry workflows in secrets management while supporting day-to-day operations and quality checks.
"National Institute of Technology, Allahabad",Astrobiology,Nykaa,9,6110,offline,False,General,Collaborate across teams on astrobiology initiatives; present findings to stakeholders.
"Government Institute of Management, Jaipur",Vault,Salesforce India,7,4184,offline,True,General,Work on live projects with the Bhattacharyya-Wali vault team; contribute to sprint deliverables and documentation.
"Nitte Institute of Technology, Siddipet",Behavioural Biometrics,ISRO,8,0,online,False,General,"Hands-on behavioural biometrics internship: build, test and ship a real feature under a mentor."
"D.Y. Patil School of Business Administration, Korba",SAST,Larsen & Toubro,9,0,offline,False,General,"Assist senior engineers/researchers on sast tasks, from requirements to testing and delivery."
"Sathyabama School of Planning and Architecture, Raipur",Astrobiology,Ultratech Cement,7,9520,offline,False,General,Learn industry workflows in astrobiology while supporting day-to-day operations and quality checks.
"Raghu Institute of Management and Technology, Ghaziabad",Molecular Biology,Zomato,8,5290,offline,True,General,Work on live projects with the Karpe Inc molecular biology team; contribute to sprint deliverables and documentation.
"Chaitanya Institute of Polytechnic, Guntur",Ayurveda Research,Urban Company,7,0,offline,False,General,"Support data collection, analysis and reporting for the ayurveda research practice at Khosla Inc."
"Bharath Institute of Pharmaceutical Sciences, Siddipet",Optics,ServiceNow India,7,7627,offline,False,General,"Hands-on optics internship: build, test and ship a real feature under a mentor."
"Lendi Institute of Applied Arts, Berhampur",Smart Grid,Infosys,7,7541,offline,False,General,"Support data collection, analysis and reporting for the smart grid practice at Wali, Palla and Parsa."
"Raghu College of Applied Arts, Junagadh",Dead Letter Queue,Porter,6,9628,online,False,General,Work on live projects with the Yohannan-Singh dead letter queue team; contribute to sprint deliverables and documentation.
"Vasavi Institute of Business Management, Balasore",Audit and Compliance,Kia India,6,0,hybrid,False,TULIP,Work on live projects with the Dutta-Dar audit and compliance team; contribute to sprint deliverables and documentation.
"Government Engineering College, Karimnagar",Columnar Storage,Royal Enfield,6,0,offline,True,General,"Assist senior engineers/researchers on columnar storage tasks, from requirements to testing and delivery."
"Lendi Pharmacy College, Alwar",Welding Technology,Hindustan Aeronautics,9,13945,online,False,General,Learn industry workflows in welding technology while supporting day-to-day operations and quality checks.
"Sardar Institute of Business Management, Kanpur",Account Takeover,Kotak Mahindra Bank,9,0,hybrid,False,Indian Army,Collaborate across teams on account takeover initiatives; present findings to stakeholders.
"Lovely Institute of Engineering and Management, Dimapur",GraphQL,ServiceNow India,9,0,offline,False,General,"Support data collection, analysis and reporting for the graphql practice at Pandey, Krishna and Shenoy."
"Jain College of Pharmacy, Ujjain",International Relations,Ultratech Cement,7,11400,online,True,General,"Hands-on international relations internship: build, test and ship a real feature under a mentor."
"Anurag Institute of Science and Technology, Ranchi",Vehicle Telematics,Freshworks,8,13716,offline,False,General,Work on live projects with the Sha LLC vehicle telematics team; contribute to sprint deliverables and documentation.
"Government College of Pharmacy, Salem",Network Segmentation,Bharti Airtel,9,0,online,False,General,"Hands-on network segmentation internship: build, test and ship a real feature under a mentor."
"Government College of Engineering, Chennai",Sales and Marketing,Oyo,8,13217,online,True,General,"Assist senior engineers/researchers on sales and marketing tasks, from requirements to testing and delivery."
"Anurag Institute of Technology and Science, Aurangabad",Aerodynamics,Razorpay,6,13204,hybrid,False,CDAC,"Assist senior engineers/researchers on aerodynamics tasks, from requirements to testing and delivery."
"Christ Institute of Management Studies, Imphal",CVSS,Kotak Mahindra Bank,8,0,online,False,CDAC,"Hands-on cvss internship: build, test and ship a real feature under a mentor."
"Government Engineering College, Kota",Risk-based Authentication,Axis Bank,8,3461,offline,False,General,Learn industry workflows in risk-based authentication while supporting day-to-day operations and quality checks.
"Karunya Institute of Technology and Science, Coimbatore",Carbon Capture,BYJU'S,6,0,online,False,General,"Assist senior engineers/researchers on carbon capture tasks, from requirements to testing and delivery."
"SRM Institute of Technology, Durgapur",Event Management,Microsoft India,7,11750,online,False,CDAC,Collaborate across teams on event management initiatives; present findings to stakeholders.
"Government Engineering College, Kurnool",Customer Identity,Siemens India,6,8318,offline,False,General,"Hands-on customer identity internship: build, test and ship a real feature under a mentor."
"KLE College of Engineering and Technology, Nashik",Criminology,Hero MotoCorp,6,6507,hybrid,False,General,"Hands-on criminology internship: build, test and ship a real feature under a mentor."
"NMAM Institute of Technology and Science, Mysuru",Vaccination Drives,Razorpay,7,0,online,False,General,"Work on live projects with the Lala, Prabhu and Sama vaccination drives team; contribute to sprint deliverables and documentation."
"Government Engineering College, Bhavnagar",Personalized Medicine,Ashok Leyland,6,0,online,False,General,"Assist senior engineers/researchers on personalized medicine tasks, from requirements to testing and delivery."
"Government Polytechnic, Rourkela",Clinical Trials Management,C-DAC,7,0,offline,False,General,"Assist senior engineers/researchers on clinical trials management tasks, from requirements to testing and delivery."
"Vasavi Business School, Ballari",Metrology,GAIL India,9,0,hybrid,False,General,Learn industry workflows in metrology while supporting day-to-day operations and quality checks.
"Symbiosis Institute of Technology and Science, Pune",Disaster Recovery,Dabur,8,6478,offline,False,Indian Army,"Assist senior engineers/researchers on disaster recovery tasks, from requirements to testing and delivery."
"Government College of Pharmacy, Nagpur",Aerospace Engineering,Tata Consultancy Services,9,12797,offline,False,General,"Hands-on aerospace engineering internship: build, test and ship a real feature under a mentor."
"Sharda School of Business Administration, Nizamabad",HACCP,upGrad,6,14478,hybrid,False,Indian Army,"Assist senior engineers/researchers on haccp tasks, from requirements to testing and delivery."
"Thiagarajar Institute of Technology and Science, Chennai",Vault,Uber India,7,4137,offline,False,General,Work on live projects with the Solanki-Gade vault team; contribute to sprint deliverables and documentation.
"Sri Sathya Sai College of Management Studies, South Delhi",Library Science,Bajaj Finance,7,9201,hybrid,True,General,"Assist senior engineers/researchers on library science tasks, from requirements to testing and delivery."
"Kalinga Engineering College, Nagpur",Caching,BYJU'S,7,3176,offline,False,General,Learn industry workflows in caching while supporting day-to-day operations and quality checks.
"Malla Reddy College of Architecture, Chennai",User Research,Kotak Mahindra Bank,9,0,offline,False,General,Collaborate across teams on user research initiatives; present findings to stakeholders.
"Vasavi Business School, Ballari",Vulnerability Research,LTIMindtree,9,13300,offline,True,General,Collaborate across teams on vulnerability research initiatives; present findings to stakeholders.
"Kalinga Institute of Management and Technology, Pune",Data Protection,Microsoft India,9,6527,online,False,General,"Support data collection, analysis and reporting for the data protection practice at Purohit-Kapur."
"Saveetha College of Engineering and Technology, Ambala",Influencer Marketing,Salesforce India,8,0,offline,False,General,"Assist senior engineers/researchers on influencer marketing tasks, from requirements to testing and delivery."
"Sri Indu Institute of Science and Technology, Anantapur",Schema Migration,Blue Dart,7,3084,offline,False,TULIP,"Hands-on schema migration internship: build, test and ship a real feature under a mentor."
